stamp,source,company,title,terms,location,sponsorship,url
2026-09-13-1324,simplify,Anduril,Software Engineer Intern,Summer 2027,"Boston, MA; Seattle, WA; Newport Beach, CA; Irvine, CA; Reston, VA; Atlanta, GA",Other,https://boards.greenhouse.io/andurilindustries/jobs/5148079007
2026-09-13-1349,jobright,TikTok,Software Engineer Intern (TikTok-Agentic Creation-Effect Platform) - 2027 Summer,,"San Jose, CA, United States",,https://jobright.ai/jobs/info/6a704c3aa605182afe22e82c?utm_campaign=1079&utm_source=git
2026-09-13-1349,jobright,L3Harris Technologies,"Software Engineering Intern (Melbourne, FL)",,"Melbourne, FL, United States",,https://jobright.ai/jobs/info/6aa4cb8e654b2a9424cf1523?utm_campaign=1079&utm_source=git
2026-09-13-1349,jobright,IBM,SW Developer Intern / Enterprise Platform-as-a-Service 2027,,"Durham, NC, United States",,https://jobright.ai/jobs/info/6a9e3bd149f4604c7894df6e?utm_campaign=1079&utm_source=git
2026-09-13-1523,zshah,C.H. Robinson,Software Engineering Internship 2027,Summer 2027,"Eden Prairie, MN United States of America",unknown,https://chrobinson.wd5.myworkdayjobs.com/CHRobinson/job/Eden-Prairie-MN-United-States-of-America/Software-Engineering-Internship-2027_R49323
2026-09-14-1723,simplify,Philips,Data Management Co-op,Fall 2026,"Cleveland, OH",Other,https://philips.wd3.myworkdayjobs.com/jobs-and-careers/job/Orange-OH-Ohio-United-States/Data-Management-Co-op_584478
2026-09-14-1723,simplify,Philips,Software Systems Engineering Co-op - Image Guided Therapy Devices - IVUS Clinical Imaging Software Application,Winter 2027,"Plymouth, MN",Other,https://philips.wd3.myworkdayjobs.com/jobs-and-careers/job/Plymouth-Minnesota-United-States/Intern-Co-op---Software-System-Engineering---Plymouth--MN---Summer-2027_590406
2026-09-14-1723,simplify,Intuit,Software Engineer Intern - Full Stack,Summer 2027,"Charlotte, NC; NYC; Mountain View, CA; Atlanta, GA; San Diego, CA",Other,https://jobs.intuit.com/job/mountain-view/summer-2027-software-engineering-intern-full-stack/27595/99856180864
2026-09-14-1723,simplify,Merchants Bank of Indiana,Business Technology Intern - Application Development,Summer 2027,"Carmel, IN",Other,https://recruiting.paylocity.com/Recruiting/Jobs/Details/4464054
2026-09-14-1723,simplify,Principal Financial Group,Software Engineer Intern - Summer 2027,Summer 2027,"Charlotte, NC",Other,https://careers.principal.com/jobs/52513?icims=1
2026-09-14-1723,simplify,TD Bank,Software Engineer Intern - Global Technology & Solutions,Summer 2027,"Mt Laurel Township, NJ",Other,https://td.wd3.myworkdayjobs.com/TD_Bank_Careers/job/Mount-Laurel-New-Jersey/XMLNAME-2027-Summer-Internship-Program---Global-Technology---Solutions---Software-Engineer--SWE-_R_1510796-1
2026-09-14-1723,simplify,TD Bank,Data Engineer Intern - Global Technology & Solutions,Summer 2027,"Mt Laurel Township, NJ",Other,https://td.wd3.myworkdayjobs.com/TD_Bank_Careers/job/Mount-Laurel-New-Jersey/XMLNAME-2027-Summer-Internship-Program---Global-Technology---Solutions---Data-Engineer_R_1510797
2026-09-14-1723,simplify,Philips,Software Engineer Intern,Summer 2027,"Plymouth, MN",Other,https://philips.wd3.myworkdayjobs.com/jobs-and-careers/job/Plymouth-Minnesota-United-States/Intern---Software-Engineering---Plymouth--MN---Summer-2027_590403
2026-09-14-1723,simplify,Guardian Life,Data Engineering Intern - Digital & Technology,Summer 2027,"Holmdel, NJ; NYC; Bethlehem, PA",Other,https://guardianlife.wd5.myworkdayjobs.com/guardian-life-careers/job/New-York/XMLNAME-2027-Guardian-Summer-Intern--Digital---Technology---Data-Engineering_R000110202
2026-09-14-1723,simplify,Guardian Life,Application Development Intern - Digital & Technology,Summer 2027,"Holmdel, NJ; NYC; Bethlehem, PA",Other,https://guardianlife.wd5.myworkdayjobs.com/guardian-life-careers/job/New-York/XMLNAME-2027-Guardian-Summer-Intern--Digital---Technology---Application-Development_R000110209
2026-09-14-1723,simplify,Guardian Life,Summer Intern - Digital & Technology - AI & Machine Learning,Summer 2027,"Holmdel, NJ; NYC; Bethlehem, PA",Other,https://guardianlife.wd5.myworkdayjobs.com/guardian-life-careers/job/New-York/XMLNAME-2027-Guardian-Summer-Intern--Digital---Technology---AI---Machine-Learning_R000110205
2026-09-14-1723,simplify,URBN,Software Engineer Intern,Summer 2027,"Philadelphia, PA",Other,https://homeoffice-na-urbn.icims.com/jobs/30602/job?mobile=true&needsRedirect=false
2026-09-14-1723,simplify,URBN,Data Science Intern,Summer 2027,"Philadelphia, PA",Other,https://homeoffice-na-urbn.icims.com/jobs/30444/job?mobile=true&needsRedirect=false
2026-09-14-1723,simplify,Principal Financial Group,Data Engineer Intern,Summer 2027,"Des Moines, IA",Other,https://careers.principal.com/jobs/52561?icims=1
2026-09-14-1723,simplify,Principal Financial Group,Data and Analytics Intern - Multiple Teams,Summer 2027,"Des Moines, IA; Remote in USA; Raleigh, NC; Charlotte, NC",Other,https://careers.principal.com/jobs/52574?icims=1
2026-09-14-1723,simplify,Robinhood,Software Engineer Intern - Backend,Summer 2027,"Menlo Park, CA; NYC; Bellevue, WA",Other,https://boards.greenhouse.io/robinhood/jobs/8123225
2026-09-14-1723,simplify,Robinhood,Software Engineer Intern - Web,Summer 2027,"Menlo Park, CA; NYC",Other,https://boards.greenhouse.io/robinhood/jobs/8142963
2026-09-14-1723,simplify,Robinhood,Software Engineer Intern - iOS - Summer 2027,Summer 2027,"Menlo Park, CA; NYC",Other,https://boards.greenhouse.io/robinhood/jobs/8142959
2026-09-14-1723,simplify,Robinhood,Software Engineer Intern - Android - Summer 2027,Summer 2027,"Menlo Park, CA; NYC",Other,https://boards.greenhouse.io/robinhood/jobs/8142961
2026-09-14-1723,simplify,SEP,Software Engineer Intern,Summer 2027,"Westfield, IN",Other,https://jobs.lever.co/sep/4efbdbce-a753-41b5-8ed7-0661cd193178/apply
2026-09-14-1723,simplify,Dell Technologies,Software Engineering Intern,Summer 2027,"Round Rock, TX; Hopkinton, MA",Other,https://iawmqy.fa.ocs.oraclecloud.com/hcmUI/CandidateExperience/en/sites/careers/job/297773
2026-09-14-1723,simplify,State Farm,Software Engineer Intern - Multiple Teams,Summer 2027,"Tempe, AZ; Dunwoody, GA; Richardson, TX; Bloomington, IL",Other,https://jobs.statefarm.com/jobs/45589?icims=1
2026-09-14-1723,simplify,State Farm,Software Engineer Intern - Innovation Group,Summer 2027,"Tempe, AZ; Dunwoody, GA; Richardson, TX; Bloomington, IL",Other,https://jobs.statefarm.com/jobs/45838?icims=1
2026-09-14-1723,simplify,State Farm,Mainframe Software Engineer Intern - Enterprise Technology,Summer 2027,"Tempe, AZ; Dunwoody, GA; Richardson, TX; Bloomington, IL",Other,https://jobs.statefarm.com/jobs/45592?icims=1
2026-09-14-1723,simplify,Oshkosh,Autonomy Engineering Intern - Summer 2027,Summer 2027,"New Hudson, MI",Other,https://oshkoshcorporation.wd5.myworkdayjobs.com/Oshkosh/job/New-Hudson-Michigan-United-States/Autonomy-Intern---Summer-2027_R50320
2026-09-14-1723,simplify,Wells Fargo,Software Engineer Intern - Early Careers - Software Engineering,Summer 2027,"Iselin, Woodbridge Township, NJ; Charlotte, NC; St. Louis, MO; Phoenix, AZ; Chandler, AZ; Irving, TX",Other,https://wd1.myworkdaysite.com/recruiting/wf/WellsFargoJobs/job/CHARLOTTE-NC/XMLNAME-2027-Technology-Summer-Internship---Early-Careers--Software-Engineering-_R-574285
2026-09-14-1723,simplify,Cleveland-Cliffs,Computer Science Engineer Intern,Summer 2027,"Rockport, IN",Other,https://aksteel.wd1.myworkdayjobs.com/careers/job/Rockport-Works/Computer-Science-Engineering-Intern_R13553
2026-09-14-1723,simplify,Oshkosh,Software Engineer Intern,Summer 2027,"Huntersville, NC",Other,https://oshkoshcorporation.wd5.myworkdayjobs.com/Oshkosh/job/Huntersville-North-Carolina-United-States/Software-Engineer-Intern---Summer-2027_R50321
2026-09-14-1723,simplify,CoStar Group,Technology Intern - Multiple Teams,Summer 2027,"Nashville, TN",Other,https://costar.wd1.myworkdayjobs.com/Costar_Campus/job/US-TN-Nashville/Technology-Intern---Nashville--TN--Summer-2027-_R39670
2026-09-14-1723,simplify,CoStar Group,Technology Intern - Summer 2027,Summer 2027,"Richmond, VA",Other,https://costar.wd1.myworkdayjobs.com/Costar_Campus/job/US-VA-Richmond---CoStar-Tower/Technology-Intern---Richmond--VA--Summer-2027-_R39665
2026-09-14-1723,simplify,CoStar Group,Technology Intern,Summer 2027,"Arlington County, Arlington, VA",Other,https://costar.wd1.myworkdayjobs.com/Costar_Campus/job/US-VA-Arlington/Technology-Intern---Arlington--VA--Summer-2027-_R39666
2026-09-14-1723,simplify,Waymo,Software Engineer Intern - BS/MS,Summer 2027,SF,Other,https://careers.withwaymo.com/jobs?gh_jid=8193731
2026-09-14-1723,simplify,FNBO,Technology Intern,Summer 2027,"Omaha, NE",Other,https://firstnational.wd12.myworkdayjobs.com/fnbocareers/job/Omaha---FN-Tower/Summer-2027---Technology-Intern_R-20261653
2026-09-14-1723,simplify,Wells Fargo,Software Engineering Intern - Early Careers - Software Engineering,Summer 2027,"Concord, CA; SF; San Leandro, CA",Other,https://wd1.myworkdaysite.com/recruiting/wf/WellsFargoJobs/job/SAN-FRANCISCO-CA/XMLNAME-2027-Technology-Summer-Internship---Early-Careers--Software-Engineering---California-_R-574294
2026-09-14-1723,simplify,Enact Mortgage Insurance,Software Engineer Intern,Summer 2027,"Raleigh, NC",Other,https://gnw.wd1.myworkdayjobs.com/enact_mi/job/Raleigh-North-Carolina/Software-Engineering-Intern_REQ-260367
2026-09-14-1723,simplify,Genworth Financial,Software Engineer Intern,Summer 2027,"Raleigh, NC",Other,https://gnw.wd1.myworkdayjobs.com/GNW/job/Raleigh-North-Carolina/Software-Engineering-Intern_REQ-260367-1
2026-09-14-1723,simplify,National Life,IT Application Development Intern,Summer 2027,"Montpelier, VT; Addison, TX",Other,https://job-boards.greenhouse.io/nationallifeinsurancecompany/jobs/4402184009
2026-09-14-1723,simplify,Tive,Software Engineer Co-op,Winter 2027; Summer 2027,"Boston, MA",Other,https://ats.rippling.com/tive-careers/jobs/c88ab3d3-a8e7-4639-b95b-d6c9b5290dd0
2026-09-14-1723,simplify,Figma,Software Engineer Intern,Summer 2027,SF; NYC,Other,https://boards.greenhouse.io/figma/jobs/6143238004
2026-09-14-1723,simplify,Google,User Experience Engineer Intern,Summer 2027,"Palo Alto, CA; Cambridge, MA; Madison, WI; Seattle, WA; Washington, DC; SF; Austin, TX; LA; Irvine, CA; San Bruno, CA; Redmond, WA; Santa Cruz, CA; Chicago, IL; Goleta, CA; Pittsburgh, PA; Kirkland, WA; Reston, VA; NYC; Bellevue, WA; Sunnyvale, CA; Mountain View, CA; Portland, OR; Boulder, CO; Atlanta, GA; San Diego, CA",Other,https://www.google.com/about/careers/applications/jobs/results/112499004540887750
2026-09-14-1723,simplify,EquipmentShare,Software Engineer Intern,Summer 2027,"Columbia, MO",Other,https://www.equipmentshare.com/careers/openings/?gh_jid=8188474
2026-09-14-1723,simplify,Baird,Software Developer Intern,Summer 2027,"Madison, WI; Milwaukee, WI",Other,https://baird.wd1.myworkdayjobs.com/careers/job/WI-Milwaukee/Internship---Software-Developer--Year-Round-_R20261024-1
2026-09-14-1723,simplify,GSK,Web App Developer Co-op,Winter 2027,"Cambridge, MA",Other,https://gsk-us-earlytalent.icims.com/jobs/11013/job?mobile=true&needsRedirect=false
2026-09-14-1723,simplify,Lowe's,Software Engineer Intern,Summer 2027,"Charlotte, NC",Other,https://lowes.wd5.myworkdayjobs.com/en-US/LWS_External_CS/job/Lowes-Charlotte-Technology-Hub-3505/Software-Engineer---Undergrad-Internship---Summer-2027_JR-02623576
2026-09-14-1723,simplify,Lowe's,Exploratory Software Engineer Intern,Summer 2027,"Charlotte, NC",Other,https://lowes.wd5.myworkdayjobs.com/en-US/LWS_External_CS/job/Lowes-Charlotte-Technology-Hub-3505/Exploratory-Software-Engineering---Undergrad-Internship---Summer-2027_JR-02623542
2026-09-14-1723,simplify,OpenGov,Software Engineer Intern,Summer 2027,"Boston, MA",Other,https://jobs.ashbyhq.com/opengov/c31622c1-be01-4d4a-b7cf-d116be84cc08/application?embed=true
2026-09-14-1723,simplify,Space Dynamics Laboratory,Web Developer Assistant - Enterprise Application Support Team,,"North Logan, UT",Other,https://spacedynamicslaboratory.applytojob.com/apply/nWr4gII3yE/Student-Web-Developer-Assistant
2026-09-14-1723,simplify,Pace,Member of Technical Staff Intern,Summer 2027,NYC,Other,https://jobs.ashbyhq.com/withpace/9acdae91-3834-4c08-8579-fd14ff40a76b/application?embed=true
2026-09-14-1723,simplify,Intuit,Software Engineer Intern - Cybersecurity,Summer 2027,"Mountain View, CA",Other,https://jobs.intuit.com/job/mountain-view/summer-2027-software-engineering-intern-cybersecurity/27595/100620927616
2026-09-14-1723,simplify,Intuit,Mobile Software Engineer Intern - iOS,Summer 2027,"Charlotte, NC; NYC; Mountain View, CA; Atlanta, GA; San Diego, CA",Other,https://jobs.intuit.com/job/mountain-view/summer-2027-mobile-software-engineering-intern-ios/27595/100620927568
2026-09-14-1723,simplify,North Atlantic Industries,Full Stack Software Engineer Intern - Summer 2027,Summer 2027,"Bohemia, NY",Other,https://recruiting.paylocity.com/Recruiting/Jobs/Details/4501054
2026-09-14-1723,simplify,Intuit,AI Scientist Intern,Summer 2027,"NYC; Mountain View, CA; Atlanta, GA; San Diego, CA",Other,https://jobs.intuit.com/job/mountain-view/summer-2027-ai-science-intern/27595/100620927536
2026-09-14-1723,simplify,Intuit,Mobile Software Engineer Intern - Android,Summer 2027,"Charlotte, NC; NYC; Mountain View, CA; Atlanta, GA; San Diego, CA",Other,https://jobs.intuit.com/job/mountain-view/summer-2027-mobile-software-engineering-intern-android/27595/100620927552
2026-09-14-1723,simplify,Wex,Full-Stack Software Engineer Intern - Undergraduate,Summer 2027,Remote in USA,Other,https://wexinc.wd5.myworkdayjobs.com/en-US/WEXInc/job/US---Remote/Backend-Software-Engineer-Intern--Undergraduate-_R22593
2026-09-14-1723,simplify,Wex,Backend Software Engineer Intern - Cloud Security & AI - Undergraduate,Summer 2027,Remote in USA,Other,https://wexinc.wd5.myworkdayjobs.com/en-US/WEXInc/job/US---Remote/Backend-Software-Engineer-Intern---C---Cloud-Security---AI--Undergraduate-_R22589
2026-09-14-1723,zshah,OpenGov,"Intern, Software Engineer",Summer 2027,US | Massachusetts | Boston,unknown,https://jobs.ashbyhq.com/opengov/c31622c1-be01-4d4a-b7cf-d116be84cc08
2026-09-14-1723,zshah,AtkinsRéalis,Data Scientist Intern - Summer 2027,Summer 2027,US.AZ.Tempe,unknown,https://slihrms.wd3.myworkdayjobs.com/careers/job/USAZTempe/Data-Scientist-Intern---Summer-2027_R-161183-1
2026-09-14-1723,zshah,Figma,Data Science Intern (2027),Summer 2027,"San Francisco, CA • New York, NY",unknown,https://boards.greenhouse.io/figma/jobs/6178857004?gh_jid=6178857004
2026-09-14-1723,zshah,Figma,Software Engineer Intern (Summer 2027),Summer 2027,"San Francisco, CA • New York, NY",unknown,https://boards.greenhouse.io/figma/jobs/6143238004?gh_jid=6143238004
2026-09-14-1723,zshah,Oshkosh,Robotic Programming/Welding Intern (Summer 2027),Summer 2027,"McConnellsburg, Pennsylvania, United States",unknown,https://oshkoshcorporation.wd5.myworkdayjobs.com/Oshkosh/job/McConnellsburg-Pennsylvania-United-States/Robotic-Programming-Welding-Intern--Summer-2027-_R49598
2026-09-14-1723,zshah,Saab,Software Engineer Co-Op (Summer 2027),Summer 2027,"East Syracuse, NY (Collamer)",citizens-only,https://saabusa.wd1.myworkdayjobs.com/saab_careers/job/East-Syracuse-NY-Collamer/Software-Engineer-Co-Op--Summer-2027-_R-03264-1
2026-09-14-1723,zshah,Tencent,Cyber Security Engineer Intern,,US-California-Palo Alto,unknown,https://tencent.wd1.myworkdayjobs.com/Tencent_Careers/job/US-California-Palo-Alto/Cyber-Security-Engineer-Intern_R108141-2
2026-09-14-1723,zshah,Wex,Fullstack Software Engineer Intern (Undergraduate),,US - Remote,unknown,https://wexinc.wd5.myworkdayjobs.com/WEXInc/job/US---Remote/Backend-Software-Engineer-Intern--Undergraduate-_R22593
2026-09-14-1723,zshah,Wex,DevOps & Backend Software Engineer Intern (Undergraduate),,US - Remote,unknown,https://wexinc.wd5.myworkdayjobs.com/WEXInc/job/US---Remote/DevOps---Backend-Software-Engineer-Intern--Undergraduate-_R22584
2026-09-14-1723,zshah,Wex,"Backend Software Engineer Intern - C#, Cloud Security & AI (Undergraduate)",,US - Remote,unknown,https://wexinc.wd5.myworkdayjobs.com/WEXInc/job/US---Remote/Backend-Software-Engineer-Intern---C---Cloud-Security---AI--Undergraduate-_R22589
2026-09-14-1723,zshah,Base Power,Software Engineering Intern,,"Austin, TX",unknown,https://jobs.ashbyhq.com/base-power/5353ea33-57d4-46fa-9a96-e392a3f841bc
2026-09-14-1723,zshah,AI Intern to the CEO,Engineering Intern - Software (SWE)/Machine Learning (ML),,"Boston, Massachusetts",unknown,https://jobs.ashbyhq.com/cyvl/8bfc4116-b0bb-47f8-bca1-7069a37db328
2026-09-14-1723,zshah,Robinhood,"Software Engineering Intern, Backend (Summer 2027)",Summer 2027,"Bellevue, WA; Menlo Park, CA; New York, NY",unknown,https://boards.greenhouse.io/robinhood/jobs/8123225?t=gh_src=&gh_jid=8123225
2026-09-14-1723,zshah,Robinhood,"Software Engineering Intern, iOS (Summer 2027)",Summer 2027,"Menlo Park, CA; New York, NY",unknown,https://boards.greenhouse.io/robinhood/jobs/8142959?t=gh_src=&gh_jid=8142959
2026-09-14-1723,zshah,Robinhood,"Software Engineering Intern, Android (Summer 2027)",Summer 2027,"Menlo Park, CA; New York, NY",unknown,https://boards.greenhouse.io/robinhood/jobs/8142961?t=gh_src=&gh_jid=8142961
2026-09-14-1723,zshah,Robinhood,"Software Engineering Intern, Web (Summer 2027)",Summer 2027,"Menlo Park, CA; New York, NY",unknown,https://boards.greenhouse.io/robinhood/jobs/8142963?t=gh_src=&gh_jid=8142963
2026-09-14-1723,zshah,Waymo,"2027 Summer Intern, BS/MS, Software Engineer",Summer 2027,"San Francisco, California",unknown,https://careers.withwaymo.com/jobs?gh_jid=8193731
2026-09-14-1723,zshah,CoStar Group,"Security Engineer Intern - Arlington, VA",Summer 2027,US-VA Arlington,no-sponsorship,https://costar.wd1.myworkdayjobs.com/Costar_Campus/job/US-VA-Arlington/Security-Engineer-Intern---Arlington--VA_R39727
2026-09-14-1723,zshah,CoStar Group,"Security Engineer Intern - Richmond, VA",Summer 2027,US-VA Richmond,no-sponsorship,https://costar.wd1.myworkdayjobs.com/Costar_Campus/job/US-VA-Richmond/Security-Engineer-Intern---Richmond--VA_R39726
2026-09-14-1723,zshah,Genworth Financial,Software Engineering Intern,Summer 2027,"Raleigh, North Carolina",unknown,https://gnw.wd1.myworkdayjobs.com/GNW/job/Raleigh-North-Carolina/Software-Engineering-Intern_REQ-260367-1
2026-09-14-1723,zshah,Micron Technology,Intern - IT Software Engineer,,"Boise, ID - Main Site",unknown,https://micron.wd1.myworkdayjobs.com/External/job/Boise-ID---Main-Site/Intern---IT-Software-Engineer_JR111582
2026-09-14-1723,zshah,Oshkosh,Software Engineer Intern - Summer 2027,Summer 2027,"Huntersville, North Carolina, United States",unknown,https://oshkoshcorporation.wd5.myworkdayjobs.com/Oshkosh/job/Huntersville-North-Carolina-United-States/Software-Engineer-Intern---Summer-2027_R50321
2026-09-14-1723,zshah,Viavi Solutions,Software Engineering Co-Op,,"Germantown, MD USA",unknown,https://viavisolutions.wd1.myworkdayjobs.com/careers/job/Germantown-MD-USA/Software-Engineering-Co-Op_260005140-1
2026-09-14-1723,zshah,Acron Aviation,Software Engineer Intern - Phoenix Site,,"Phoenix, AZ",unknown,https://jobs.lever.co/acronaviation/34cf5ad0-840a-4c1b-8231-02a433d0479e
2026-09-14-1723,zshah,Philips,"Intern – Software Engineering – Plymouth, MN – Summer 2027",Summer 2027,"Plymouth, Minnesota, United States",unknown,https://philips.wd3.myworkdayjobs.com/jobs-and-careers/job/Plymouth-Minnesota-United-States/Intern---Software-Engineering---Plymouth--MN---Summer-2027_590403
2026-09-14-1723,zshah,TD Bank,2027 Summer Internship Program - Global Technology & Solutions - Cloud/DevOps,Summer 2027,"Mount Laurel, New Jersey",unknown,https://td.wd3.myworkdayjobs.com/TD_Bank_Careers/job/Mount-Laurel-New-Jersey/XMLNAME-2027-Summer-Internship-Program---Global-Technology---Solutions---Cloud-DevOps_R_1510799
2026-09-14-1723,zshah,TD Bank,2027 Summer Internship Program - Global Technology & Solutions - Cyber Security,Summer 2027,"Mount Laurel, New Jersey",unknown,https://td.wd3.myworkdayjobs.com/TD_Bank_Careers/job/Mount-Laurel-New-Jersey/XMLNAME-2027-Summer-Internship-Program---Global-Technology---Solutions---Cyber-Security_R_1510795
2026-09-14-1723,zshah,TD Bank,2027 Summer Internship Program - Global Technology & Solutions - Data Engineer,Summer 2027,"Mount Laurel, New Jersey",unknown,https://td.wd3.myworkdayjobs.com/TD_Bank_Careers/job/Mount-Laurel-New-Jersey/XMLNAME-2027-Summer-Internship-Program---Global-Technology---Solutions---Data-Engineer_R_1510797
2026-09-14-1723,zshah,TD Bank,2027 Summer Internship Program - Global Technology & Solutions - Software Engineer (SWE),Summer 2027,"Mount Laurel, New Jersey",unknown,https://td.wd3.myworkdayjobs.com/TD_Bank_Careers/job/Mount-Laurel-New-Jersey/XMLNAME-2027-Summer-Internship-Program---Global-Technology---Solutions---Software-Engineer--SWE-_R_1510796-1
2026-09-14-1723,zshah,Autostore,Co-Op/Intern - Software Engineering,,"Atlanta, GA, USA",unknown,https://autostore.wd3.myworkdayjobs.com/autostore/job/Atlanta-GA-USA/Co-Op---Software-Engineering_JR102692
2026-09-14-1723,zshah,SEP,"Software Engineering Intern (Summer 2027, In person)",Summer 2027,"Westfield, IN",no-sponsorship,https://jobs.lever.co/sep/4efbdbce-a753-41b5-8ed7-0661cd193178
2026-09-14-1723,zshah,Avav,Software Engineering Intern,,"Centreville, VA",citizens-only,https://avav.wd1.myworkdayjobs.com/avav/job/Centreville-VA/Software-Engineering-Intern_8593
2026-09-14-1723,zshah,Avav,Summer 2027 Embedded Software Engineering Intern,Summer 2027,"Simi Valley, CA",unknown,https://avav.wd1.myworkdayjobs.com/avav/job/Simi-Valley-CA/Summer-2027-Embedded-Software-Engineering-Intern_8549
2026-09-14-1723,zshah,Gilead Sciences,Intern - Development - DevOps Business Strategy,,United States - California - Foster City,no-sponsorship,https://gilead.wd1.myworkdayjobs.com/gileadcareers/job/United-States---California---Foster-City/Intern---Development---DevOps-Business-Strategy-Leader_R0054772
2026-09-14-1723,zshah,CNA Insurance,Technology Internship Program (Software Engineering),,"Chicago, IL, USA",no-sponsorship,https://cna.wd1.myworkdayjobs.com/CNA_Careers/job/Chicago-IL-USA/Technology-Internship-Program--Software-Engineering-_R-8107
2026-09-14-1723,zshah,Pony.ai,Software Engineer Intern - Generalist,,"Fremont, California, United States",unknown,https://apply.workable.com/pony-dot-ai/j/BA5FFDBC71/
2026-09-14-1723,jobright,GSK,Winter Co-op/Web App Developer,,"Cambridge, MA, United States",,https://jobright.ai/jobs/info/6aa85608930bff471a2a6961?utm_campaign=1079&utm_source=git
2026-09-14-1723,jobright,National Life Group,IT Application Development Intern (Inforce) – Summer 2027,,"Addison, TX, United States",,https://jobright.ai/jobs/info/6aa852bf2ed333b4ea5ce9de?utm_campaign=1079&utm_source=git
2026-09-14-1723,jobright,Veryable,Platform Engineer Intern,,"Dallas, TX, United States",,https://jobright.ai/jobs/info/6a432cbdb0f2553559ece38b?utm_campaign=1079&utm_source=git
2026-09-14-1723,jobright,Workshop,Software Engineer Intern (Summer 2027),,"Omaha, NE, United States",,https://jobright.ai/jobs/info/6aa8508f3a9f0a4fe6f18798?utm_campaign=1079&utm_source=git
2026-09-14-1723,jobright,AFP Cuprum,"Software Engineer Internship - Charlotte, NC (Summer 2027)",,"Charlotte, NC, United States",,https://jobright.ai/jobs/info/6aa84d9c82e82a31997c5089?utm_campaign=1079&utm_source=git
2026-09-14-1723,jobright,Kognitos,Software Engineer Intern (AI-Native) — Fall 2026,,"San Jose, CA, United States",,https://jobright.ai/jobs/info/6a8f4d8ea10ee661e24d7862?utm_campaign=1079&utm_source=git
2026-09-14-1723,jobright,Tilde Research,Kernel Engineer (Internship and Full-time),,"San Francisco, CA, United States",,https://jobright.ai/jobs/info/6a55b69105c65f7c8f4c65a2?utm_campaign=1079&utm_source=git
2026-09-14-1723,jobright,Docugami,Software Engineering Intern,,Seattle-area,,https://jobright.ai/jobs/info/6a076166a203b1052e439eca?utm_campaign=1079&utm_source=git
2026-09-14-1723,jobright,Base Power Company,Firmware Engineering Intern,,"Austin, TX, United States",,https://jobright.ai/jobs/info/6aa8349b82e82a31997c46e5?utm_campaign=1079&utm_source=git
2026-09-14-1723,jobright,United Wholesale Mortgage,2027 Technology Summer Internship Program,,"Pontiac, MI, United States",,https://jobright.ai/jobs/info/6aa802d4930bff471a2a49d6?utm_campaign=1079&utm_source=git
2026-09-14-1723,jobright,TikTok,Software Engineer Intern (Ads Infrastructure) - 2027 Summer,,"San Jose, CA, United States",,https://jobright.ai/jobs/info/6a701a2fc56c0956e8adda60?utm_campaign=1079&utm_source=git
2026-09-14-1723,jobright,Principal Financial Group,"Software Engineer Internship - Des Moines, IA (Summer 2027)",,"Des Moines, IA, United States",,https://jobright.ai/jobs/info/6aa7fdcda77a53f5a15769e6?utm_campaign=1079&utm_source=git
2026-09-14-1723,jobright,Aquatic Capital Management,"Software Engineer, Intern (Summer 2027)",,"Chicago, IL, United States",,https://jobright.ai/jobs/info/6a3f4c6778237a036d5e6df5?utm_campaign=1079&utm_source=git
2026-09-14-1723,jobright,Cleveland-Cliffs,Computer Science Engineering Intern,,"Rockport, TX, United States",,https://jobright.ai/jobs/info/6aa80086930bff471a2a4929?utm_campaign=1079&utm_source=git
2026-09-14-1723,jobright,Principal Financial Group,"Technical Engineer Internship - Des Moines, IA (Summer 2027)",,"Des Moines, IA, United States",,https://jobright.ai/jobs/info/6aa7fdcd3a9f0a4fe6f1685a?utm_campaign=1079&utm_source=git
2026-09-14-1723,jobright,"Kwik Trip, Inc.",Software Developer Intern,,"La Crosse, WI, United States",,https://jobright.ai/jobs/info/6aa49191f7baf881567cf315?utm_campaign=1079&utm_source=git
2026-09-14-1723,jobright,TTM Technologies,Software Engineering Internship,,"Farmingdale, NY, United States",,https://jobright.ai/jobs/info/6aa8354e82e82a31997c470e?utm_campaign=1079&utm_source=git
2026-09-14-1723,jobright,Anthropologie Weddings,URBN Retail Technology Intern,,"Philadelphia, PA, United States",,https://jobright.ai/jobs/info/6aa80c742ed333b4ea5ccefe?utm_campaign=1079&utm_source=git
2026-09-14-1723,jobright,Clark Associates,Platform Internship (Summer 2027),,"Lititz, PA, United States",,https://jobright.ai/jobs/info/6aa8286e654b2a9424cfb12b?utm_campaign=1079&utm_source=git
2026-09-14-1723,jobright,EquipmentShare,Intern: Software Engineer,,"Columbia, MO, United States",,https://jobright.ai/jobs/info/6aa82576654b2a9424cfafbd?utm_campaign=1079&utm_source=git
2026-09-14-1723,jobright,North Atlantic Industries,Intern - Full Stack Software Engineer (Summer 2027),,"Bohemia, NY, United States",,https://jobright.ai/jobs/info/6aa811b23a9f0a4fe6f16fbb?utm_campaign=1079&utm_source=git
2026-09-14-1723,jobright,Enact Mortgage Insurance,Software Engineering Intern,,"Raleigh, NC, United States",,https://jobright.ai/jobs/info/6aa823972ed333b4ea5cd818?utm_campaign=1079&utm_source=git
2026-09-14-1723,jobright,CIBC US,2027 Summer Intern - Software Engineering,,"Chicago, IL, United States",,https://jobright.ai/jobs/info/6aa82280a77a53f5a157778b?utm_campaign=1079&utm_source=git
2026-09-14-1723,jobright,BAE Systems,"Software Developer Intern III, Summer 2027 (Onsite)",,"Rome, NY, United States",,https://jobright.ai/jobs/info/6aa82233654b2a9424cfad7d?utm_campaign=1079&utm_source=git
2026-09-14-1723,jobright,Dell Technologies,ISG Software Engineering Undergrad Internship,,"Round Rock, TX, United States",,https://jobright.ai/jobs/info/6aa81edf654b2a9424cfabbd?utm_campaign=1079&utm_source=git
2026-09-14-1723,jobright,Base Power Company,Software Engineering Intern,,"Austin, TX, United States",,https://jobright.ai/jobs/info/6aa81e5c82e82a31997c3d6a?utm_campaign=1079&utm_source=git
2026-09-14-1723,jobright,"REDLattice, Inc.",Summer 2027 Cybersecurity Internship (Software Development),,"Melbourne, FL, United States",,https://jobright.ai/jobs/info/6aa81d6d2ed333b4ea5cd3bb?utm_campaign=1079&utm_source=git
2026-09-14-1723,jobright,Genworth,Software Engineering Intern,,"Raleigh, NC, United States",,https://jobright.ai/jobs/info/6aa81d43930bff471a2a5282?utm_campaign=1079&utm_source=git
2026-09-14-1723,jobright,BWXT,Intern - IT .NET Developer (Summer 2027),,"Lynchburg, VA, United States",,https://jobright.ai/jobs/info/6aa81d2d82e82a31997c3c79?utm_campaign=1079&utm_source=git
2026-09-14-1723,jobright,Principal,"Technical Engineer Internship - Des Moines, IA (Summer 2027)",,"Des Moines, IA, United States",,https://jobright.ai/jobs/info/6aa80b25930bff471a2a4d78?utm_campaign=1079&utm_source=git
2026-09-14-1723,jobright,Bitplaza,Software Engineer Intern,,"Brooklyn, NY, United States",,https://jobright.ai/jobs/info/6aa7fd1c2ed333b4ea5cc96a?utm_campaign=1079&utm_source=git
2026-09-14-1723,jobright,CACI International Inc,Cleared Software Engineer Intern - Summer 2027,,"Denver, CO, United States",,https://jobright.ai/jobs/info/6aa8079b654b2a9424cfa37f?utm_campaign=1079&utm_source=git
2026-09-14-1723,jobright,Leonardo DRS,Summer 2027 Software Engineering Intern,,"Beavercreek, OH, United States",,https://jobright.ai/jobs/info/6aa805b782e82a31997c3402?utm_campaign=1079&utm_source=git
2026-09-14-1723,jobright,Google,"User Experience Engineer Intern, BS/MS, Summer 2027",,"Mountain View, CA, United States",,https://jobright.ai/jobs/info/6aa805113a9f0a4fe6f169fe?utm_campaign=1079&utm_source=git
2026-09-14-1723,jobright,CUBRC,Software Engineer Intern,,"Buffalo, NY, United States",,https://jobright.ai/jobs/info/6aa84af93a9f0a4fe6f18611?utm_campaign=1079&utm_source=git
2026-09-14-1723,jobright,State Farm,Summer 2027 Intern - Enterprise Technology - Mainframe Software Engineer,,"Bloomington, IL, United States",,https://jobright.ai/jobs/info/6aa7d036930bff471a2a4080?utm_campaign=1079&utm_source=git
2026-09-14-1723,jobright,Principal Global Services,"Software Engineer Internship - Des Moines, IA (Summer 2027)",,"Des Moines, IA, United States",,https://jobright.ai/jobs/info/6aa7fa61a77a53f5a1576972?utm_campaign=1079&utm_source=git
2026-09-14-1823,simplify,Awardco,Back-End Software Engineer Intern,Summer 2027,"Lindon, UT",Other,https://award.co/position?gh_jid=4322220004
2026-09-14-1823,simplify,Awardco,Front-End Software Engineer Intern,Summer 2027,"Lindon, UT",Other,https://award.co/position?gh_jid=4136562004
2026-09-14-1823,simplify,Highgate,Data Services Intern - Summer 2027,Summer 2027,"Irving, TX",Other,https://externalhourly-highgate.icims.com/jobs/82546/job?hub=7&mobile=true&needsRedirect=false
2026-09-14-1823,simplify,Xcel Energy,AI and Analytics Intern,Summer 2027,"Minneapolis, MN; Denver, CO",Other,https://xcelenergy.wd1.myworkdayjobs.com/External/job/Minneapolis-MN-55401/AI-and-Analytics-Intern-MN--CO_JR115877-1
2026-09-14-1823,simplify,Workshop,Software Engineer Intern,Summer 2027,"Omaha, NE",Other,https://job-boards.greenhouse.io/workshop/jobs/5237900007
2026-09-14-1823,simplify,Ernst & Young,Data Engineer Intern - Multiple Teams,Summer 2027,"Chicago, IL; NYC",Other,https://eyglobal.yello.co/jobs/nuM1c7MBNjknCC8oSMvZMg?job_board_id=c1riT--B2O-KySgYWsZO1Q
2026-09-14-1823,simplify,Waymo,Software Engineering Intern - Commercialization,Summer 2027,"SF; Mountain View, CA",Other,https://careers.withwaymo.com/jobs?gh_jid=8198218
2026-09-14-1823,simplify,ibotta,Data Engineer Intern,Summer 2027,"Denver, CO",Other,https://jobs.ashbyhq.com/ibotta/666cac72-9e06-46ee-aea0-576f766338b2/application?embed=true
2026-09-14-1823,jobright,Waymo,"2027 Summer Intern, BS/MS, Software Engineering, Commercialization",,"Mountain View, CA, United States",,https://jobright.ai/jobs/info/6aa867fe3a9f0a4fe6f19258?utm_campaign=1079&utm_source=git
2026-09-14-1823,jobright,Principal Chile,"Software Engineer Internship - Des Moines, IA (Summer 2027)",,"Des Moines, IA, United States",,https://jobright.ai/jobs/info/6aa86642930bff471a2a71c8?utm_campaign=1079&utm_source=git
2026-09-14-1823,jobright,Awardco,Software Test Engineer Intern,,"Lindon, UT, United States",,https://jobright.ai/jobs/info/6aa865cb930bff471a2a71a5?utm_campaign=1079&utm_source=git
2026-09-14-1823,jobright,Wabtec Corporation,Firmware Engineering Co-Op (January-June 2027),,"Waltham, MA, United States",,https://jobright.ai/jobs/info/6aa86556930bff471a2a7172?utm_campaign=1079&utm_source=git
2026-09-14-1823,jobright,Avionyx,Intern Software Engineer,,"San Jose, CA, United States",,https://jobright.ai/jobs/info/6a70e0dc71acd469eeda0471?utm_campaign=1079&utm_source=git
2026-09-14-1823,jobright,Clark National Accounts,Platform Internship (Summer 2027),,"Alaska, United States",,https://jobright.ai/jobs/info/6aa8600b2ed333b4ea5cf196?utm_campaign=1079&utm_source=git
2026-09-14-1823,jobright,OpenGov Inc.,"Intern, Software Engineer",,"Boston, MA, United States",,https://jobright.ai/jobs/info/6aa85ec13a9f0a4fe6f18e9f?utm_campaign=1079&utm_source=git
2026-09-14-1823,jobright,Lynco Products,Front End Development Intern - Spring or Summer 2027,,"Milan, IL, United States",,https://jobright.ai/jobs/info/6aa85d7e82e82a31997c5771?utm_campaign=1079&utm_source=git
2026-09-14-1823,jobright,BAE Systems,"Software Engineering Intern (On-Site), Winter 2026",,"Rome, New York, United States",,https://jobright.ai/jobs/info/6aa85a4c654b2a9424cfc36e?utm_campaign=1079&utm_source=git
2026-09-14-1823,jobright,FNBO,Summer 2027 - Technology Intern,,"Omaha Metropolitan Area, United States",,https://jobright.ai/jobs/info/6aa85a27a77a53f5a1578d96?utm_campaign=1079&utm_source=git
2026-09-14-1823,jobright,Compeer Financial,Intern Infrastructure Engineering,,"Lakeville, MN, United States",,https://jobright.ai/jobs/info/6aa49857f7baf881567cf597?utm_campaign=1079&utm_source=git
2026-09-14-1823,jobright,Prescient Edge,Junior Software Developer Intern,,"McLean, VA, United States",,https://jobright.ai/jobs/info/6a9ad00ed5ff1f3f1c39b53b?utm_campaign=1079&utm_source=git
2026-09-14-1823,jobright,Stirista,Software Engineering/PMO Intern,,"San Antonio, TX, United States",,https://jobright.ai/jobs/info/6aa8595ca77a53f5a1578d17?utm_campaign=1079&utm_source=git
2026-09-14-1924,zshah,DoorDash,"Software Engineer, Intern (Summer 2027) - US",Summer 2027,"New York, NY; San Francisco, CA; Sunnyvale, CA; Los Angeles, CA; Seattle, WA",unknown,https://job-boards.greenhouse.io/doordashusa/jobs/8171041
2026-09-14-1924,zshah,LabCorp,Intern - Software Developer,Summer 2027; Winter 2027,Durham NC,no-sponsorship,https://labcorp.wd1.myworkdayjobs.com/external/job/Durham-NC/Intern---Software-Developer_2632330
2026-09-14-1924,zshah,Wex,DevOps & AI Engineering Intern (Undergraduate),,US - Remote,unknown,https://wexinc.wd5.myworkdayjobs.com/WEXInc/job/US---Remote/DevOps---AI-Engineering-Intern--Undergraduate-_R23056
2026-09-14-1924,zshah,Wex,AI & Data Platform Engineering Intern (Undergraduate),,US - Remote,unknown,https://wexinc.wd5.myworkdayjobs.com/WEXInc/job/US---Remote/AI---Data-Platform-Engineering-Intern--Undergraduate-_R23055
2026-09-14-1924,zshah,SharkNinja,Fall 2026: AI/Sharks Applied AI & Analytics Co-op (August to December),Fall 2026,"Miami, Florida, United States; Needham, MA, United States; New York, New York, United States",unknown,https://job-boards.greenhouse.io/sharkninjaoperatingllc/jobs/4669676006
2026-09-14-1924,jobright,Liberty Mutual Insurance,2027 TechStart Summer Internship Program,,"Portsmouth, NH, United States",,https://jobright.ai/jobs/info/6aa7f4c5654b2a9424cf9f00?utm_campaign=1079&utm_source=git
2026-09-14-1924,jobright,IBM,Back End Developer Intern 2027,,"Poughkeepsie, NY, United States",,https://jobright.ai/jobs/info/6aa874bf3a9f0a4fe6f196bb?utm_campaign=1079&utm_source=git
2026-09-14-1924,jobright,TikTok,Software Engineer Intern (TikTok AI Search & Visual Search Infra Team) - 2027 Summer,,"San Jose, CA, United States",,https://jobright.ai/jobs/info/6a88ee4725fc4e7ae3db2e8c?utm_campaign=1079&utm_source=git
2026-09-14-1924,jobright,PressW,Internship,,"Austin, TX, United States",,https://jobright.ai/jobs/info/6aa873f682e82a31997c6072?utm_campaign=1079&utm_source=git
2026-09-14-1924,jobright,Dow Jones,Summer 2027 Internship Program – Software Engineering Intern,,"New York, NY, United States",,https://jobright.ai/jobs/info/6aa870e12ed333b4ea5cf7bb?utm_campaign=1079&utm_source=git
2026-09-14-1924,jobright,Intuit,Summer 2027: Software Engineering Intern - Cybersecurity,,"Mountain View, CA, United States",,https://jobright.ai/jobs/info/6aa8278582e82a31997c4305?utm_campaign=1079&utm_source=git
2026-09-14-1924,jobright,General Dynamics Mission Systems,Intern Engineer - (Co-Op),,"Fort Wayne, IN, United States",,https://jobright.ai/jobs/info/6aa86dada77a53f5a1579604?utm_campaign=1079&utm_source=git
2026-09-14-1924,jobright,Intuit,Summer 2027: Mobile Software Engineering Intern - iOS,,"Mountain View, CA, United States",,https://jobright.ai/jobs/info/6aa827663a9f0a4fe6f179be?utm_campaign=1079&utm_source=git
2026-09-14-2024,jobright,Elevated Web Design,FullStack Software Engineering Internship,,United States,,https://jobright.ai/jobs/info/6aa88726654b2a9424cfd462?utm_campaign=1079&utm_source=git
2026-09-14-2024,jobright,RS Medical,IT Programming Intern,,"Vancouver, WA, United States",,https://jobright.ai/jobs/info/6aa886a6654b2a9424cfd44a?utm_campaign=1079&utm_source=git
2026-09-14-2024,jobright,Principal México,"Technical Engineer Internship - Des Moines, IA (Summer 2027)",,"Des Moines, IA, United States",,https://jobright.ai/jobs/info/6aa8848182e82a31997c65ca?utm_campaign=1079&utm_source=git
2026-09-14-2024,jobright,PROMOFLIX.AI,Quality Assurance (QA) & Systems Testing Intern,,United States,,https://jobright.ai/jobs/info/6aa87a8c2ed333b4ea5cfc2b?utm_campaign=1079&utm_source=git
2026-09-14-2024,jobright,RS Medical,IT Programming Intern I,,"Vancouver, WA, United States",,https://jobright.ai/jobs/info/6aa88627a77a53f5a1579ead?utm_campaign=1079&utm_source=git
2026-09-14-2123,simplify,SharkNinja,Applied AI & Analytics Co-op,Fall 2026,"Miami, FL",Other,https://job-boards.greenhouse.io/sharkninjaoperatingllc/jobs/4669676006
2026-09-14-2123,simplify,Microsoft,AI Software Engineer Intern,Fall 2026,"Redmond, WA; Mountain View, CA",Other,https://apply.careers.microsoft.com/careers/job/1970393556962891
2026-09-14-2123,simplify,DoorDash,Software Engineer Intern - Summer 2027,Summer 2027,"Seattle, WA; SF; LA; NYC; Sunnyvale, CA",Other,https://job-boards.greenhouse.io/doordashusa/jobs/8171041
2026-09-14-2123,simplify,Superhuman,Software Engineer Intern - Summer 2027,Summer 2027,"Seattle, WA; SF; NYC",Other,https://jobs.ashbyhq.com/Superhuman%20Platform%20Inc/e6b917b1-325a-47d0-b267-b279b0efdad0/application?embed=true
2026-09-14-2123,simplify,Tesla,Internship - Software Integration Engineer - Factory Firmware Team - Winter/Spring 2027,Winter 2027; Spring 2027,"Palo Alto, CA",Other,https://www.tesla.com/careers/search/job/283447
2026-09-14-2123,jobright,Principal México,"Software Engineer Internship - Des Moines, IA (Summer 2027)",,"Des Moines, IA, United States",,https://jobright.ai/jobs/info/6aa89171930bff471a2a7e67?utm_campaign=1079&utm_source=git
2026-09-14-2123,jobright,Superhuman,Software Engineering Intern - Summer 2027,,"San Francisco, California, United States",,https://jobright.ai/jobs/info/6aa89116a77a53f5a157a0c1?utm_campaign=1079&utm_source=git
2026-09-14-2123,jobright,"Saab, Inc.",Software Engineer Co-Op (Summer 2027),,"East Syracuse, NY, United States",,https://jobright.ai/jobs/info/6aa88c1c82e82a31997c677f?utm_campaign=1079&utm_source=git
2026-09-14-2123,jobright,PreSales Collective,Summer 2027 Intern - Enterprise Technology - Mainframe Software Engineer,,"Richardson County, NE, United States",,https://jobright.ai/jobs/info/6aa8885e2ed333b4ea5cff6c?utm_campaign=1079&utm_source=git
2026-09-14-2323,jobright,Principal Chile,"Software Engineer Internship - Charlotte, NC (Summer 2027)",,"Charlotte, NC, United States",,https://jobright.ai/jobs/info/6aa8a260f74328685440f767?utm_campaign=1079&utm_source=git
2026-09-14-2323,jobright,Tesla,"Internship, Software Integration Engineer, Factory Firmware (Winter/Spring 2027)",,"Palo Alto, CA, United States",,https://jobright.ai/jobs/info/6aa8a09af5332f8b86243594?utm_campaign=1079&utm_source=git
2026-09-14-2323,jobright,Pareto Labs,Rust Engineer Intern,,United States,,https://jobright.ai/jobs/info/6aa8a09363bfd4581d7e87d5?utm_campaign=1079&utm_source=git
2026-09-14-2323,jobright,MIT Lincoln Laboratory,Enterprise Platforms & Infrastructure Co-op (Jan - Apr 2027) - Group 11-20,,"Lexington, MA, United States",,https://jobright.ai/jobs/info/6aa86093654b2a9424cfc7d2?utm_campaign=1079&utm_source=git
2026-09-14-2323,jobright,CAI,Software Developer Intern,,United States,,https://jobright.ai/jobs/info/6aa89991a77a53f5a157a27e?utm_campaign=1079&utm_source=git
2026-09-14-2323,jobright,GoDaddy,AI4All - Summer 2027 Internships,,"Tempe, AZ, United States",,https://jobright.ai/jobs/info/6a962055c8763a3a87ffe8b2?utm_campaign=1079&utm_source=git
2026-09-14-2323,jobright,Mastercard,"Software Engineer Intern, Summer 2027 – United States",,"O'Fallon, MO, United States",,https://jobright.ai/jobs/info/6aa89563930bff471a2a7f47?utm_campaign=1079&utm_source=git
2026-09-14-2323,jobright,Garmin,Software Engineering Intern,,"Tulsa, OK, United States",,https://jobright.ai/jobs/info/6aa3c0a15c11cce3603661ee?utm_campaign=1079&utm_source=git
2026-09-15-0024,zshah,Intel,AI Solutions Engineering Undergraduate Intern,,"US, Oregon, Hillsboro",unknown,https://intel.wd1.myworkdayjobs.com/external/job/US-Oregon-Hillsboro/AI-Solutions-Engineering-Undergraduate-Intern_JR0286629
2026-09-15-0024,jobright,Anyura,Software Engineering Intern,,United States,,https://jobright.ai/jobs/info/6aa8a9714cb6b0e0b828e1a0?utm_campaign=1079&utm_source=git
2026-09-15-0024,jobright,Principal Chile,"Technical Engineer Internship - Des Moines, IA (Summer 2027)",,"Des Moines, IA, United States",,https://jobright.ai/jobs/info/6aa8a25ef74328685440f766?utm_campaign=1079&utm_source=git
2026-09-15-0124,jobright,"Lowe's Companies, Inc.",Software Engineer – Undergrad Internship – Summer 2027,,"Charlotte, NC, United States",,https://jobright.ai/jobs/info/6aa863d182e82a31997c5b12?utm_campaign=1079&utm_source=git
2026-09-15-0124,jobright,Atlassian,"Software Engineer Intern, 2027 Summer U.S.",,"San Francisco, CA, United States",,https://jobright.ai/jobs/info/6a970d90e4e60e4b8da5bcb8?utm_campaign=1079&utm_source=git
2026-09-15-0124,jobright,Wellmark Blue Cross and Blue Shield,Software Engineer Internship – User Experience Team,,"Des Moines, IA, United States",,https://jobright.ai/jobs/info/6aa8b7af83a6750b1adf9d85?utm_campaign=1079&utm_source=git
2026-09-15-0124,jobright,Whatnot,Software Engineer Intern (Summer 2027),,"San Francisco, CA, United States",,https://jobright.ai/jobs/info/6a962810c8763a3a87ffec45?utm_campaign=1079&utm_source=git
2026-09-15-0124,jobright,Dynamic Aviation,Business Operations Application Development Intern,,"Bridgewater, VA, United States",,https://jobright.ai/jobs/info/6aa86b26a77a53f5a1579548?utm_campaign=1079&utm_source=git
2026-09-15-0823,simplify,Mastercard,Software Engineer Intern,Summer 2027,"O'Fallon, MO; Arlington County, Arlington, VA; NYC; Atlanta, GA",Other,https://mastercard.wd1.myworkdayjobs.com/Campus/job/OFallon-Missouri/Software-Engineer-Intern--Summer-2027---United-States_R-287618-1
2026-09-15-0823,simplify,RTX,Software Engineer Co-op - Summer/Fall 2027,Summer 2027; Fall 2027,"Wilsonville, OR",Other,https://globalhr.wd5.myworkdayjobs.com/rec_rtx_ext_gateway/job/US-OR-WILSONVILLE-596--27500-SW-Parkway-Ave--BLDG-596/Software-Engineering-Co-op--Summer-Fall-2027-_01873970
2026-09-15-0823,simplify,Baird,IT AI & Automation Intern,Summer 2027,"Milwaukee, WI",Other,https://baird.wd1.myworkdayjobs.com/careers/job/WI-Milwaukee/Internship---IT-Operations-Automation---AI--Year-Round-_R2026986-1
2026-09-15-0823,jobright,Springs Window Fashions,Software Engineering Internship - Summer 2027,,"Long Island City, NY, United States",,https://jobright.ai/jobs/info/6a8c93c8d34f700f87fd16ca?utm_campaign=1079&utm_source=git
2026-09-15-0823,jobright,Wells Fargo,2027 Technology Summer Internship - Early Careers (Software Engineering),,"Charlotte, NC, United States",,https://jobright.ai/jobs/info/6aa916456d0edc2d91b0830d?utm_campaign=1079&utm_source=git
2026-09-15-0823,jobright,Ohio BWC (official),College Internship Information Technology (20097565),,"Columbus, OH, United States",,https://jobright.ai/jobs/info/6a9664f1b22f636c81412582?utm_campaign=1079&utm_source=git
2026-09-15-0823,jobright,Textron Aviation,"2027 Intern - Information Technology - Wilmington, MA",,"Wilmington, MA, United States",,https://jobright.ai/jobs/info/6aa8f17483a6750b1adfa7f7?utm_campaign=1079&utm_source=git
2026-09-15-0823,jobright,Textron,"2027 Intern - Software Engineer (Crewed Land) - Slidell, LA",,"Slidell, LA, United States",,https://jobright.ai/jobs/info/6aa8efb33387a3d9b67d3624?utm_campaign=1079&utm_source=git
2026-09-15-0823,jobright,K2 Space Corporation,Software Engineering Intern – Summer 2027,,"Los Angeles, CA, United States",,https://jobright.ai/jobs/info/6a965e6c4c22023a07939065?utm_campaign=1079&utm_source=git
2026-09-15-0823,jobright,BWXT,Intern - IT .NET Developer (Summer 2027) Job Details / BWXT,,"Lynchburg, VA, United States",,https://jobright.ai/jobs/info/6aa8ceb683a6750b1adfa485?utm_campaign=1079&utm_source=git
2026-09-15-0823,jobright,BioSpace,Undergrad Intern  Software Engineer  Amgens Technology & Medical Organizations (Summer 2027),,"Washington, DC, United States",,https://jobright.ai/jobs/info/6aa8cc2f17ddad6a8a47d4bb?utm_campaign=1079&utm_source=git
2026-09-15-1627,simplify,HF Sinclair,IT Data Analytics Intern,Summer 2027,"Dallas, TX",Other,https://careers.hfsinclair.com/job/Dallas-IT-Data-Analytics-Intern-TX-75219/1430072400/?ats=successfactors
2026-09-15-1627,simplify,General Dynamics Information Technology,Software Development Intern,Summer 2027,"Falls Church, VA",Other,https://gdit.wd5.myworkdayjobs.com/external_career_site/job/USA-VA-Falls-Church/Summer-2027-Software-Development-Internship_RQ228406
2026-09-15-1627,simplify,CAI,Data Engineer Intern,Summer 2027,Pennsylvania,Other,https://cai.wd5.myworkdayjobs.com/computer_aid/job/PA-CLIENT-STATE/Data-Engineering-Intern_R8481
2026-09-15-1627,simplify,Huntington Ingalls Industries,Computer Engineering Intern,Summer 2027,"Pascagoula, MS",Other,https://careers.huntingtoningalls.com/job/Pascagoula-2027-COLLEGE-SUMMER-INTERN-COMPUTER-ENGINEERING-Miss/1430053700/?ats=successfactors
2026-09-15-1627,zshah,NOV,Software Engineering Intern,Summer 2027,"Houston, TX, United States",unknown,https://egay.fa.us6.oraclecloud.com/hcmUI/CandidateExperience/en/sites/CX_4001/job/44449
2026-09-15-1627,zshah,AspenTech,"Data Science Intern - Summer 2027 - Bedford, MA",Summer 2027,"Bedford, Massachusetts",unknown,https://aspentech.wd5.myworkdayjobs.com/aspentech/job/Bedford-Massachusetts/Data-Science-Intern---Summer-2027---Bedford--MA_R9459
2026-09-15-1627,zshah,Duolingo,"Software Engineer, Intern",,"New York, NY; New York, NY; Pittsburgh, PA; Pittsburgh, PA; Seattle, WA; Seattle, WA",unknown,https://careers.duolingo.com/jobs/8805925002?gh_jid=8805925002
2026-09-15-1627,zshah,Duolingo,"Software Engineer, Thrive Intern",,"Pittsburgh, PA",unknown,https://careers.duolingo.com/jobs/8806114002?gh_jid=8806114002
2026-09-15-1627,zshah,Hitachi Energy,Intern - Onboard Software Developer,,"Pittsburgh, Pennsylvania, United States",unknown,https://hitachi.wd1.myworkdayjobs.com/hitachi/job/Pittsburgh-Pennsylvania-United-States/Intern---Onboard-Software-Developer_R0145042
2026-09-15-1627,zshah,Micron Technology,Intern - Data Center SSD Firmware,,"Longmont-MAX- Office, CO",unknown,https://micron.wd1.myworkdayjobs.com/External/job/Longmont-MAX--Office-CO/Intern---Data-Center-SSD-Firmware_JR111461
2026-09-15-1627,zshah,National Information Solutions Cooperative (NISC),Intern - Software Development (AI Development),,"Lake Saint Louis, MO",unknown,https://job-boards.greenhouse.io/testnisc/jobs/8204161
2026-09-15-1627,zshah,Northrop Grumman,2027 Cyber Software Engineer Intern - Cincinnati OH,Summer 2027,United States-Ohio-Cincinnati,citizens-only,https://ngc.wd1.myworkdayjobs.com/Northrop_Grumman_External_Site/job/United-States-Ohio-Cincinnati/XMLNAME-2027-Cyber-Software-Engineer-Intern---Cincinnati-OH_R10249186
2026-09-15-1627,zshah,Q2,2027 Summer Internship - Software Engineer,Summer 2027,"Austin, Texas",no-sponsorship,https://q2ebanking.wd5.myworkdayjobs.com/Q2/job/Austin-Texas/XMLNAME-2027-Summer-Internship---Software-Engineer_REQ-12794
2026-09-15-1627,zshah,Q2,2027 Summer Internship - Data Science,Summer 2027,"Austin, Texas",no-sponsorship,https://q2ebanking.wd5.myworkdayjobs.com/Q2/job/Austin-Texas/XMLNAME-2027-Summer-Internship---Data-Science_REQ-12796
2026-09-15-1627,zshah,Q2,2027 Summer Internship - Machine Learning Engineer,Summer 2027,"Austin, Texas",no-sponsorship,https://q2ebanking.wd5.myworkdayjobs.com/Q2/job/Austin-Texas/XMLNAME-2027-Summer-Internship---Machine-Learning-Engineer_REQ-12797
2026-09-15-1627,zshah,ENSCO,Information Security Intern,,"Endicott, New York, United States; Melbourne, Florida, United States; Vienna, Virginia, United States",citizens-only,https://job-boards.greenhouse.io/ensco/jobs/5421861008
2026-09-15-1627,zshah,General Dynamics Information Technology,Summer 2027 Software Development Internship,Summer 2027,USA VA Falls Church,citizens-only,https://gdit.wd5.myworkdayjobs.com/external_career_site/job/USA-VA-Falls-Church/Summer-2027-Software-Development-Internship_RQ228404
2026-09-15-1627,zshah,Northrop Grumman,2027 Cyber Systems Engineer Intern - Roy UT,Summer 2027,United States-Utah-Roy,citizens-only,https://ngc.wd1.myworkdayjobs.com/Northrop_Grumman_External_Site/job/United-States-Utah-Roy/XMLNAME-2027-Cyber-Systems-Engineer-Intern---Roy-UT_R10249471
2026-09-15-1627,zshah,Oshkosh,Software Engineering Intern,,"San Francisco, California, United States",unknown,https://oshkoshcorporation.wd5.myworkdayjobs.com/Oshkosh/job/San-Francisco-California-United-States/Software-Engineering-Intern_R49493
2026-09-15-1627,zshah,Amgen,"Undergrad Intern – Data Engineer – Technology, AI & Data (Summer 2027)",Summer 2027,United States - Remote,unknown,https://amgen.wd1.myworkdayjobs.com/careers/job/United-States---Remote/Undergrad-Intern---Data-Engineer---Amgen-s-Technology---Medical-Organizations--Summer-2027-_R-255708
2026-09-15-1627,zshah,Amgen,"Undergrad Intern – Data Scientist – Technology, AI & Data (Summer 2027)",Summer 2027,United States - Remote,unknown,https://amgen.wd1.myworkdayjobs.com/careers/job/United-States---Remote/Undergrad-Intern---Data-Scientist---Amgen-s-Technology---Medical-Organizations--Summer-2027-_R-255704
2026-09-15-1627,zshah,Amgen,"Undergrad Intern – Machine Learning Engineer – Technology, AI & Data (Summer 2027)",Summer 2027,United States - Remote,unknown,https://amgen.wd1.myworkdayjobs.com/careers/job/United-States---Remote/Undergrad-Intern---Machine-Learning-Engineer---Amgen-s-Technology---Medical-Organizations--Summer-2027-_R-255709
2026-09-15-1627,zshah,Amgen,"Undergrad Intern – Software Engineer – Technology, AI & Data (Summer 2027)",Summer 2027,United States - Remote,unknown,https://amgen.wd1.myworkdayjobs.com/careers/job/United-States---Remote/Undergrad-Intern---Software-Engineer---Amgen-s-Technology---Medical-Organizations--Summer-2027-_R-255719
2026-09-15-1627,zshah,Dairyland Power Cooperative,"Intern, Energy Data Science",,"La Crosse, Wisconsin",unknown,https://dairynet.wd1.myworkdayjobs.com/DPCcareers/job/La-Crosse-Wisconsin/Intern--Energy-Data-Science_JR101053
2026-09-15-1627,zshah,APEX Analytix,Data Science Intern (Summer 2027),Summer 2027,"Greensboro, NC",unknown,https://ats.rippling.com/apexanalytix-careers/jobs/0cfde729-9d23-4186-91a7-464a4b87af53
2026-09-15-1627,zshah,APEX Analytix,Automation Developer Intern (Summer 2027),Summer 2027,"Greensboro, NC",unknown,https://ats.rippling.com/apexanalytix-careers/jobs/40e4727d-e132-4de0-89ba-b4fdbd5860a7
2026-09-15-1627,jobright,Plastipak,Software Engineering Intern - Summer 2027,,"Plymouth, MI, United States",,https://jobright.ai/jobs/info/6aa99b1828e24cb38513b289?utm_campaign=1079&utm_source=git
2026-09-15-1627,jobright,"DMA - DuCharme, McMillen & Associates, Inc.",Software Development Intern - Summer 2027,,"Fort Wayne, IN, United States",,https://jobright.ai/jobs/info/6a8c880d1d96e6541c8c16e8?utm_campaign=1079&utm_source=git
2026-09-15-1627,jobright,AFP Cuprum,"Technical Engineer Internship - Des Moines, IA (Summer 2027)",,"Des Moines, IA, United States",,https://jobright.ai/jobs/info/6aa997983387a3d9b67d5d12?utm_campaign=1079&utm_source=git
2026-09-15-1627,jobright,Procter & Gamble,"IT Engineering Internship (Software, Platform, & Network)",,"Cincinnati, OH, United States",,https://jobright.ai/jobs/info/6a8ca1f8581f2d7bfdfe4d31?utm_campaign=1079&utm_source=git
2026-09-15-1627,jobright,Advantest,AI Infrastructure Applications Engineer Intern,,"San Jose, CA, United States",,https://jobright.ai/jobs/info/6aa991de10b1cd4f416067cb?utm_campaign=1079&utm_source=git
2026-09-15-1627,jobright,Anduril Industries,Winter 2027 Software Engineer Co-op,,"Quincy, MA, United States",,https://jobright.ai/jobs/info/6aa991b510b1cd4f4160672e?utm_campaign=1079&utm_source=git
2026-09-15-1627,jobright,Metron Inc.,Technical Summer Internship,,"Reston, VA, United States",,https://jobright.ai/jobs/info/6a97081bb22f636c8141573b?utm_campaign=1079&utm_source=git
2026-09-15-1627,jobright,Bessemer Trust,Infrastructure Engineering Intern,,"Woodbridge, NJ, United States",,https://jobright.ai/jobs/info/6aa991486d0edc2d91b0a09b?utm_campaign=1079&utm_source=git
2026-09-15-1627,jobright,Pierce Manufacturing,Software Engineering Intern,,"San Francisco, CA, United States",,https://jobright.ai/jobs/info/6aa991dd3387a3d9b67d58cc?utm_campaign=1079&utm_source=git
2026-09-15-1627,jobright,York Space Systems,Ground Software Engineering Intern,,"Greenwood Village, CO, United States",,https://jobright.ai/jobs/info/6aa9577f6d0edc2d91b091e2?utm_campaign=1079&utm_source=git
2026-09-15-1627,jobright,Gecko Robotics,Test & Reliability Engineering Intern,,"Pittsburgh, PA, United States",,https://jobright.ai/jobs/info/6aa9765328e24cb38513a83d?utm_campaign=1079&utm_source=git
2026-09-15-1627,jobright,Burns & McDonnell,Software Developer Intern - Aviation & Federal (Kansas City),,"Kansas City, MO, United States",,https://jobright.ai/jobs/info/6aa984d73387a3d9b67d5580?utm_campaign=1079&utm_source=git
2026-09-15-1627,jobright,Analog Devices,Embedded Software Engineer Intern,,"Wilmington, MA, United States",,https://jobright.ai/jobs/info/6aa95ee3eff87f571fc995fb?utm_campaign=1079&utm_source=git
2026-09-15-1627,jobright,Motorola Solutions,Android Applications Developer Intern - Summer 2027,,"Chicago, IL, United States",,https://jobright.ai/jobs/info/6a8c674bd34f700f87fd02eb?utm_campaign=1079&utm_source=git
2026-09-15-1627,jobright,Mercury Systems,2027 Firmware Engineering Co-Op,,"Huntsville, AL, United States",,https://jobright.ai/jobs/info/6aa97bee28e24cb38513a90d?utm_campaign=1079&utm_source=git
2026-09-15-1627,jobright,Liberty Mutual Insurance,Solaria Labs Software Development Co-op (Jan - June 2027),,"Boston, MA, United States",,https://jobright.ai/jobs/info/6aa9529709ae03adcacdcb90?utm_campaign=1079&utm_source=git
2026-09-15-1627,jobright,IBM,Back End Developer Intern 2027 - RTP,,"Research Triangle Park, North Carolina, United States",,https://jobright.ai/jobs/info/6aa05930dbc0e60e37e0d120?utm_campaign=1079&utm_source=git
2026-09-15-1627,jobright,IBM,QA/Test Devoloper Intern,,"Tucson, AZ, United States",,https://jobright.ai/jobs/info/6aa074a45b2d5633ef3bebcc?utm_campaign=1079&utm_source=git
2026-09-15-1627,jobright,SimVentions,2027 Software Development Intern,,"Fredericksburg, VA, United States",,https://jobright.ai/jobs/info/6aa96ac128e24cb38513a4cd?utm_campaign=1079&utm_source=git
2026-09-15-1627,jobright,Magna International,Intern - System Test,,"Auburn Hills, MI, United States",,https://jobright.ai/jobs/info/6a7016d4f5953013637f71e0?utm_campaign=1079&utm_source=git
2026-09-15-1627,jobright,"URBN (Urban Outfitters, Anthropologie Group, Free People & Nuuly)",URBN Software Engineering Intern,,"Philadelphia, PA, United States",,https://jobright.ai/jobs/info/6aa9316909ae03adcacdc2a9?utm_campaign=1079&utm_source=git
2026-09-15-1627,jobright,IBM,Software Developer Intern/Tucson-AZ,,"Tucson, AZ, United States",,https://jobright.ai/jobs/info/6aa075a2500b01124c779339?utm_campaign=1079&utm_source=git
2026-09-15-1627,jobright,Inmar Intelligence,"Software Engineering Internships, Summer 2027",,"Winston-Salem, NC, United States",,https://jobright.ai/jobs/info/6aa9558128e24cb385139cc2?utm_campaign=1079&utm_source=git
2026-09-15-1627,jobright,IBM,Intern Software Engineer / Agent Engineer - EDA - Austin,,"Austin, TX, United States",,https://jobright.ai/jobs/info/6aa05a8e5b2d5633ef3be170?utm_campaign=1079&utm_source=git
2026-09-15-1627,jobright,IBM,"Software Developer Intern, Rochester-MN",,"Rochester, MN, United States",,https://jobright.ai/jobs/info/6aa075e3ea127c379469747f?utm_campaign=1079&utm_source=git
2026-09-15-1627,jobright,Golden West Telecommunications,"Software Developer (Intern), Part-Time",,"Rapid City, SD, United States",,https://jobright.ai/jobs/info/6aa95b47eff87f571fc994b0?utm_campaign=1079&utm_source=git
2026-09-15-1627,jobright,TikTok,Software Engineer Intern (AI Agent & Global Revenue Platform) - 2027 Summer,,"San Jose, CA, United States",,https://jobright.ai/jobs/info/6a71a409ee751e0c7934463a?utm_campaign=1079&utm_source=git
2026-09-15-1627,jobright,Hubbell Incorporated,2027 Summer Intern: Engineering - Embedded Systems,,"Portsmouth, NH, United States",,https://jobright.ai/jobs/info/6a70a60ecb96192a3684493d?utm_campaign=1079&utm_source=git
2026-09-15-1627,jobright,Martin's Famous Potato Rolls and Bread,Software Engineering/Data Vision Intern,,"Pennsylvania, United States",,https://jobright.ai/jobs/info/6aa93db709ae03adcacdc587?utm_campaign=1079&utm_source=git
2026-09-15-1627,jobright,TikTok,Software Engineer Intern (TikTok Search Data Infra) - 2027 Summer,,"San Jose, CA, United States",,https://jobright.ai/jobs/info/6a84192ce459fa3baa85cf48?utm_campaign=1079&utm_source=git
2026-09-15-1627,jobright,MSA - The Safety Company,"Intern: Software Engineer, Product Development (Summer 2027)",,"Cranberry Township, PA, United States",,https://jobright.ai/jobs/info/6a8c64b9581f2d7bfdfe3458?utm_campaign=1079&utm_source=git
2026-09-15-1627,jobright,"URBN (Urban Outfitters, Anthropologie Group, Free People & Nuuly)",URBN Retail Technology Intern,,"Philadelphia, PA, United States",,https://jobright.ai/jobs/info/6aa931a4eff87f571fc98884?utm_campaign=1079&utm_source=git
2026-09-15-1627,jobright,Intuit,Summer 2027: Software Engineering Intern - Full Stack,,"Mountain View, CA, United States",,https://jobright.ai/jobs/info/6aa8275a82e82a31997c42f0?utm_campaign=1079&utm_source=git
2026-09-15-1627,jobright,Philips,"Co-op – Software System Engineering – Plymouth, MN – January 2027",,"Plymouth, MN, United States",,https://jobright.ai/jobs/info/6aa76ac8a77a53f5a15754fc?utm_campaign=1079&utm_source=git
2026-09-15-1627,jobright,Westinghouse Electric Company,"Summer Intern -Computer Engineering / Software Engineering Job Details / Westinghouse Electric Company, LLC",,"Cranberry Township, PA, United States",,https://jobright.ai/jobs/info/6aa2003fef23570cae247442?utm_campaign=1079&utm_source=git
2026-09-15-1627,jobright,Intuit,Summer 2027: Mobile Software Engineering Intern - Android,,"Mountain View, CA, United States",,https://jobright.ai/jobs/info/6aa8275d2ed333b4ea5cda3b?utm_campaign=1079&utm_source=git
2026-09-15-1923,simplify,Cook Group,AI and Data Solutions Intern,Fall 2026,"West Lafayette, IN",Other,https://americas-cookmedical.icims.com/jobs/19270/job?mobile=true&needsRedirect=false
2026-09-15-1923,simplify,Entergy,AI Agent Development Intern,Summer 2027,"New Orleans, LA; The Woodlands, TX; Hammond, LA",Other,https://jobs.entergy.com/job/New-Orleans-Student-Intern-AI-Summer-2027-Loui/1430182400/?ats=successfactors
2026-09-15-1923,simplify,SimVentions,Software Development Intern,Summer 2027,"Fredericksburg, VA",Other,https://simventions.jibeapply.com/jobs/1631?icims=1
2026-09-15-1923,simplify,LexisNexis Legal & Professional,Software Engineer Intern,Summer 2027,"Raleigh, NC",Other,https://relx.wd3.myworkdayjobs.com/en-US/LexisNexisLegal/job/Raleigh-NC/Software-Engineer-Internship_R118692
2026-09-15-1923,simplify,Anduril,Software Engineer Co-op,Winter 2027,"Quincy, MA",Other,https://boards.greenhouse.io/andurilindustries/jobs/5236563007
2026-09-15-1923,simplify,LexisNexis Legal & Professional,Data Science Intern,Summer 2027,"Raleigh, NC",Other,https://relx.wd3.myworkdayjobs.com/en-US/LexisNexisLegal/job/Raleigh-NC/Data-Science-Internship_R118691-1
2026-09-15-1923,simplify,GlobalFoundries,Systems Engineer Intern,Summer 2027,"Richardson, TX",Other,https://globalfoundries.wd1.myworkdayjobs.com/External/job/USA---Texas---Richardson/Systems-Engineering-Intern--Summer-2027-_JR-2604044
2026-09-15-1923,simplify,Tyler Technologies,Software Development Intern - Summer 2027,Summer 2027,"Lakewood, CO",Other,https://jobs.jobvite.com/tylertech/job/oqQJAfwj?nl=1&nl=1&fr=false
2026-09-15-1923,simplify,John Deere,Analytics Data Engineer Part-Time Student - Data and Analytics,,"Moline, IL",Other,https://johndeere.eightfold.ai/careers/job/137483397436
2026-09-15-1923,simplify,APEX Analytix,Data Science Intern,Summer 2027,"Greensboro, NC",Other,https://ats.rippling.com/apexanalytix-careers/jobs/0cfde729-9d23-4186-91a7-464a4b87af53
2026-09-15-1923,simplify,Northrop Grumman,Cyber Software Engineer Intern,Summer 2027,"Cincinnati, OH",Other,https://ngc.wd1.myworkdayjobs.com/Northrop_Grumman_External_Site/job/United-States-Ohio-Cincinnati/XMLNAME-2027-Cyber-Software-Engineer-Intern---Cincinnati-OH_R10249186
2026-09-15-1923,simplify,Lunar Outpost,Ground Software Engineer Intern - Summer 2027,Summer 2027,"Golden, CO",Other,https://lunaroutpost.bamboohr.com/careers/398/
2026-09-15-1923,simplify,Lunar Outpost,Robotics Engineer Intern,Summer 2027,"Golden, CO",Other,https://lunaroutpost.bamboohr.com/careers/391/
2026-09-15-1923,simplify,APEX Analytix,Automation Developer Intern,Summer 2027,"Greensboro, NC",Other,https://ats.rippling.com/apexanalytix-careers/jobs/40e4727d-e132-4de0-89ba-b4fdbd5860a7
2026-09-15-1923,simplify,APEX Analytix,Data Engineering Intern - Summer 2027,Summer 2027,"Greensboro, NC",Other,https://ats.rippling.com/apexanalytix-careers/jobs/52353bce-cb36-423f-ae0a-f2057ef3b5d9
2026-09-15-1923,simplify,Lunar Outpost,Simulation Engineering Intern,Summer 2027,"Golden, CO",Other,https://lunaroutpost.bamboohr.com/careers/390/
2026-09-15-1923,simplify,Elire,AI Software Developer Intern - Multiple Teams,Summer 2027,"Remote in USA; Minneapolis, MN",Other,https://jobs.jobvite.com/elire/job/oM5LAfwW?nl=1&nl=1&fr=false
2026-09-15-1923,simplify,NOV,Software Engineer Intern - Rig Technologies,Summer 2027,"Houston, TX",Other,https://egay.fa.us6.oraclecloud.com/hcmUI/CandidateExperience/en/sites/CX_4001/job/44449
2026-09-15-1923,simplify,Plastipak,Software Engineer Intern,Summer 2027,"Plymouth, MI",Other,https://plastipak.wd1.myworkdayjobs.com/en-US/Plastipak/job/Plastipak-GBTC---Plymouth-MI/Software-Engineering-Intern---Summer-2027_REQ24512
2026-09-15-1923,simplify,U.S. Bank,Engineering Intern,Summer 2027,"Hopkins, MN",Other,https://usbank.wd1.myworkdayjobs.com/US_Bank_Careers/job/Hopkins-MN/XMLNAME-2027-Engineering-Summer-Intern_2026-0025769
2026-09-15-1923,simplify,National Information Solutions Cooperative,Software Development Intern - AI Development,Summer 2027,"Lake St Louis, MO; Cedar Rapids, IA",Other,https://job-boards.greenhouse.io/nisc/jobs/8204086
2026-09-15-1923,simplify,Dallas Fort Worth International Airport,Undergraduate Internship - Geospatial Data,Summer 2027,"Dallas, TX",Other,https://dfwairport.wd5.myworkdayjobs.com/External/job/DFW-Intl-Airport-Board/XMLNAME-2027-Undergraduate-Internship---Geospatial-Data_JR102119-1
2026-09-15-1923,simplify,Dallas Fort Worth International Airport,Undergraduate Summer Intern,Summer 2027,"Dallas, TX",Other,https://dfwairport.wd5.myworkdayjobs.com/External/job/DFW-Intl-Airport-Board/XMLNAME-2027-Undergraduate-Summer-Internship---Customer-Experience-Insights---Analytics_JR102114
2026-09-15-1923,simplify,Acxiom,Data Engineer Intern,Winter 2027,"Conway, AR",Other,https://acxiomllc.wd5.myworkdayjobs.com/AcxiomUSA/job/RemoteHomebased/Intern---Data-Engineer_JR014482
2026-09-15-1923,simplify,Elire,AI Data Science Consulting Intern - Knowledge Graphs & Enterprise Data,Summer 2027,"Remote in USA; Minneapolis, MN",Other,https://jobs.jobvite.com/elire/job/oppLAfwT?nl=1&nl=1&fr=false
2026-09-15-1923,simplify,Duolingo,Software Engineer Intern - Thrive,Summer 2027,"Pittsburgh, PA",Other,https://job-boards.greenhouse.io/duolingounirecruitment/jobs/8806115002
2026-09-15-1923,simplify,Johnson & Johnson,Software Engineer Intern - Robotics R&D,Summer 2027,"Santa Clara, CA",Other,https://jj.wd5.myworkdayjobs.com/JJ/job/Santa-Clara-California-United-States-of-America/Software-Engineering-Intern---Robotics-R-D_R-099919
2026-09-15-1923,simplify,Q2,Data Science Intern,Summer 2027,"Austin, TX",Other,https://q2ebanking.wd5.myworkdayjobs.com/Q2/job/Austin-Texas/XMLNAME-2027-Summer-Internship---Data-Science_REQ-12796
2026-09-15-1923,simplify,Q2,Software Engineer Intern,Summer 2027,"Austin, TX",Other,https://q2ebanking.wd5.myworkdayjobs.com/Q2/job/Austin-Texas/XMLNAME-2027-Summer-Internship---Software-Engineer_REQ-12794
2026-09-15-1923,simplify,Q2,Machine Learning Intern,Summer 2027,"Austin, TX",Other,https://q2ebanking.wd5.myworkdayjobs.com/Q2/job/Austin-Texas/XMLNAME-2027-Summer-Internship---Machine-Learning-Engineer_REQ-12797
2026-09-15-1923,zshah,Nokia,Embedded Software Development Coop,,United States,unknown,https://fa-evmr-saasfaprod1.fa.ocs.oraclecloud.com/hcmUI/CandidateExperience/en/sites/CX_1/job/40172
2026-09-15-1923,zshah,Brevium,Software Engineer Intern,,"American Fork, UT",unknown,https://job-boards.greenhouse.io/brevium/jobs/4713683006
2026-09-15-1923,zshah,Anduril,2027 Flight Software Engineer Intern,Summer 2027,"Costa Mesa, California, United States",unknown,https://boards.greenhouse.io/andurilindustries/jobs/5239083007?gh_jid=5239083007
2026-09-15-1923,zshah,Emerson Electric,Software Engineering Intern - ADG System R&D,,"Austin, TX, United States",unknown,https://hdjq.fa.us2.oraclecloud.com/hcmUI/CandidateExperience/en/sites/CX_1/job/26008230
2026-09-15-1923,zshah,AI Intern to the CEO,Software Engineering Intern - SWE/ML (Summer 2027),Summer 2027,"Boston, Massachusetts",unknown,https://jobs.ashbyhq.com/cyvl/8bfc4116-b0bb-47f8-bca1-7069a37db328
2026-09-15-1923,jobright,The Clare,Infrastructure Intern,,"Des Moines, IA, United States",,https://jobright.ai/jobs/info/6aa9bea73387a3d9b67d6867?utm_campaign=1079&utm_source=git
2026-09-15-1923,jobright,Anduril Industries,2027 Flight Software Engineer Intern,,"Costa Mesa, CA, United States",,https://jobright.ai/jobs/info/6aa9bbd009ae03adcacdec5c?utm_campaign=1079&utm_source=git
2026-09-15-1923,jobright,Lunar Outpost,Ground Software  Engineering Intern - Summer 2027,,"Golden, CO, United States",,https://jobright.ai/jobs/info/6aa9bb2f10b1cd4f4160760d?utm_campaign=1079&utm_source=git
2026-09-15-1923,jobright,"Mission Technologies, a division of HII",Summer 2027 Internship - Software Engineer Hybrid) - 30189,,"Greenville, SC, United States",,https://jobright.ai/jobs/info/6aa9bb256d0edc2d91b0afda?utm_campaign=1079&utm_source=git
2026-09-15-1923,jobright,SSOE Group,Software Developer Intern - Fall 2026,,"Toledo, OH, United States",,https://jobright.ai/jobs/info/6aa9bb1f09ae03adcacdebf9?utm_campaign=1079&utm_source=git
2026-09-15-1923,jobright,Trane Technologies,Software Development Engineering Intern,,"Saint Paul, MN, United States",,https://jobright.ai/jobs/info/6aa9627828e24cb38513a1bf?utm_campaign=1079&utm_source=git
2026-09-15-1923,jobright,Collins Aerospace,Software Engineer Intern (Summer 2027),,"Annapolis, MD, United States",,https://jobright.ai/jobs/info/6aa9b7cd6d0edc2d91b0adf3?utm_campaign=1079&utm_source=git
2026-09-15-1923,jobright,Lunar Outpost,Embedded Software Engineering Intern - Summer 2027,,"Golden, CO, United States",,https://jobright.ai/jobs/info/6aa9b7ad28e24cb38513b9db?utm_campaign=1079&utm_source=git
2026-09-15-1923,jobright,LCS,Infrastructure Intern,,"Des Moines, IA, United States",,https://jobright.ai/jobs/info/6aa9b7456d0edc2d91b0adb0?utm_campaign=1079&utm_source=git
2026-09-15-1923,jobright,"Dev Technology Group, Inc.",AI/Agentic Solution Engineer Intern (Summer 2027),,"Reston, VA, United States",,https://jobright.ai/jobs/info/6a97184ae4e60e4b8da5c062?utm_campaign=1079&utm_source=git
2026-09-15-1923,jobright,Cottage Grove Place,Infrastructure Intern,,"Des Moines, IA, United States",,https://jobright.ai/jobs/info/6aa9b1b23387a3d9b67d6182?utm_campaign=1079&utm_source=git
2026-09-15-1923,jobright,Wellmark Blue Cross and Blue Shield,Software Engineer Internship – Technology Business Development & Client Solutions,,"Des Moines, IA, United States",,https://jobright.ai/jobs/info/6aa9a81b28e24cb38513b47d?utm_campaign=1079&utm_source=git
2026-09-15-1923,jobright,Mercury Systems,Firmware/Software Engineering Intern,,"Andover, MA, United States",,https://jobright.ai/jobs/info/6aa9a3a310b1cd4f41606dfb?utm_campaign=1079&utm_source=git
2026-09-15-1923,jobright,Federal Home Loan Bank of Chicago,Summer Internship - Application Development,,"Chicago, IL, United States",,https://jobright.ai/jobs/info/6aa9936010b1cd4f41606ac1?utm_campaign=1079&utm_source=git
2026-09-15-1923,jobright,"DMA - DuCharme, McMillen & Associates, Inc.",IT Quality Assurance Intern - Summer 2027,,"Fort Wayne, IN, United States",,https://jobright.ai/jobs/info/6a8cac65d34f700f87fd1fca?utm_campaign=1079&utm_source=git
2026-09-15-1923,jobright,Rilla,"Software Engineering Intern, 2028 Grads",,"New York, NY, United States",,https://jobright.ai/jobs/info/6aa9ba933387a3d9b67d666e?utm_campaign=1079&utm_source=git
2026-09-15-1923,jobright,Hitachi Rail,Intern - Onboard Software Developer,,"Pittsburgh, PA, United States",,https://jobright.ai/jobs/info/6aa9935ceff87f571fc9a545?utm_campaign=1079&utm_source=git
2026-09-15-1923,jobright,Gecko Robotics,Embedded Software Engineering Intern,,"Pittsburgh, PA, United States",,https://jobright.ai/jobs/info/6aa9a8fd3387a3d9b67d5f94?utm_campaign=1079&utm_source=git
2026-09-15-2023,zshah,Lawrence Livermore National Laboratory (LLNL),Data Science Institute Undergraduate Student Intern - Summer 2027,Summer 2027,"Livermore, CA, United States (Hybrid)",unknown,https://jobs.smartrecruiters.com/LLNL/3743990015289136
2026-09-15-2023,jobright,AFP Cuprum,"Software Engineer Internship - Des Moines, IA (Summer 2027)",,"Des Moines, IA, United States",,https://jobright.ai/jobs/info/6aa9cfad09ae03adcacdf714?utm_campaign=1079&utm_source=git
2026-09-15-2023,jobright,Emerson,Software Engineering Intern,,"Houston, TX, United States",,https://jobright.ai/jobs/info/6a96257d9fcec54423731c02?utm_campaign=1079&utm_source=git
2026-09-15-2023,jobright,Emerson,Software Engineering Intern - ADG System R&D,,"Austin, TX, United States",,https://jobright.ai/jobs/info/6aa9c3e03387a3d9b67d6b2e?utm_campaign=1079&utm_source=git
2026-09-15-2023,jobright,Farmers Mutual Hail Insurance,Software Developer Intern,,"West Des Moines, IA, United States",,https://jobright.ai/jobs/info/6aa9c6de3387a3d9b67d6dce?utm_campaign=1079&utm_source=git
2026-09-15-2023,jobright,Zions Bancorporation,Intern- Software Engineer,,"Midvale, UT, United States",,https://jobright.ai/jobs/info/6aa9c514eff87f571fc9b66e?utm_campaign=1079&utm_source=git
2026-09-15-2023,jobright,Lennox,Mobile Applications Intern,,"Richardson, TX, United States",,https://jobright.ai/jobs/info/6aa9d06c28e24cb38513c74e?utm_campaign=1079&utm_source=git
2026-09-15-2023,jobright,Ruan Transportation Management Systems,App Dev Intern - Summer 2027,,"Des Moines, IA, United States",,https://jobright.ai/jobs/info/6aa9ccd409ae03adcacdf5dd?utm_campaign=1079&utm_source=git
2026-09-15-2023,jobright,LexisNexis,Software Engineer Internship,,"Raleigh, NC, United States",,https://jobright.ai/jobs/info/6aa9cfe309ae03adcacdf740?utm_campaign=1079&utm_source=git
2026-09-15-2023,jobright,"Dev Technology Group, Inc.",React/Node Developer Intern (Summer 2027),,"Reston, VA, United States",,https://jobright.ai/jobs/info/6a97185bb22f636c81415d0a?utm_campaign=1079&utm_source=git
2026-09-15-2023,jobright,Hometap,Full Stack Engineering Co-op - Spring 2027,,United States,,https://jobright.ai/jobs/info/6aa9c1b63387a3d9b67d69ee?utm_campaign=1079&utm_source=git
2026-09-15-2023,jobright,Indra Group,Software Engineer Intern,,"Overland Park, KS, United States",,https://jobright.ai/jobs/info/6aa9c69128e24cb38513c24d?utm_campaign=1079&utm_source=git
2026-09-15-2123,simplify,Kaiser Permanente,Undergraduate Student Temp - SSD Solutions Architecture,,"Pasadena, CA",Other,https://kp.taleo.net/careersection/external/jobdetail.ftl?job=1447569
2026-09-15-2123,simplify,NJM Insurance Group,Data Science Intern,Summer 2027,"Trenton, NJ",Other,https://njm.wd1.myworkdayjobs.com/njm/job/NJM---Trenton/IT-Data-Science-Intern_R2008284
2026-09-15-2123,simplify,Lawrence Livermore National Laboratory (LLNL),Data Science Undergraduate Student Intern - Summer 2027,Summer 2027,"Livermore, CA",Other,https://jobs.smartrecruiters.com/LLNL/3743990015289136
2026-09-15-2123,simplify,Amazon,Junior Software Engineer Intern - Jr. Developer Program,,"San Luis Obispo, CA",Other,https://amazon.jobs/en/jobs/10544071/jr-software-development-engineer-san-luis-obispo-ca-jr-developer-program
2026-09-15-2123,jobright,Rivian,Engineering Intern - Software Test (Spring 2027 Co-Op),,"Torrance, CA, United States",,https://jobright.ai/jobs/info/6aa9d4e410b1cd4f41608392?utm_campaign=1079&utm_source=git
2026-09-15-2123,jobright,Mercury Systems,2027 Information & Engineering Systems Intern,,"Andover, MA, United States",,https://jobright.ai/jobs/info/6aa9a37a10b1cd4f41606df3?utm_campaign=1079&utm_source=git
2026-09-15-2123,jobright,Five Rings,LINK 2027: Software Development Intensive Program,,"New York City, NY, United States",,https://jobright.ai/jobs/info/6a84be2d2f4f0014cae2295a?utm_campaign=1079&utm_source=git
2026-09-15-2123,jobright,TikTok,Software Engineer Project Intern (Platform efficiency) - 2026 Start (BS/MS),,"San Jose, CA, United States",,https://jobright.ai/jobs/info/6a4cb9dec643fd23fed3ad6d?utm_campaign=1079&utm_source=git
2026-09-15-2123,jobright,The Delaney at The Green,Infrastructure Intern,,"Des Moines, IA, United States",,https://jobright.ai/jobs/info/6aa9d2293387a3d9b67d7305?utm_campaign=1079&utm_source=git
2026-09-15-2223,jobright,Smarty,Software Engineer Intern,,"Orem, UT, United States",,https://jobright.ai/jobs/info/6aa9ed5eeff87f571fc9c95d?utm_campaign=1079&utm_source=git
2026-09-15-2223,jobright,Textron,2027 Software Engineer Intern,,"Augusta, GA, United States",,https://jobright.ai/jobs/info/6aa9e889eff87f571fc9c739?utm_campaign=1079&utm_source=git
2026-09-15-2223,jobright,TikTok,Frontend Engineer Intern (Global CRM) - 2027 Summer,,"San Jose, CA, United States",,https://jobright.ai/jobs/info/6a71a40bcb96192a36849993?utm_campaign=1079&utm_source=git
2026-09-15-2223,jobright,Textron Aviation,2027 IT Programmer Intern,,"Augusta, Georgia, United States",,https://jobright.ai/jobs/info/6a974382e4e60e4b8da5d44f?utm_campaign=1079&utm_source=git
2026-09-15-2223,jobright,CesiumAstro,Summer 2027 - Embedded Software Engineering Internship,,"Austin, TX, United States",,https://jobright.ai/jobs/info/6aa9e2a96d0edc2d91b0c400?utm_campaign=1079&utm_source=git
2026-09-15-2223,jobright,Amazon,"Jr. Software Development Engineer - San Luis Obispo, CA, Jr. Developer Program",,"San Luis Obispo, CA, United States",,https://jobright.ai/jobs/info/6aa9e21c6d0edc2d91b0c3c8?utm_campaign=1079&utm_source=git
2026-09-15-2223,jobright,JotPsych,Product Engineer Intern,,"Brooklyn, NY, United States",,https://jobright.ai/jobs/info/6aa9e0a728e24cb38513cf19?utm_campaign=1079&utm_source=git
2026-09-15-2223,jobright,NJM Insurance Group,IT QA Automation Intern,,"Trenton, NJ, United States",,https://jobright.ai/jobs/info/6aa9dbf710b1cd4f416086b4?utm_campaign=1079&utm_source=git
2026-09-15-2223,jobright,Enlighten,Summer 2027 Internship - Software Engineer Hybrid) - 30189,,"Greenville, SC, United States",,https://jobright.ai/jobs/info/6aa9dab46d0edc2d91b0c04a?utm_campaign=1079&utm_source=git
2026-09-15-2323,jobright,U.S. Hunger,Spring 2027 Software Engineering & Innovation Intern,,"Longwood, FL, United States",,https://jobright.ai/jobs/info/6aa9610f6d0edc2d91b095cb?utm_campaign=1079&utm_source=git
2026-09-16-0023,jobright,U.S. Hunger,Spring 2027 Front-End Developer Intern,,"Longwood, FL, United States",,https://jobright.ai/jobs/info/6aa961166d0edc2d91b095ce?utm_campaign=1079&utm_source=git
2026-09-16-0123,zshah,Live Oak Bank,Summer 2027 Intern: AI Enablement & Forward-Deployed Engineering,Summer 2027,"Wilmington, NC",unknown,https://liveoakbancshares.wd1.myworkdayjobs.com/Live_Oak/job/Wilmington-NC/Summer-2027-Intern--AI-Enablement---Forward-Deployed-Engineering_R-002624
2026-09-16-0123,zshah,The Aerospace Corporation,2027 Aerospace Software Engineer Undergraduate Intern,Summer 2027,"El Segundo, CA",citizens-only,https://aero.wd5.myworkdayjobs.com/external/job/El-Segundo-CA/XMLNAME-2027-Aerospace-Software-Engineer-Undergraduate-Intern_R016605
2026-09-16-0123,jobright,BioSpace,2027 Business Technology Solutions Intern - Cloud Engineering (Undergraduate),,"North Chicago, IL, United States",,https://jobright.ai/jobs/info/6aaa1da7a2db131437b60a5d?utm_campaign=1079&utm_source=git
2026-09-16-0123,jobright,Northrop Grumman,2027 Intern Software Engineer,,"San Diego, CA, United States",,https://jobright.ai/jobs/info/6aa8ae736d0edc2d91b06fd9?utm_campaign=1079&utm_source=git
2026-09-16-0123,jobright,Tech Jobs for Good,Product Engineer Intern,,"Brooklyn, NY, United States",,https://jobright.ai/jobs/info/6aaa13d0120c360b6bd4a91b?utm_campaign=1079&utm_source=git
2026-09-16-0723,simplify,T. Rowe Price,Technology and Data Intern,Summer 2027,"Owings Mills, MD; Baltimore, MD",Other,https://troweprice.wd5.myworkdayjobs.com/en-US/TRowePrice/job/Baltimore-MD/XMLNAME-2027-Technology-and-Data-Internship_82677
2026-09-16-0723,simplify,Deloitte,AI Innovation Summer Scholar Intern - AI Innovation,Summer 2027,"McLean, VA",Other,https://apply.deloitte.com/en_US/careers/JobDetail/Consultative-Offerings-Summer-Scholar-AI-Innovation/364696
2026-09-16-0723,simplify,Live Oak Bank,Architecture/Engineering Intern,Summer 2027,"Wilmington, NC",Other,https://liveoakbancshares.wd1.myworkdayjobs.com/en-US/Live_Oak/job/Wilmington-NC/Summer-2027-Intern--Architecture-Engineering_R-002630
2026-09-16-0723,simplify,Live Oak Bank,Artificial Intelligence Enablement & Forward-Deployed Engineering Intern,Summer 2027,"Wilmington, NC",Other,https://liveoakbancshares.wd1.myworkdayjobs.com/en-US/Live_Oak/job/Wilmington-NC/Summer-2027-Intern--AI-Enablement---Forward-Deployed-Engineering_R-002624
2026-09-16-0723,simplify,RAVE Aerospace,Software Engineer Intern,Summer 2027,"Laramie, WY",Other,https://apply.workable.com/raveaerospace/j/739753C003/apply
2026-09-16-0723,jobright,Bobcat Company,Application Developer Co Op MES (Jan-Aug 2027),,"West Fargo, ND, United States",,https://jobright.ai/jobs/info/6a8dc9fdd34f700f87fd609d?utm_campaign=1079&utm_source=git
2026-09-16-0723,jobright,Antares,Software Intern - Summer 2027,,"Torrance, CA, United States",,https://jobright.ai/jobs/info/6aaa49038639d5e4fdc8694f?utm_campaign=1079&utm_source=git
2026-09-16-0723,jobright,Freeleaps,Software Developer Intern,,United States,,https://jobright.ai/jobs/info/6aaa22a310b1cd4f41609f61?utm_campaign=1079&utm_source=git
2026-09-16-0723,jobright,Live Oak Bank,Summer 2027 Intern: Architecture/Engineering,,"Wilmington, NC, United States",,https://jobright.ai/jobs/info/6aaa27ac120c360b6bd4ace7?utm_campaign=1079&utm_source=git
2026-09-16-0824,jobright,Persona AI,"Autonomy Software Engineering Internship, World Modeling",,"Houston, TX, United States",,https://jobright.ai/jobs/info/6a70f79fe2b7476e7b20c161?utm_campaign=1079&utm_source=git
2026-09-16-0924,jobright,O-I,Information Technology Internship -Summer 2027,,"Perrysburg, OH, United States",,https://jobright.ai/jobs/info/6a8dc35e581f2d7bfdfe8dae?utm_campaign=1079&utm_source=git
2026-09-16-0924,jobright,General Dynamics Electric Boat,"Information Technology, Software Engineering, & Computer Science - 2027 Summer Internship",,"Groton, CT, United States",,https://jobright.ai/jobs/info/6aaa7bf8f116e4992553518e?utm_campaign=1079&utm_source=git
2026-09-16-0924,jobright,Textron Aviation,2027 Software Engineer Intern,,"Augusta, GA, United States",,https://jobright.ai/jobs/info/6a97ec6caf954907d6570e3c?utm_campaign=1079&utm_source=git
2026-09-16-0924,jobright,Textron Specialized Vehicles,2027 IT Programmer Intern,,"Augusta, GA, United States",,https://jobright.ai/jobs/info/6a97eb32d356304a026886d8?utm_campaign=1079&utm_source=git
2026-09-16-0924,jobright,Textron,2027 IT Programmer Intern,,"Augusta, GA, United States",,https://jobright.ai/jobs/info/6a97eb2cc8ed473c5c761914?utm_campaign=1079&utm_source=git
2026-09-16-1023,simplify,Enterprise Holdings,Software Engineer Intern - Summer 2027,Summer 2027,"St. Louis, MO",Other,https://us-erac.icims.com/jobs/566721/job?mobile=true&needsRedirect=false
2026-09-16-1023,simplify,Bedrock Robotics,Software Engineer Intern - Fleet Platform,Summer 2027,NYC,Other,https://jobs.ashbyhq.com/bedrock-robotics/8927dd7e-a48d-49a2-92eb-09ec059432f4/application?embed=true
2026-09-16-1023,simplify,Abundant,Research Intern Fellow,,SF,Other,https://jobs.ashbyhq.com/abundant/4da99916-c29b-49a2-8e2d-1964b1838e11/application?embed=true
2026-09-16-1023,simplify,Gecko Robotics,AI/Machine Learning Engineer Intern,Summer 2027,NYC,Other,https://jobs.ashbyhq.com/gecko-robotics/c097505b-0a28-4a33-a917-268f463641e8/application?embed=true
2026-09-16-1023,simplify,General Dynamics,Information Technology Intern - Software Engineering - Computer Science,Summer 2027,"Newport, RI; New London, CT; North Kingstown, RI; North Stonington, CT; Groton, CT",Other,https://careers-gdeb.icims.com/jobs/20341/job?mobile=true&needsRedirect=false
2026-09-16-1023,simplify,Gecko Robotics,Full Stack Software Engineer Intern,Summer 2027,NYC,Other,https://jobs.ashbyhq.com/gecko-robotics/01138338-ff3c-4982-8ba3-5401386bf082/application?embed=true
2026-09-16-1023,simplify,V2X,Artificial Intelligence Intern,Summer 2027,"Indianapolis, IN",Other,https://careers.gov2x.com/jobs/62843?icims=1
2026-09-16-1023,simplify,Bass Pro Shops,IT Developer Intern,Summer 2027,"Springfield, MO",Other,https://basspro.wd1.myworkdayjobs.com/careers/job/Springfield-MO-Bass-Pro-Shops-Base-Camp/IT-Developer-Intern-Summer-2027_R267441-1
2026-09-16-1023,jobright,CNH,Software Engineer Intern,,"Sioux Falls, SD, United States",,https://jobright.ai/jobs/info/6aa184c5dbc0e60e37e119f4?utm_campaign=1079&utm_source=git
2026-09-16-1023,jobright,Bedrock Robotics,"Internship 2027 Software Engineer, Fleet Platform",,"New York, NY, United States",,https://jobright.ai/jobs/info/6aaa8bd1f6bd9d2d17c182b6?utm_campaign=1079&utm_source=git
2026-09-16-1123,zshah,Gecko Robotics,AI/Machine Learning Engineering Intern,Summer 2027,New York City,unknown,https://jobs.ashbyhq.com/gecko-robotics/c097505b-0a28-4a33-a917-268f463641e8
2026-09-16-1123,zshah,Gecko Robotics,Full Stack Software Engineering Intern,Summer 2027,New York City,unknown,https://jobs.ashbyhq.com/gecko-robotics/01138338-ff3c-4982-8ba3-5401386bf082
2026-09-16-1123,zshah,Cartesian,IAP Software Engineering Intern 2027,Summer 2027,"Cambridge, MA",unknown,https://job-boards.greenhouse.io/cartesiansystems/jobs/4408204009
2026-09-16-1123,zshah,Gordon Food Service,Data Science Engineer Internship,,"Atlanta, Georgia",unknown,https://gfs.wd5.myworkdayjobs.com/usjobs-gen-gfs/job/Atlanta-Georgia/Data-Science-Engineer-Internship_R-57243-1
2026-09-16-1123,zshah,Nasdaq,Software Developer/ Engineer Intern - 2027 Summer Internship,Summer 2027,GA - Glenridge Point,unknown,https://nasdaq.wd1.myworkdayjobs.com/Global_External_Site/job/GA---Glenridge-Point/Software-Developer--Engineer-Intern---2027-Summer-Internship_R0026972
2026-09-16-1123,zshah,Relay,Relay Launchpad Intern - Software Engineer (AI/ML),Summer 2027,"Raleigh, NC",unknown,https://job-boards.greenhouse.io/relaypro/jobs/8176774
2026-09-16-1123,zshah,Relay,Relay Launchpad Intern - Software Engineer (Device Team),Summer 2027,"Raleigh, NC",unknown,https://job-boards.greenhouse.io/relaypro/jobs/8180836
2026-09-16-1123,zshah,Vermeer,IT Data Engineer Intern,,"Pella, Iowa, USA - Corporate Office",unknown,https://vermeer.wd5.myworkdayjobs.com/externalcareersite/job/Pella-Iowa-USA---Corporate-Office/IT-Data-Engineer-Intern_REQ-22171
2026-09-16-1123,zshah,Tihinsurance,Internship - Software Engineering,,Dallas TX - 12377 Merit Dr.,unknown,https://tihinsurance.wd1.myworkdayjobs.com/crc_careers/job/Dallas-TX---12377-Merit-Dr/Internship---Software-Engineering_R0000003172
2026-09-16-1123,zshah,Quantiq,Software Developer Internship (Summer 2027),Summer 2027,"Austin, TX",unknown,https://job-boards.greenhouse.io/quantiq/jobs/4287936009
2026-09-16-1123,jobright,Zip,Software Engineer Intern (Summer 2027),,"San Francisco, CA, United States",,https://jobright.ai/jobs/info/6a8e02e725fc4e7ae3dbf3d7?utm_campaign=1079&utm_source=git
2026-09-16-1123,jobright,RTX,"Receiver, Exciter, & Processing Architecture Software Engineer Intern (Summer 2027)",,"Marlborough, MA, United States",,https://jobright.ai/jobs/info/6aaaa0174be87a72913a058e?utm_campaign=1079&utm_source=git
2026-09-16-1223,jobright,Spectrum Equity,Front-End Software Engineer Intern,,"Lindon, UT, United States",,https://jobright.ai/jobs/info/6aaab7a1c85610f4a48411e3?utm_campaign=1079&utm_source=git
2026-09-16-1223,jobright,CACI International Inc,Software Engineer Intern - Summer 2027,,"Ypsilanti, MI, United States",,https://jobright.ai/jobs/info/6a9b4216fe45b8490f607a60?utm_campaign=1079&utm_source=git
2026-09-16-1223,jobright,IBM,Software Developer Intern,,"Poughkeepsie, NY, United States",,https://jobright.ai/jobs/info/6aa17413dbc0e60e37e11592?utm_campaign=1079&utm_source=git
2026-09-16-1623,zshah,Kitware,AI Research Internship,,"Clifton Park, New York",citizens-only,https://jobs.lever.co/kitware/ff25a349-a362-45d2-b1e4-2487c1df4f75
2026-09-16-1623,zshah,Kitware,Software Developer Internship,,"Clifton Park, New York",citizens-only,https://jobs.lever.co/kitware/7b6ff8f9-34c6-4338-845d-4e1bbc142906
2026-09-16-1623,zshah,AspenTech,Software Development Intern - Digital Grid Management - Summer 2027,Summer 2027,"Medina, Minnesota",unknown,https://aspentech.wd5.myworkdayjobs.com/aspentech/job/Medina-Minnesota/Software-Development-Intern---Digital-Grid-Management---Summer-2027_R9456
2026-09-16-1623,zshah,Clockwork Systems,Software Engineer Intern,,"Palo Alto, CA",unknown,https://job-boards.greenhouse.io/clockworksystems/jobs/6174230004
2026-09-16-1623,zshah,Gordon Food Service,Cloud DevOps Internship,,"Atlanta, Georgia",unknown,https://gfs.wd5.myworkdayjobs.com/usjobs-gen-gfs/job/Atlanta-Georgia/Cloud-DevOps-Internship_R-57259
2026-09-16-1623,zshah,KBR,Image Processing Software Engineer Intern,,"Sioux Falls, South Dakota",unknown,https://kbr.wd5.myworkdayjobs.com/KBR_Careers/job/Sioux-Falls-South-Dakota/Image-Processing-Software-Engineer-Intern_R2130067
2026-09-16-1623,zshah,Rendezvous Robotics,Software Engineering Intern (Summer 2027),Summer 2027,"Golden, CO",unknown,https://job-boards.greenhouse.io/rendezvousrobotics/jobs/4408590009
2026-09-16-1623,zshah,Collier Aerospace,NCSG AI Feature Development Internship (Summer 2027),Summer 2027,"Raleigh, NC",unknown,https://ats.rippling.com/collieraerospace/jobs/5a8bf9a3-c4f5-4c5a-ba9a-188979106827
2026-09-16-1623,jobright,Fontaine Modification Company,Forward Deployed Engineer Intern,,"Charlotte, NC, United States",,https://jobright.ai/jobs/info/6aaae5c740807b73bd3929c5?utm_campaign=1079&utm_source=git
2026-09-16-1623,jobright,Specialisterne USA,Software Engineer Intern - Neurodiversity Hiring Initiative,,"Dallas, TX, United States",,https://jobright.ai/jobs/info/6a85eafe4afae74a0834223c?utm_campaign=1079&utm_source=git
2026-09-16-1623,jobright,NISC,Intern - Software Development,,"Cedar Rapids, IA, United States",,https://jobright.ai/jobs/info/6a986028c8ed473c5c763b65?utm_campaign=1079&utm_source=git
2026-09-16-1623,jobright,Brunswick Corporation,Mercury Marine: Software Validation Intern,,"Oshkosh, WI, United States",,https://jobright.ai/jobs/info/6a8deb4e581f2d7bfdfe9f3a?utm_campaign=1079&utm_source=git
2026-09-16-1623,jobright,Elevated Web Design,AI Software Engineering Internship,,United States,,https://jobright.ai/jobs/info/6aaad7eff6bd9d2d17c19ecc?utm_campaign=1079&utm_source=git
2026-09-16-1623,jobright,Honeywell Technologies,Embedded Engineer - Summer 2027 Intern,,United States,,https://jobright.ai/jobs/info/6a8dfbda25fc4e7ae3dbf019?utm_campaign=1079&utm_source=git
2026-09-16-1623,jobright,"Clockwork Systems, Inc.",Software Engineer Intern,,"Palo Alto, CA, United States",,https://jobright.ai/jobs/info/6aaac5c6c85610f4a484185d?utm_campaign=1079&utm_source=git
2026-09-16-1623,jobright,TikTok,Frontend Engineer Intern (Ads Interface) - 2027 Summer,,"San Jose, CA, United States",,https://jobright.ai/jobs/info/6a765d2f4817aa43070480b4?utm_campaign=1079&utm_source=git
2026-09-16-1623,jobright,DecisionPoint Corporation,Software Engineering Intern,,United States,,https://jobright.ai/jobs/info/6aaac49640807b73bd391d04?utm_campaign=1079&utm_source=git
2026-09-16-1623,jobright,Honeywell Technologies,Embedded Engineer - Summer 2027 Intern (US Person Required),,United States,,https://jobright.ai/jobs/info/6a9bb5a7c1d6f91bc3883516?utm_campaign=1079&utm_source=git
2026-09-16-1623,jobright,Palantir Technologies,"Year at Palantir - Forward Deployed Software Engineer, Internship - USG",,"Washington, D.C., United States",,https://jobright.ai/jobs/info/6a590144856af468ab001219?utm_campaign=1079&utm_source=git
2026-09-16-1623,jobright,Spectrum Equity,Back-End Software Engineer Intern,,"Lindon, UT, United States",,https://jobright.ai/jobs/info/6aaab6ce40807b73bd391629?utm_campaign=1079&utm_source=git
2026-09-16-1623,jobright,CACI International Inc,Software Engineering Intern - Summer 2027,,"Denver, CO, United States",,https://jobright.ai/jobs/info/6aa5d720654b2a9424cf56e3?utm_campaign=1079&utm_source=git
2026-09-16-1623,jobright,IBM,Software Engineering Intern 2027,,"California, United States",,https://jobright.ai/jobs/info/6aaaa927f6bd9d2d17c18918?utm_campaign=1079&utm_source=git
2026-09-16-1923,simplify,Mercor,Software Engineer Intern,Winter 2025; Spring 2025; Summer 2025; Fall 2025; Winter 2026; Spring 2026; Summer 2026; Fall 2026; Winter 2027; Spring 2027; Summer 2027; Fall 2027,SF,Other,https://jobs.ashbyhq.com/mercor/de3025e5-10ca-4d55-b688-eff0e647ac8d/application
2026-09-16-1923,simplify,Relay,Software Engineer Intern - AI/ML,Summer 2027,"Raleigh, NC",Other,https://job-boards.greenhouse.io/relaypro/jobs/8176774
2026-09-16-1923,simplify,Tokyo Electron,Decision Analysis & AI Intern,Summer 2027,"Chaska, MN",Other,https://tel.wd3.myworkdayjobs.com/tel-careers/job/Chaska/Decision-Analysis---AI-Summer-2027-Intern_R26-01574
2026-09-16-1923,simplify,Nasdaq,Software Developer/Engineer Intern,Summer 2027,"Atlanta, GA",Other,https://nasdaq.wd1.myworkdayjobs.com/Global_External_Site/job/GA---Glenridge-Point/Software-Developer--Engineer-Intern---2027-Summer-Internship_R0026972
2026-09-16-1923,simplify,Tokyo Electron,Software Engineer Intern,Summer 2027,"Chaska, MN",Other,https://tel.wd3.myworkdayjobs.com/tel-careers/job/Chaska/Software-Engineer-2027-Summer-Intern_R26-01573
2026-09-16-1923,simplify,Relay,Software Engineer Intern - Device Team,Summer 2027,"Raleigh, NC",Other,https://job-boards.greenhouse.io/relaypro/jobs/8180836
2026-09-16-1923,simplify,Cyvl,Data Operations Intern - Summer 2027,Summer 2027,"Boston, MA; Somerville, MA",Other,https://jobs.ashbyhq.com/cyvl/f44bb1cf-7100-46f7-b3c2-6d2a566d4b0d/application?embed=true
2026-09-16-1923,simplify,Persona,Software Engineer Intern,Summer 2027,SF,Other,https://jobs.ashbyhq.com/persona/eb77c97c-fa9d-4bf0-9566-e5ba4453b7d3/application?embed=true
2026-09-16-1923,simplify,Decagon,Engineering Intern,Summer 2027,SF,Other,https://jobs.ashbyhq.com/decagon/16529089-a048-4bc3-8456-3f197135e00b/application?embed=true
2026-09-16-1923,simplify,Collier Aerospace,AI Feature Development Intern - NCSG,Summer 2027,"Raleigh, NC",Other,https://ats.rippling.com/collieraerospace/jobs/5a8bf9a3-c4f5-4c5a-ba9a-188979106827
2026-09-16-1923,simplify,Charter Manufacturing,Automation & Analytics Intern,Winter 2027; Summer 2027; Fall 2027,"Milwaukee, WI",Other,https://chartermfg.wd5.myworkdayjobs.com/Charter_Careers/job/Charter-Wire---Menomonee-Valley---Milwaukee-WI/Automation---Analytics-Intern--Year-Round-_R08112
2026-09-16-1923,simplify,RTX,Software Engineer Co-op - Winter/Spring 2027,Winter 2027; Spring 2027,"Cedar Rapids, IA",Other,https://globalhr.wd5.myworkdayjobs.com/rec_rtx_ext_gateway/job/US-IA-CEDAR-RAPIDS-124--400-Collins-Rd-NE--BLDG-124/Software-Engineering-Co-op--Winter-Spring-2027-_01875464
2026-09-16-1923,simplify,Barr,Data Science Intern,Summer 2026; Summer 2027,"Minneapolis, MN",Other,https://barr.wd1.myworkdayjobs.com/barrcareers/job/Minneapolis-MN/Internship---Data-Science--Remote-_R-102342
2026-09-16-1923,simplify,Ragle Inc,Software Engineer Intern,Summer 2027,"North Richland Hills, TX",Other,https://ragleinc.applytojob.com/apply/lonTfWhOqm/Software-Engineer-Intern
2026-09-16-1923,simplify,GM financial,Data Science Intern,Summer 2027,"Fort Worth, TX",Other,https://fa-exvu-saasfaprod1.fa.ocs.oraclecloud.com/hcmUI/CandidateExperience/en/sites/CX_1/job/260839
2026-09-16-1923,simplify,Wellington Management,Investment Strategy Technology Co-op,Winter 2026; Winter 2027,"Boston, MA",Other,https://wellington.wd5.myworkdayjobs.com/Campus/job/Boston-MA-United-States/Investment-Strategy-Technology-Co-Op_R94831
2026-09-16-1923,simplify,Tesla,Factory Firmware Integration Intern - Energy Engineering,Winter 2027; Spring 2027,"Buffalo, NY",Other,https://www.tesla.com/careers/search/job/283630
2026-09-16-1923,simplify,CoVar,Machine Learning Intern,Summer 2027,"Durham, NC",Other,https://job-boards.greenhouse.io/covar/jobs/5240360007
2026-09-16-1923,simplify,AspenTech,Software Development Intern,Summer 2027,"Medina, MN",Other,https://aspentech.wd5.myworkdayjobs.com/aspentech/job/Medina-Minnesota/Software-Development-Intern---Digital-Grid-Management---Summer-2027_R9456
2026-09-16-1923,simplify,Gordon Food Service,Data Science Engineer Intern,Summer 2027,"Atlanta, GA",Other,https://gfs.wd5.myworkdayjobs.com/usjobs-gen-gfs/job/Atlanta-Georgia/Data-Science-Engineer-Internship_R-57243-1
2026-09-16-1923,zshah,GM financial,Intern - Data Science,Summer 2027,"Fort Worth, TX, United States",unknown,https://fa-exvu-saasfaprod1.fa.ocs.oraclecloud.com/hcmUI/CandidateExperience/en/sites/CX_1/job/260839
2026-09-16-1923,zshah,American Century Investments,Cybersecurity Intern,Fall 2026,"Kansas City, Missouri",no-sponsorship,https://americancentury.wd5.myworkdayjobs.com/AmericanCenturyInvestments/job/Kansas-City-Missouri/Cybersecurity-Intern_R0005729
2026-09-16-1923,zshah,Bass Pro Shops,Cybersecurity Intern Summer 2027,Summer 2027,"Springfield, MO (Bass Pro Shops Base Camp)",unknown,https://basspro.wd1.myworkdayjobs.com/careers/job/Springfield-MO-Bass-Pro-Shops-Base-Camp/Cybersecurity-Intern-Summer-2027_R267444
2026-09-16-1923,zshah,Bass Pro Shops,IT Developer Intern Summer 2027,Summer 2027,"Springfield, MO (Bass Pro Shops Base Camp)",unknown,https://basspro.wd1.myworkdayjobs.com/careers/job/Springfield-MO-Bass-Pro-Shops-Base-Camp/IT-Developer-Intern-Summer-2027_R267441-1
2026-09-16-1923,zshah,Graco,Software Engineer Intern,,"Dayton, Minnesota, USA (French Lake)",no-sponsorship,https://graco.wd501.myworkdayjobs.com/Graco_Careers/job/Dayton-Minnesota-USA-French-Lake/Software-Engineer-Intern_R0023556
2026-09-16-1923,jobright,Insulet Corporation,"Co-op, Embedded Software Test Engineering: January - June 2027 (Onsite)",,"Acton, MA, United States",,https://jobright.ai/jobs/info/6aab01da40807b73bd3934a6?utm_campaign=1079&utm_source=git
2026-09-16-1923,jobright,Valeo,Test Tools Engineering Intern (Year-Round),,"Troy, MI, United States",,https://jobright.ai/jobs/info/6aaadafc76707040fb082b25?utm_campaign=1079&utm_source=git
2026-09-16-1923,jobright,Amazon,"Solutions Architect Intern, AWSI - 2027",,"Dallas, TX, United States",,https://jobright.ai/jobs/info/6aab14d84be87a72913a32b7?utm_campaign=1079&utm_source=git
2026-09-16-1923,jobright,Nutanix,Software Engineer Intern (Summer 2027),,"San Jose, CA, United States",,https://jobright.ai/jobs/info/6aab134640807b73bd393b84?utm_campaign=1079&utm_source=git
2026-09-16-1923,jobright,Cisco,Software Engineer I (Intern) - United States,,"Durham, NC, United States",,https://jobright.ai/jobs/info/6aab0fec76707040fb083f9d?utm_campaign=1079&utm_source=git
2026-09-16-1923,jobright,WebFX,Web Developer Internship,,"Harrisburg, PA",,https://jobright.ai/jobs/info/6a1984569111f771d1a06393?utm_campaign=1079&utm_source=git
2026-09-16-1923,jobright,Raytheon,Software Engineer Intern,,"Tucson, AZ, United States",,https://jobright.ai/jobs/info/6aab021e4be87a72913a2b44?utm_campaign=1079&utm_source=git
2026-09-16-1923,jobright,Northmarq,"Software Engineering Intern, Summer 2027",,"Minneapolis, MN, United States",,https://jobright.ai/jobs/info/6a98898611f73b6462c8f2bc?utm_campaign=1079&utm_source=git
2026-09-16-1923,jobright,Toyota Automated Logistics,Software Project Engineer Intern (Summer 2027),,"Louisville, KY, United States",,https://jobright.ai/jobs/info/6aaafffe8e1bf0f764af7cb7?utm_campaign=1079&utm_source=git
2026-09-16-1923,jobright,Astronautics Corporation of America,Software Engineering Intern (PHX),,"Phoenix, AZ, United States",,https://jobright.ai/jobs/info/6aaaea0e76707040fb083080?utm_campaign=1079&utm_source=git
2026-09-16-1923,jobright,InterSystems,Micro-Intern: Angular/FHIR Development (IAP),,"Boston, MA, United States",,https://jobright.ai/jobs/info/6aaaf9a8c85610f4a4842bfa?utm_campaign=1079&utm_source=git
2026-09-16-1923,jobright,Aspen Technology,Software Development Intern - Digital Grid Management - Summer 2027,,"Medina, MN, United States",,https://jobright.ai/jobs/info/6aaaeb05f6bd9d2d17c1a5b7?utm_campaign=1079&utm_source=git
2026-09-16-1923,jobright,InterSystems,Micro-Intern: Web Development (IAP),,"Boston, MA, United States",,https://jobright.ai/jobs/info/6aaaf9d28e1bf0f764af79ec?utm_campaign=1079&utm_source=git
2026-09-16-1923,jobright,Decagon,Engineering Intern (Summer 2027),,"San Francisco, CA, United States",,https://jobright.ai/jobs/info/6aaafa73c85610f4a4842ca8?utm_campaign=1079&utm_source=git
2026-09-16-1923,jobright,Persona,"Software Engineer, Intern (Summer 2027)",,"San Francisco, CA, United States",,https://jobright.ai/jobs/info/6aaaf9f6f6bd9d2d17c1aaa7?utm_campaign=1079&utm_source=git
2026-09-16-1923,jobright,IBM,Silicon Technology Research and Development Software Engineering Intern - 2027,,"Yorktown Heights, NY, United States",,https://jobright.ai/jobs/info/6aa3bbcdc5a856ac7e33b49a?utm_campaign=1079&utm_source=git
2026-09-16-1923,jobright,Emergent,Software Engineering Intern,,"San Francisco, CA, United States",,https://jobright.ai/jobs/info/6aaaeb884be87a72913a229d?utm_campaign=1079&utm_source=git
2026-09-16-1923,jobright,Kitware Inc.,Software Developer Internship,,"Clifton Park, NY, United States",,https://jobright.ai/jobs/info/6aaaeb7d76707040fb08314c?utm_campaign=1079&utm_source=git
2026-09-16-1923,jobright,Boston Scientific,Software Engineering Internship Job Details / Boston Scientific,,"Maple Grove, MN, United States",,https://jobright.ai/jobs/info/6aa7bad8a77a53f5a1575e6c?utm_campaign=1079&utm_source=git
2026-09-16-2123,jobright,Ezzy Manufacturing,Software Intern,,"South Holland, Illinois, United States",,https://jobright.ai/jobs/info/6aab1c56f6bd9d2d17c1b8d9?utm_campaign=1079&utm_source=git
2026-09-16-2123,jobright,AV,Summer 2027 Software Engineering Intern,,"Simi Valley, CA, United States",,https://jobright.ai/jobs/info/6a970054246d697dcee029ca?utm_campaign=1079&utm_source=git
2026-09-16-2223,jobright,Red Cat Holdings,Software Engineer Intern - Stem Fair,,"Salt Lake City, UT, United States",,https://jobright.ai/jobs/info/6aab38d776707040fb084bf4?utm_campaign=1079&utm_source=git
2026-09-16-2223,jobright,TikTok,Frontend Software Engineer Project Intern (Global CRM) - 2026 Start（BS/MS）,,"San Jose, CA, United States",,https://jobright.ai/jobs/info/6a50aa27d5d2a327b664cde5?utm_campaign=1079&utm_source=git
2026-09-16-2223,jobright,Tokyo Electron US,Software Engineer 2027 Summer Intern,,"Austin, TX, United States",,https://jobright.ai/jobs/info/6aab1a05c85610f4a48439c2?utm_campaign=1079&utm_source=git
2026-09-16-2223,jobright,TikTok,Software Development Engineer Intern (Global E-Commerce - Quality Platform & AI Test Automation) - 2027 Summer,,"San Jose, CA, United States",,https://jobright.ai/jobs/info/6a714fca71acd469eeda266d?utm_campaign=1079&utm_source=git
2026-09-16-2223,jobright,"KBR, Inc.",Image Processing Software Engineer Intern,,"Sioux Falls, SD, United States",,https://jobright.ai/jobs/info/6aab0281c85610f4a4843053?utm_campaign=1079&utm_source=git
2026-09-16-2323,jobright,ARA,Software Quality Assurance Intern,,"Baton Rouge, LA, United States",,https://jobright.ai/jobs/info/6aab41064be87a72913a3ec7?utm_campaign=1079&utm_source=git
2026-09-16-2323,jobright,Boston Scientific,Software Engineering Internship,,"Maple Grove, MN, United States",,https://jobright.ai/jobs/info/6aa7300c930bff471a2a2f97?utm_campaign=1079&utm_source=git
2026-09-17-0023,jobright,Keurig Dr Pepper Inc.,Fall 2027 Co-op - Mobile App Development,,"Burlington, MA, United States",,https://jobright.ai/jobs/info/6aa015415b2d5633ef3bc4fc?utm_campaign=1079&utm_source=git
2026-09-17-0123,jobright,Waymo,"2027 Summer Intern, BS/MS, Software Engineering, Maneuvering Tech",,"San Francisco, CA, United States",,https://jobright.ai/jobs/info/6aab6b69c85610f4a4844a02?utm_campaign=1079&utm_source=git
2026-09-17-0123,jobright,"Hakkōda, an IBM Company",Software Engineering Intern 2027,,"Research Park, CA, United States",,https://jobright.ai/jobs/info/6aab6060f6bd9d2d17c1c67a?utm_campaign=1079&utm_source=git
2026-09-17-0724,simplify,Vanguard,Co-op - Multiple Teams,Spring 2027; Summer 2027,"Dallas, TX",Other,https://vanguard.wd5.myworkdayjobs.com/en-US/contractors_restricted/job/DallasFt-Worth-TX/XMLNAME-2027-Spring-Summer-Co-op-Opportunities---Dallas_182410
2026-09-17-0724,simplify,Smith+Nephew,Data Science Intern - AI Center of Excellence,Summer 2027,"Pittsburgh, PA",Other,https://smithnephew.wd5.myworkdayjobs.com/External/job/US---Pittsburgh-PA/Intern-AI-Center-of-Excellence-Data-Science_R92480-1
2026-09-17-0724,simplify,Smith+Nephew,Robotics Software Engineer Intern,Summer 2027,"Pittsburgh, PA",Other,https://smithnephew.wd5.myworkdayjobs.com/External/job/US---Pittsburgh-PA/Intern-Robotics-Software-Engineering_R92482
2026-09-17-0724,simplify,Waymo,Software Engineering Intern - Maneuvering Tech,Summer 2027,SF,Other,https://careers.withwaymo.com/jobs?gh_jid=8203200
2026-09-17-0724,zshah,Amperesand,Software Engineering Intern,,"Reno, Nevada, United States",unknown,https://job-boards.greenhouse.io/amperesand/jobs/4409254009
2026-09-17-0724,zshah,Smith+Nephew,Intern AI Center of Excellence Data Science,Summer 2027,"US - Pittsburgh, PA",unknown,https://smithnephew.wd5.myworkdayjobs.com/External/job/US---Pittsburgh-PA/Intern-AI-Center-of-Excellence-Data-Science_R92480-1
2026-09-17-0724,zshah,Barr,Internship - Data Science (Remote),,"Minneapolis, MN",no-sponsorship,https://barr.wd1.myworkdayjobs.com/barrcareers/job/Minneapolis-MN/Internship---Data-Science--Remote-_R-102342
2026-09-17-0724,zshah,Cisco,Security Engineer I (Intern) - United States,,"RTP, North Carolina, US",citizens-only,https://cisco.wd5.myworkdayjobs.com/cisco_careers/job/RTP-North-Carolina-US/Security-Engineer-I--Intern----United-States_2025885
2026-09-17-0724,zshah,Relay,Software Engineering Intern (AI/ML) - Summer 2027,Summer 2027,"Raleigh, NC",unknown,https://job-boards.greenhouse.io/relaypro/jobs/8176774
2026-09-17-0724,zshah,Relay,Software Engineering Intern (Device Team) - Summer 2027,Summer 2027,"Raleigh, NC",unknown,https://job-boards.greenhouse.io/relaypro/jobs/8180836
2026-09-17-0724,jobright,Keurig Dr Pepper Inc.,Winter 2027 Co-op - Mobile App Development,,"Burlington, MA, United States",,https://jobright.ai/jobs/info/6aa04d56ea127c37946963ea?utm_campaign=1079&utm_source=git
2026-09-17-0724,jobright,LEXORA AI LLC,Remote Software Development Intern,,"Pinellas Park, FL, United States",,https://jobright.ai/jobs/info/6aaba22776707040fb0859b2?utm_campaign=1079&utm_source=git
2026-09-17-0724,jobright,TikTok,"Software Engineer Intern (Recommendation Infra, Performance Efficiency) - 2027 Summer",,"San Jose, CA, United States",,https://jobright.ai/jobs/info/6a866763d34f700f87fc1a2d?utm_campaign=1079&utm_source=git
2026-09-17-0724,jobright,Lyte,Intern - Software Engineering,,"Sunnyvale, CA, United States",,https://jobright.ai/jobs/info/6aab846f8e1bf0f764af9b1f?utm_campaign=1079&utm_source=git
2026-09-17-0724,jobright,Speria,Software Engineering Internship,,"Atlanta, GA, United States",,https://jobright.ai/jobs/info/6aab8307f6bd9d2d17c1ca67?utm_campaign=1079&utm_source=git
2026-09-17-0724,jobright,GenPark,Software Development Intern,,"Los Angeles, CA, United States",,https://jobright.ai/jobs/info/6aab77a8c85610f4a4844c15?utm_campaign=1079&utm_source=git
2026-09-17-0724,jobright,Vanguard,2027 Spring/Summer Software Engineering Co-op Opportunities,,"Dallas, TX, United States",,https://jobright.ai/jobs/info/6aab8e0d76707040fb08581c?utm_campaign=1079&utm_source=git
2026-09-17-0823,jobright,BAE Systems,"Software Engineering Intern III, Summer 2027",,"Nashua, NH, United States",,https://jobright.ai/jobs/info/6a4ff66b9469c0662034f921?utm_campaign=1079&utm_source=git
2026-09-17-1024,simplify,Visa,Software Engineer Intern,Summer 2027,"Denver, CO",Other,https://visa.wd5.myworkdayjobs.com/Visa/job/US---Denver-CO/XMLNAME-2027-Sophomore-Internship-Program---Software-Engineer-Intern--Highlands-Ranch_REF088597W-1
2026-09-17-1024,simplify,Axcelis Technologies,Manufacturing Software Development Co-op,Winter 2027; Spring 2027,"Beverly, MA",Other,https://axcelis.wd1.myworkdayjobs.com/axcelis/job/Beverly-MA/Co-Op---Manufacturing-Software-Development-_12019
2026-09-17-1024,simplify,Visa,Software Engineer Intern - Sophomore Internship Program,Summer 2027,"Austin, TX",Other,https://visa.wd5.myworkdayjobs.com/Visa/job/US---Austin-TX/XMLNAME-2027-Sophomore-Internship-Program---Software-Engineer-Intern--Austin_REF088596W-1
2026-09-17-1024,simplify,Howmet Aerospace,Artificial Intelligence Intern - AI,Summer 2027,"Pittsburgh, PA",Other,https://fa-exty-saasfaprod1.fa.ocs.oraclecloud.com/hcmUI/CandidateExperience/en/sites/CX_1/job/119494
2026-09-17-1024,simplify,Avis Budget Group,IT Engineering Intern - Accelerate,Summer 2027,"Parsippany-Troy Hills, NJ",Other,https://avisbudget.wd1.myworkdayjobs.com/abg_careers/job/379-Interpace-Pkwy-Parsippany-07054/Accelerate---IT-Engineering-Intern-Summer-2027_R0190463
2026-09-17-1024,jobright,TikTok,Software Engineer Intern (Global E-commerce-Search) - 2027 Summer,,"Seattle, WA, United States",,https://jobright.ai/jobs/info/6a79c504b17cba5690363a0d?utm_campaign=1079&utm_source=git
2026-09-17-1107,jobright,LyondellBasell,2027 Digital Technology Intern,,"Houston, TX, United States",,https://jobright.ai/jobs/info/6a9035547c32860d14cf8223?utm_campaign=1079&utm_source=git
2026-09-17-1107,jobright,Realm Alliance,Software Engineer - Intern,,United States,,https://jobright.ai/jobs/info/6a8f11a2d7c91d0cf446d5e1?utm_campaign=1079&utm_source=git
2026-09-17-1107,jobright,Visa,"Software Engineer, Intern - Foster City 2027",,"Foster City, CA, United States",,https://jobright.ai/jobs/info/6aabe6413e3ce93970c7a9b7?utm_campaign=1079&utm_source=git
2026-09-17-1107,jobright,GreatAmerica,Software Quality Engineer Intern,,"Cedar Rapids, IA, United States",,https://jobright.ai/jobs/info/6aabf0aa2e757fcb5c8b2d32?utm_campaign=1079&utm_source=git
2026-09-17-1324,zshah,ConductorAI,Software Engineer Intern,,New York City,citizens-only,https://jobs.ashbyhq.com/conductorai/d6a1b110-10ad-4b5e-83a0-88c5fd7bc891
2026-09-17-1324,zshah,GM financial,Intern - Software Development Engineer,,"Arlington, TX, United States",unknown,https://fa-exvu-saasfaprod1.fa.ocs.oraclecloud.com/hcmUI/CandidateExperience/en/sites/CX_1/job/260818
2026-09-17-1324,zshah,GM financial,Intern - Oracle Application Developer,Summer 2027,"Irving, TX, United States",unknown,https://fa-exvu-saasfaprod1.fa.ocs.oraclecloud.com/hcmUI/CandidateExperience/en/sites/CX_1/job/260804
2026-09-17-1324,zshah,Howmet Aerospace,Intern - Artificial Intelligence (AI),,"Pittsburgh, PA, United States",no-sponsorship,https://fa-exty-saasfaprod1.fa.ocs.oraclecloud.com/hcmUI/CandidateExperience/en/sites/CX_1/job/119494
2026-09-17-1324,zshah,Clarios,Data Science Intern (Summer 2027),Summer 2027,"United States, Wisconsin, Milwaukee",no-sponsorship,https://clarios.wd5.myworkdayjobs.com/clarioscareers/job/United-States-Wisconsin-Milwaukee/Data-Science-Intern--Summer-2027-_WD50211
2026-09-17-1324,zshah,SharkNinja,Applied AI & Analytics Co-op Opportunities,,"Miami, Florida, United States; Needham, MA, United States; New York, New York, United States",unknown,https://job-boards.greenhouse.io/sharkninjaoperatingllc/jobs/4713793006
2026-09-17-1324,zshah,SharkNinja,Applied AI & Analytics Intern Opportunities,,"Miami, Florida, United States; Needham, MA, United States",unknown,https://job-boards.greenhouse.io/sharkninjaoperatingllc/jobs/4713808006
2026-09-17-1324,zshah,Visa,"Software Engineer, Intern, Bellevue - 2027",Summer 2027,"US - Bellevue, WA",no-sponsorship,https://visa.wd5.myworkdayjobs.com/Visa/job/US---Bellevue-WA/Software-Engineer--Intern--Bellevue---2027_REF088585W-2
2026-09-17-1324,zshah,Visa,"2027 Sophomore Internship Program - Software Engineer Intern, Ashburn",Summer 2027,"US - Ashburn, VA",no-sponsorship,https://visa.wd5.myworkdayjobs.com/Visa/job/US---Ashburn-VA/XMLNAME-2027-Sophomore-Internship-Program---Software-Engineer-Intern--Ashburn_REF088599W-1
2026-09-17-1324,zshah,Visa,"2027 Sophomore Internship Program - Software Engineer Intern, Highlands Ranch",Summer 2027,"US - Denver, CO",no-sponsorship,https://visa.wd5.myworkdayjobs.com/Visa/job/US---Denver-CO/XMLNAME-2027-Sophomore-Internship-Program---Software-Engineer-Intern--Highlands-Ranch_REF088597W-1
2026-09-17-1324,zshah,Visa,"2027 Sophomore Internship Program - Software Engineer Intern, Austin",Summer 2027,"US - Austin, TX",no-sponsorship,https://visa.wd5.myworkdayjobs.com/Visa/job/US---Austin-TX/XMLNAME-2027-Sophomore-Internship-Program---Software-Engineer-Intern--Austin_REF088596W-1
2026-09-17-1324,zshah,Visa,"2027 Sophomore Internship Program - Software Engineer Intern, Bellevue",Summer 2027,"US - Bellevue, WA",no-sponsorship,https://visa.wd5.myworkdayjobs.com/Visa/job/US---Bellevue-WA/XMLNAME-2027-Sophomore-Internship-Program---Software-Engineer-Intern--Bellevue_REF088594W-1
2026-09-17-1324,zshah,Visa,"2027 Sophomore Internship Program - Software Engineer Intern, Foster City",Summer 2027,"US - Foster City, CA",no-sponsorship,https://visa.wd5.myworkdayjobs.com/Visa/job/US---Foster-City-CA/XMLNAME-2027-Sophomore-Internship-Program---Software-Engineer-Intern--Foster-City_REF088591W-1
2026-09-17-1324,zshah,Visa,"Software Engineer, Intern, Highlands Ranch, CO - 2027",Summer 2027,"US - Denver, CO",no-sponsorship,https://visa.wd5.myworkdayjobs.com/Visa/job/US---Denver-CO/Software-Engineer--Intern--Highlands-Ranch--CO---2027_REF088583W
2026-09-17-1324,zshah,Visa,"Software Engineer, Intern - 2027 Ashburn, VA",Summer 2027,"US - Ashburn, VA",no-sponsorship,https://visa.wd5.myworkdayjobs.com/Visa/job/US---Ashburn-VA/Software-Engineer--Intern---2027-Ashburn--VA_REF088577W-1
2026-09-17-1324,zshah,Visa,"Software Engineer, Intern - 2027 Austin, TX",Summer 2027,"US - Austin, TX",no-sponsorship,https://visa.wd5.myworkdayjobs.com/Visa/job/US---Austin-TX/Software-Engineer--Intern---2027-Austin--TX_REF088544W-1
2026-09-17-1324,zshah,CoVar,Machine Learning Internship Summer 2027,Summer 2027,"Durham, NC",unknown,https://job-boards.greenhouse.io/covar/jobs/5240360007
2026-09-17-1324,zshah,Nanopath,Software Development Co-op (Jan '27 Start),Summer 2027,"Cambridge, MA",unknown,https://job-boards.greenhouse.io/nanopathinc/jobs/4732881005
2026-09-17-1324,jobright,SharkNinja,Engineering & Technology Intern Opportunities,,"Needham, MA, United States",,https://jobright.ai/jobs/info/6aac0e853dbb1f8967ce87a3?utm_campaign=1079&utm_source=git
2026-09-17-1324,jobright,Zipline,Embedded Engineering Intern (Summer 2027),,"South San Francisco, CA, United States",,https://jobright.ai/jobs/info/6a8f7afe8ffa38557e6c9722?utm_campaign=1079&utm_source=git
2026-09-17-1324,jobright,Imagine,Summer 2027 Software Development Intern,,"Shakopee, MN, United States",,https://jobright.ai/jobs/info/6aabffbc3e3ce93970c7b137?utm_campaign=1079&utm_source=git
2026-09-17-1324,jobright,Brown & Brown,Technology Solutions Intern,,"Daytona Beach, FL, United States",,https://jobright.ai/jobs/info/6aac0ed62e757fcb5c8b3709?utm_campaign=1079&utm_source=git
2026-09-17-1423,jobright,RTX,Software Development Intern (Summer 2027),,"Tewksbury, MA, United States",,https://jobright.ai/jobs/info/6aac1a7a95c707f49dfef841?utm_campaign=1079&utm_source=git
2026-09-17-1423,jobright,Leidos,Software Developer Co-op,,"Bethesda, MD, United States",,https://jobright.ai/jobs/info/6aac1fff636cddf7396f25aa?utm_campaign=1079&utm_source=git
2026-09-17-1423,jobright,Amtrak,Fall 2026/Spring 2027 - Software Engineering Intern - 90413045 - Washington,,"Washington, DC, United States",,https://jobright.ai/jobs/info/6aac1c6a3dbb1f8967ce8e1c?utm_campaign=1079&utm_source=git
2026-09-17-1624,zshah,Honeywell,Software Engineer Co-Op - Spring/Summer 2027,Summer 2027,"Pittsford, NY, United States",citizens-only,https://ibqbjb.fa.ocs.oraclecloud.com/hcmUI/CandidateExperience/en/sites/CX_1/job/158088
2026-09-17-1624,zshah,Insperity,Rotational AI Intern,,"Kingwood, TX",unknown,https://insperity.wd12.myworkdayjobs.com/NSP/job/Kingwood-TX/Rotational-AI-Intern_JR103294
2026-09-17-1624,zshah,LabCorp,Intern – Network Infrastructure & Automation Engineering,Summer 2027; Winter 2027,Durham NC,no-sponsorship,https://labcorp.wd1.myworkdayjobs.com/external/job/Durham-NC/Intern---Network-Infrastructure---Automation-Engineering_2632795
2026-09-17-1624,zshah,Leidos,Research Engineer Intern,,"Pittsburgh, PA",unknown,https://leidos.wd5.myworkdayjobs.com/External/job/Pittsburgh-PA/Research-Engineer-Intern_R-00192500
2026-09-17-1624,zshah,Marvell,"SRAM Software Engineer Intern, BS - Summer 2027",Summer 2027,"Burlington, VT",unknown,https://marvell.wd1.myworkdayjobs.com/MarvellCareers/job/Burlington-VT/SRAM-Software-Engineer-Intern--BS---Summer-2027_2603760-1
2026-09-17-1624,zshah,Renesas Electronics,Embedded Systems Intern,,"Remote, REMOTE, United States (Remote)",unknown,https://jobs.smartrecruiters.com/RenesasElectronics/744000150194379
2026-09-17-1624,jobright,Mercury Systems,2027 Software Engineer Co-Op,,"Andover, MA, United States",,https://jobright.ai/jobs/info/6aac312195c707f49dff00a3?utm_campaign=1079&utm_source=git
2026-09-17-1624,jobright,Riverside Research,Formal Methods Research Intern,,"Lexington, MA, United States",,https://jobright.ai/jobs/info/6aac30da2e757fcb5c8b4429?utm_campaign=1079&utm_source=git
2026-09-17-1624,jobright,L3Harris Technologies,"Intern, Software Engineer",,"Northampton, MA, United States",,https://jobright.ai/jobs/info/6aac30b83e3ce93970c7c31c?utm_campaign=1079&utm_source=git
2026-09-17-1624,jobright,Expedition Technology,Summer 2027 Internship in Software Engineering - R146,,"Herndon, VA, United States",,https://jobright.ai/jobs/info/6aac2cf73d96632d741a9988?utm_campaign=1079&utm_source=git
2026-09-17-1624,jobright,Lennox,AI-Enabled Full-Stack Software Engineering Intern,,"Richardson, TX, United States",,https://jobright.ai/jobs/info/6aac28cd3d96632d741a97c5?utm_campaign=1079&utm_source=git
2026-09-17-1624,jobright,General Dynamics,Embedded Software Engineer – Intern,,"Boise, ID, United States",,https://jobright.ai/jobs/info/6aac2af63e3ce93970c7c0b7?utm_campaign=1079&utm_source=git
2026-09-17-1624,jobright,The Options Clearing Corporation (OCC),Summer Intern - Software Engineering: UI/UX,,"Chicago, IL, United States",,https://jobright.ai/jobs/info/6aac2c252e757fcb5c8b41f8?utm_campaign=1079&utm_source=git
2026-09-17-1724,jobright,The Options Clearing Corporation (OCC),Year-Round Intern - Cloud Engineering,,"Chicago, IL, United States",,https://jobright.ai/jobs/info/6aac0e882e757fcb5c8b36db?utm_campaign=1079&utm_source=git
2026-09-17-1724,jobright,Truveta,Software Engineering Intern,,"Seattle, WA, United States",,https://jobright.ai/jobs/info/6a99b40a551435518ebf07ee?utm_campaign=1079&utm_source=git
2026-09-17-1824,simplify,LSEG,Engineering Intern,Summer 2027,NYC,Other,https://lseg.wd3.myworkdayjobs.com/Graduate_Careers/job/New-York-City-United-States/Engineering-Summer-Internship-Programme_R0123569
2026-09-17-1824,simplify,Gordon Food Service,Data Engineering Intern - Atlanta Tech Hub - Data Engineering,Summer 2027,"Atlanta, GA",Other,https://gfs.wd5.myworkdayjobs.com/usjobs-gen-gfs/job/Atlanta-Georgia/Data-Engineering-Internship_R-57330
2026-09-17-1824,simplify,Generac,Data Science Intern - Summer 2027,Summer 2027,"Pewaukee, WI; Waukesha, WI",Other,https://generac.wd5.myworkdayjobs.com/en-US/external/job/Waukesha-WI---USA/Data-Science-Intern---Summer-2027_JR17001
2026-09-17-1824,simplify,Robert Bosch Venture Capital,AI Engineering Intern,Fall 2026; Winter 2027; Summer 2027,"Plymouth, MI",Other,https://jobs.smartrecruiters.com/BoschGroup/744000150217869
2026-09-17-1824,simplify,Fidelity National Information Services,Software Engineer Intern - FIS University Program,Summer 2027,"Milwaukee, WI; Jacksonville, FL; Atlanta, GA",Other,https://fis.wd5.myworkdayjobs.com/searchjobs/job/US-FL-JAX-347/Intern--Software-Engineer--FIS-University-Program_JR0309512
2026-09-17-1824,simplify,Fidelity National Information Services,Data Analytics and AI Intern - FIS University Program,Summer 2027,"Milwaukee, WI; Jacksonville, FL; Atlanta, GA",Other,https://fis.wd5.myworkdayjobs.com/searchjobs/job/US-FL-JAX-347/Intern--Data-Analytics-and-AI--FIS-University-Program_JR0309690
2026-09-17-1824,simplify,Geneva Trading,AI Engineer Intern,Summer 2027,"Chicago, IL",Other,https://job-boards.greenhouse.io/genevatrading/jobs/5240107007
2026-09-17-1824,simplify,Tower Research Capital,Software Engineer Intern - Summer 2027,Summer 2027,NYC,Other,https://www.tower-research.com/open-positions/?gh_jid=8212158
2026-09-17-1824,simplify,OCC,Data Intern - Data,Summer 2027,"Chicago, IL",Other,https://theocc.wd5.myworkdayjobs.com/careers/job/Chicago---125-S-Franklin/Summer-Intern---Data_REQ-4844
2026-09-17-1824,simplify,Waymo,Scenes Intern,Summer 2027,"Mountain View, CA",Other,https://careers.withwaymo.com/jobs?gh_jid=8210170
2026-09-17-1824,simplify,Lennox International,AI & Analytics Intern,Summer 2027,"Richardson, TX",Other,https://uscareers-lennox.icims.com/jobs/54804/job?mobile=true&needsRedirect=false
2026-09-17-1824,simplify,Republic Airways,Data Analytics Intern,Summer 2027,"Carmel, IN",Other,https://rjet.wd108.myworkdayjobs.com/External_Career_Site/job/Carmel-Headquarters/Data-Analytics-Intern---Summer-2027_JR-007628
2026-09-17-1824,simplify,OCC,AI Research & Engineering Intern,Winter 2027; Spring 2027; Summer 2027; Fall 2027,"Chicago, IL",Other,https://theocc.wd5.myworkdayjobs.com/careers/job/Chicago---125-S-Franklin/Year-Round-Intern---AI-Research---Engineering_REQ-4833
2026-09-17-1824,simplify,OCC,Data Intern,Winter 2027,"Chicago, IL",Other,https://theocc.wd5.myworkdayjobs.com/careers/job/Chicago---125-S-Franklin/Year-Round-Intern---Data_REQ-4846
2026-09-17-1824,simplify,OCC,Software Engineering Intern - UI/UX,Summer 2027,"Chicago, IL",Other,https://theocc.wd5.myworkdayjobs.com/careers/job/Chicago---125-S-Franklin/Summer-Intern---Software-Engineering--UI-UX_REQ-4868
2026-09-17-1824,simplify,Boston Scientific,Data Science Co-op,Summer 2027; Spring 2027,"Maple Grove, MN",Other,https://bostonscientific.eightfold.ai/careers/job/563602813600487
2026-09-17-1824,simplify,Blue Cross and Blue Shield of Kansas,RPA Engineer Intern,Summer 2027,"Topeka, KS",Other,https://bcbsks.wd1.myworkdayjobs.com/External/job/Topeka/RPA-Engineering-Developer-Intern_R2026350
2026-09-17-1824,simplify,Honeywell,Software Engineer Co-op,Spring 2027; Summer 2027,"Pittsford, NY",Other,https://ibqbjb.fa.ocs.oraclecloud.com/hcmUI/CandidateExperience/en/sites/Honeywell/job/158088
2026-09-17-1824,simplify,Honeywell,Data Science Co-op,Spring 2027; Summer 2027,"Pittsford, NY",Other,https://ibqbjb.fa.ocs.oraclecloud.com/hcmUI/CandidateExperience/en/sites/Honeywell/job/157903
2026-09-17-1824,simplify,GM financial,Software Development Engineer Intern,Summer 2027,"Arlington, TX",Other,https://fa-exvu-saasfaprod1.fa.ocs.oraclecloud.com/hcmUI/CandidateExperience/en/sites/CX_1/job/260795
2026-09-17-1824,simplify,Clarios,Data Science Intern,Summer 2027,"Milwaukee, WI",Other,https://clarios.wd5.myworkdayjobs.com/clarioscareers/job/United-States-Wisconsin-Milwaukee/Data-Science-Intern--Summer-2027-_WD50211
2026-09-17-1824,simplify,W.R. Berkley,Software Developer Intern - Java,Summer 2027,"Urbandale, IA",Other,https://careers-berkley.icims.com/jobs/14437/job?mobile=true&needsRedirect=false
2026-09-17-1824,zshah,Amazon,Software Development Engineer Internship - Summer -2027 (USA),Summer 2027,"Seattle, Washington, USA",unknown,https://www.amazon.jobs/en/jobs/10552937/software-development-engineer-internship-summer-2027-usa
2026-09-17-1824,zshah,Honeywell,Data Science Co-Op - Spring/Summer 2027,Summer 2027,"Pittsford, NY, United States",citizens-only,https://ibqbjb.fa.ocs.oraclecloud.com/hcmUI/CandidateExperience/en/sites/CX_1/job/157903
2026-09-17-1824,zshah,Bosch,AI Engineering Intern (October 2026 - August 2027),Fall 2026,"Plymouth, MI, United States",unknown,https://jobs.smartrecruiters.com/BoschGroup/744000150217869
2026-09-17-1824,zshah,Lyft,"Software Engineer Intern, Backend (Summer 2027 - SF)",Summer 2027,"San Francisco, CA",unknown,https://app.careerpuck.com/job-board/lyft/job/8767726002?gh_jid=8767726002
2026-09-17-1824,zshah,Lyft,"Data Science Intern, Algorithms (Summer 2027 - SF/NYC)",Summer 2027,"New York, NY",unknown,https://app.careerpuck.com/job-board/lyft/job/8796124002?gh_jid=8796124002
2026-09-17-1824,zshah,Lyft,"Software Engineer Intern, Fullstack (Summer 2027 - NYC)",Summer 2027,"New York, NY",unknown,https://app.careerpuck.com/job-board/lyft/job/8797837002?gh_jid=8797837002
2026-09-17-1824,zshah,Amperesand,Product Software Intern,,"Reno, Nevada, United States; San Francisco, California, United States",unknown,https://job-boards.greenhouse.io/amperesand/jobs/4381214009
2026-09-17-1824,jobright,TikTok,Backend Software Engineer Intern (TikTok-Social-Friending) - 2027 Summer,,"San Jose, CA, United States",,https://jobright.ai/jobs/info/6a701a1ef5953013637f726e?utm_campaign=1079&utm_source=git
2026-09-17-1824,jobright,REV Robotics,Software Engineering INTERN 2027,,"Carrollton, TX, United States",,https://jobright.ai/jobs/info/6aac4a342e757fcb5c8b4caf?utm_campaign=1079&utm_source=git
2026-09-17-1824,jobright,Mercury,2027 Software Engineer Co-Op,,"Andover, MA, United States",,https://jobright.ai/jobs/info/6aac56dd95c707f49dff0f4d?utm_campaign=1079&utm_source=git
2026-09-17-1924,jobright,GrowthExpertz,Growth Engineer Internship,,United States,,https://jobright.ai/jobs/info/6aac6573636cddf7396f3eab?utm_campaign=1079&utm_source=git
2026-09-17-1924,jobright,"Minth North America, Inc.",Software Engineer Intern,,"Lewisburg, TN, United States",,https://jobright.ai/jobs/info/6aac5501636cddf7396f39db?utm_campaign=1079&utm_source=git
2026-09-17-2023,jobright,Walt Disney Imagineering,"WDI Show Control Software Intern, Spring 2027",,"Lake Buena Vista, FL, United States",,https://jobright.ai/jobs/info/6aac75ae3d96632d741ab160?utm_campaign=1079&utm_source=git
2026-09-17-2023,jobright,FIS,"Intern, Software Engineer, FIS University Program",,"Jacksonville, FL, United States",,https://jobright.ai/jobs/info/6aac657b3dbb1f8967cea7f7?utm_campaign=1079&utm_source=git
2026-09-17-2023,jobright,IBM,"Software Developer Intern - OneIT - Rochester, MN",,"Rochester, MN, United States",,https://jobright.ai/jobs/info/6aac6f503e3ce93970c7d867?utm_campaign=1079&utm_source=git
2026-09-17-2023,jobright,Acadia Insurance (a Berkley Company),Software Developer (Java) Intern / June 2027,,"Urbandale, IA, United States",,https://jobright.ai/jobs/info/6aac6a3c3e3ce93970c7d6b4?utm_campaign=1079&utm_source=git
2026-09-17-2023,jobright,IBM,Intern Application Developer 2027 - ServiceNow,,"New York, NY, United States",,https://jobright.ai/jobs/info/6aac6cec95c707f49dff1562?utm_campaign=1079&utm_source=git
2026-09-17-2023,jobright,Keysight Technologies,"R&D Software Engineer, Intern",,"Colorado Springs, CO, United States",,https://jobright.ai/jobs/info/6aac6c753dbb1f8967cea9d1?utm_campaign=1079&utm_source=git
2026-09-17-2023,jobright,BWXT,Intern - Applications Development,,"Erwin, Tennessee, United States",,https://jobright.ai/jobs/info/6aac54a695c707f49dff0e85?utm_campaign=1079&utm_source=git
2026-09-17-2023,jobright,Ventrilo.ai,Software Engineer Intern,,"Menlo Park, CA, United States",,https://jobright.ai/jobs/info/6aac681d95c707f49dff142f?utm_campaign=1079&utm_source=git
2026-09-17-2023,jobright,Spectrum,2027 Summer Intern: Software Engineer,,"Maryland Heights, MO, United States",,https://jobright.ai/jobs/info/6a99d734551435518ebf1806?utm_campaign=1079&utm_source=git
2026-09-17-2124,simplify,Amazon,Software Development Engineer Intern - Summer,Summer 2027; Winter 2027; Fall 2027,"Seattle, WA; Arlington County, Arlington, VA",Other,https://amazon.jobs/en/jobs/10552937/software-development-engineer-internship-summer-2027-usa
2026-09-17-2124,zshah,XPENG Motors,AI Research Intern – Predictive World Model,,"Santa Clara, CA",unknown,https://job-boards.greenhouse.io/xpengmotors/jobs/8819001002
2026-09-17-2124,zshah,K2 Space,Simulation Software Engineering Intern - Summer 2027,Summer 2027,"Los Angeles, CA",citizens-only,https://job-boards.greenhouse.io/k2spacecorporation/jobs/5418727008
2026-09-17-2124,zshah,K2 Space,Software Engineering Intern – Summer 2027,Summer 2027,"Los Angeles, CA",citizens-only,https://job-boards.greenhouse.io/k2spacecorporation/jobs/5411920008
2026-09-17-2124,jobright,TD,2027 Summer Internship Program - Global Technology & Solutions - Software Engineer (SWE),,"Mount Laurel, NJ, United States",,https://jobright.ai/jobs/info/6aa76e4882e82a31997c1dd6?utm_campaign=1079&utm_source=git
2026-09-17-2124,jobright,SharkNinja France,ENGINEERING & TECHNOLOGY INTERN OPPORTUNITIES,,"Needham, MA, United States",,https://jobright.ai/jobs/info/6aac7d233dbb1f8967cead93?utm_campaign=1079&utm_source=git
2026-09-17-2223,jobright,MIT Lincoln Laboratory,Enterprise Collaboration & Web Services Co-op (Fall 2026) - Group 11-80,,"Lexington, MA, United States",,https://jobright.ai/jobs/info/6a95ebbe4c22023a07936eb4?utm_campaign=1079&utm_source=git
2026-09-17-2223,jobright,Abridge,"Software Engineering Intern, Spring",,"San Francisco, CA, United States",,https://jobright.ai/jobs/info/6aac8d963d96632d741ab5c3?utm_campaign=1079&utm_source=git
2026-09-18-0023,jobright,RightOn Education,Software Engineering Intern,,"Philadelphia, PA, United States",,https://jobright.ai/jobs/info/6aaca2613dbb1f8967ceb38d?utm_campaign=1079&utm_source=git
2026-09-18-0023,jobright,Battelle,Software Engineering Co-op (Spring and Summer 2027),,"Columbus, OH, United States",,https://jobright.ai/jobs/info/6a9abc8d2cdc5958f53e8621?utm_campaign=1079&utm_source=git
2026-09-18-0726,simplify,Netsmart,Software Engineer Intern,Summer 2027,"Overland Park, KS",Other,https://ntst.wd1.myworkdayjobs.com/careers/job/Overland-Park-KS/Software-Engineer-Intern--Summer-2027-Internship-_R015667
2026-09-18-0726,simplify,Tesla,Internship - Software Engineering - People Products - Winter/Spring 2027,Winter 2027; Spring 2027,"Palo Alto, CA",Other,https://www.tesla.com/careers/search/job/284003
2026-09-18-0726,simplify,Tesla,Internship - Software Engineering - People Products - Summer 2027,Summer 2027,"Palo Alto, CA",Other,https://www.tesla.com/careers/search/job/284004
2026-09-18-0726,simplify,Tesla,Software Engineer Intern - Energy Engineering,Winter 2027; Spring 2027,"Palo Alto, CA",Other,https://www.tesla.com/careers/search/job/283950
2026-09-18-0726,zshah,Netsmart,Cloud Engineer Future  (Summer 2027 Internship),Summer 2027,"Overland Park, KS",unknown,https://ntst.wd1.myworkdayjobs.com/careers/job/Overland-Park-KS/Cloud-Engineer-Future---Summer-2027-Internship-_R015668
2026-09-18-0726,zshah,Netsmart,Software Engineer Intern (Summer 2027 Internship),Summer 2027,"Overland Park, KS",unknown,https://ntst.wd1.myworkdayjobs.com/careers/job/Overland-Park-KS/Software-Engineer-Intern--Summer-2027-Internship-_R015667
2026-09-18-0726,jobright,TikTok,"Software Engineer Intern (Recommendation Architecture, Feeds Infrastructure) - 2027 Summer",,"San Jose, CA, United States",,https://jobright.ai/jobs/info/6a86674974e02153f145bc5a?utm_campaign=1079&utm_source=git
2026-09-18-0726,jobright,Air Products,Summer Intern- IT/Digital Technology (2027),,"Allentown, PA, United States",,https://jobright.ai/jobs/info/6a908282d96ad228f1261a18?utm_campaign=1079&utm_source=git
2026-09-18-0726,jobright,Manulife,Summer Intern 2027 - Software Engineering,,"Boston, MA, United States",,https://jobright.ai/jobs/info/6a9091a70bd89e205d24b0d1?utm_campaign=1079&utm_source=git
2026-09-18-0726,jobright,Booz Allen Hamilton,"University - 2027 Summer Games Software Developer Intern - Ft. Walton Beach, FL",,"Fort Walton Beach, FL, United States",,https://jobright.ai/jobs/info/6a9b4db9fe45b8490f607eea?utm_campaign=1079&utm_source=git
2026-09-18-0726,jobright,Synopsys Inc,Frontend Software Developer Intern - Fall 2026,,"Apex, NC, United States",,https://jobright.ai/jobs/info/6a8e6f5fb93d14258ab456f5?utm_campaign=1079&utm_source=git
2026-09-18-0726,jobright,L3Harris Technologies,"Intern, Software Engineer (Salt Lake City, UT)",,"Salt Lake City, UT, United States",,https://jobright.ai/jobs/info/6aa95da028e24cb38513a038?utm_campaign=1079&utm_source=git
2026-09-18-0726,jobright,Tesla,"Internship, Software Engineer Opticaster, Energy Engineering (Winter/Spring 2027)",,"Palo Alto, CA, United States",,https://jobright.ai/jobs/info/6aaccf65636cddf7396f4f2c?utm_campaign=1079&utm_source=git
2026-09-18-0726,jobright,Teleflex,Software Engineering Intern (Spring/Summer 2027),,"Morrisville, NC, United States",,https://jobright.ai/jobs/info/6aacc16f0a4ce9becc77a702?utm_campaign=1079&utm_source=git
2026-09-18-0726,jobright,Rivet,Full-Stack Engineering Intern,,United States,,https://jobright.ai/jobs/info/6aacbe280a4ce9becc77a62a?utm_campaign=1079&utm_source=git
2026-09-18-0726,jobright,State Farm,"Summer 2027 Intern – Enterprise Technology – Engineer (Software, Data, Infrastructure)",,"Bloomington, IL, United States",,https://jobright.ai/jobs/info/6aa7cfc3a77a53f5a157613f?utm_campaign=1079&utm_source=git
2026-09-18-0823,jobright,"Dayton Freight Lines, Inc.",Software Developer Intern,,"Dayton, OH, United States",,https://jobright.ai/jobs/info/6aad1a542e757fcb5c8b6edc?utm_campaign=1079&utm_source=git
2026-09-18-0823,jobright,Booz Allen Hamilton,"University - 2027 Summer Games Software Developer Intern - Atlanta, GA",,"Atlanta, GA, United States",,https://jobright.ai/jobs/info/6a9b0fc313883870605966a6?utm_campaign=1079&utm_source=git
2026-09-18-0923,jobright,Microsoft,Software Engineering Internship (6-month Program),,"Santa Clara, California, United States",,https://jobright.ai/jobs/info/6aacd7353dbb1f8967ceb96f?utm_campaign=1079&utm_source=git
2026-09-18-0923,jobright,Booz Allen Hamilton,"University, 2027 Summer Games Software Developer Intern",,"McLean, VA, United States",,https://jobright.ai/jobs/info/6aa9b87feff87f571fc9af36?utm_campaign=1079&utm_source=git
2026-09-18-0923,jobright,Booz Allen Hamilton,"University - 2027 Summer Games Software Developer Intern - El Segundo, CA",,"El Segundo, CA, United States",,https://jobright.ai/jobs/info/6a9096d92e254e06fb9f1bc6?utm_campaign=1079&utm_source=git
2026-09-18-1123,jobright,Netic,Software Engineer (Agent Platform) - Intern - 2026-2027,,"San Francisco, CA, United States",,https://jobright.ai/jobs/info/6a58487a8f51964c040477c9?utm_campaign=1079&utm_source=git
2026-09-18-1123,jobright,Netic,Full-Stack Software Engineer (Product) - Intern - 2026-2027,,"San Francisco, CA, United States",,https://jobright.ai/jobs/info/6a5824fa8f51964c040470c7?utm_campaign=1079&utm_source=git
2026-09-18-1123,jobright,Tesla,"Internship, Site Controller Software Engineer, Energy Engineering (Winter/Spring 2027)",,"Palo Alto, CA, United States",,https://jobright.ai/jobs/info/6aad34da0a4ce9becc77b514?utm_campaign=1079&utm_source=git
2026-09-18-1223,zshah,Nokia,AI Assisted Software Development Co-op,,United States,unknown,https://fa-evmr-saasfaprod1.fa.ocs.oraclecloud.com/hcmUI/CandidateExperience/en/sites/CX_1/job/40535
2026-09-18-1223,zshah,GreatAmerica Financial Services,Platform Engineering Intern,,"Cedar Rapids, IA",unknown,https://greatamerica.wd12.myworkdayjobs.com/greatamericacareers/job/Cedar-Rapids-IA/Platform-Engineering-Intern_JR1240-1
2026-09-18-1223,zshah,Johnson & Johnson,(PALM) and Artificial Intelligence Co-Op,,"Titusville, New Jersey, United States of America",no-sponsorship,https://jj.wd5.myworkdayjobs.com/JJ/job/Titusville-New-Jersey-United-States-of-America/XMLNAME--PALM--and-Artificial-Intelligence-Co-Op_R-099389
2026-09-18-1223,zshah,Sony,Research Intern on Generative and Protective AI for Content Creation,,Remote - Texas,unknown,https://sonyglobal.wd1.myworkdayjobs.com/SonyGlobalCareers/job/Remote---Texas/Research-Intern-on-Generative-and-Protective-AI-for-Content-Creation_JR-119335
2026-09-18-1223,zshah,Amazon,Software Development Engineer Intern - Summer 2027 (USA),Summer 2027,"Seattle, Washington, USA",unknown,https://www.amazon.jobs/en/jobs/10552937/software-development-engineer-intern-summer-2027-usa
2026-09-18-1223,zshah,CACI,Software Test Engineer Intern - Summer 2027,Summer 2027,"Colorado Springs, CO, US",unknown,https://caci.wd1.myworkdayjobs.com/external/job/Colorado-Springs-CO-US/Software-Test-Engineer-Intern---Summer-2027_332003
2026-09-18-1223,jobright,Applied Innovation,Software Solutions Intern - Grand Rapids MI,,"Grand Rapids, MI, United States",,https://jobright.ai/jobs/info/6aad480c3dbb1f8967cec9a5?utm_campaign=1079&utm_source=git
2026-09-18-1223,jobright,IBM,"SW Developer Intern: Systems Assurance - Austin, TX & Rochester, MN - 2027",,"Rochester, MN, United States",,https://jobright.ai/jobs/info/6aa493a4f3aa936e2cdb1c11?utm_campaign=1079&utm_source=git
2026-09-18-1324,jobright,IBM,"QA/Test Developer Intern: Systems Assurance - Poughkeepsie, NY - 2027",,"Poughkeepsie, NY, United States",,https://jobright.ai/jobs/info/6aa439f31d92e2d05d113ee7?utm_campaign=1079&utm_source=git
2026-09-18-1324,jobright,IBM,"Compliance SW Developer Intern: Systems Assurance - Poughkeepsie, NY - 2027",,"Poughkeepsie, NY, United States",,https://jobright.ai/jobs/info/6aa43cd9f7baf881567cdfa0?utm_campaign=1079&utm_source=git
2026-09-18-1324,jobright,UBS,2027 Summer Internship - Technology - Raleigh,,"Raleigh, NC, United States",,https://jobright.ai/jobs/info/6aad5bec3dbb1f8967cecfb0?utm_campaign=1079&utm_source=git
2026-09-18-1324,jobright,Tesla,"Internship, Embedded System Software Engineer, Energy Engineering (Winter/Spring 2027)",,"Palo Alto, CA, United States",,https://jobright.ai/jobs/info/6aaccee4636cddf7396f4f2a?utm_campaign=1079&utm_source=git
2026-09-18-1324,jobright,Palantir Technologies,"Software Engineer, Internship",,"Washington, D.C.",,https://jobright.ai/jobs/info/6a4298496faf756060967309?utm_campaign=1079&utm_source=git
2026-09-18-1324,jobright,Takshila Inc.,Full-Stack Developer — Internship Programme,,United States,,https://jobright.ai/jobs/info/6aad56362e757fcb5c8b7bdc?utm_campaign=1079&utm_source=git
2026-09-18-1324,jobright,CoBank,Software Engineer Intern,,"Greenwood Village, CO, United States",,https://jobright.ai/jobs/info/6aad526f0ebc8fb2313e8d02?utm_campaign=1079&utm_source=git
2026-09-18-1324,jobright,Phase2,Software Engineer Intern,,"Oklahoma City, OK, United States",,https://jobright.ai/jobs/info/6aad51373d96632d741ad22f?utm_campaign=1079&utm_source=git
2026-09-18-1324,jobright,Acadia Insurance (a Berkley Company),Software Developer Intern,,"Urbandale, IA, United States",,https://jobright.ai/jobs/info/6aad4ffb3d96632d741ad1c0?utm_campaign=1079&utm_source=git
2026-09-18-1324,jobright,Realtor.com,Summer 2027 Internship - Software Engineering Tracks,,"Austin, TX, United States",,https://jobright.ai/jobs/info/6aad4fdd0ebc8fb2313e8c1c?utm_campaign=1079&utm_source=git
2026-09-18-1324,jobright,Booz Allen Hamilton,"University - 2027 Summer Games Software Developer Intern - Charleston, SC",,"Charleston, SC, United States",,https://jobright.ai/jobs/info/6a9b0fc7fe45b8490f606a5f?utm_campaign=1079&utm_source=git
2026-09-18-1424,jobright,Career Launch Tech Initiative,Software Engineering Intern,,"Los Angeles, CA, United States",,https://jobright.ai/jobs/info/6aad70e60ebc8fb2313e98e6?utm_campaign=1079&utm_source=git
2026-09-18-1424,jobright,DC Infotech Cloud Solutions,Google Cloud Engineer Internship Program,,United States,,https://jobright.ai/jobs/info/6aad7086de327d3e210d26fd?utm_campaign=1079&utm_source=git
2026-09-18-1424,jobright,Lazard,2027 Software Engineer Summer Internship,,"New York, NY, United States",,https://jobright.ai/jobs/info/6aad6f082e757fcb5c8b85ad?utm_campaign=1079&utm_source=git
2026-09-18-1424,jobright,CME Group,Software Engineering Fellowship - Summer 2027,,"Chicago, IL, United States",,https://jobright.ai/jobs/info/6aad6f053dbb1f8967ced7f1?utm_campaign=1079&utm_source=git
2026-09-18-1424,jobright,CME Group,Year-Long Technology Internship (Summer 2027-Spring 2028),,"Chicago, Illinois, United States",,https://jobright.ai/jobs/info/6aad6ee26956574eac8b5a4d?utm_campaign=1079&utm_source=git
2026-09-18-1424,jobright,Together AI,Software Development In Test Intern (Summer 2027),,"San Francisco, CA, United States",,https://jobright.ai/jobs/info/6aad69dfde327d3e210d23e6?utm_campaign=1079&utm_source=git
2026-09-18-1424,jobright,Cargill,"Software Engineer Intern Summer 2027 - Atlanta, GA",,"Atlanta, GA, United States",,https://jobright.ai/jobs/info/6a7253d3ee751e0c79348645?utm_campaign=1079&utm_source=git
2026-09-18-1424,jobright,Punch Through,Embedded Software Engineer Intern,,"Greater Minneapolis–St. Paul Area, United States",,https://jobright.ai/jobs/info/6aad6595de327d3e210d21da?utm_campaign=1079&utm_source=git
2026-09-18-1424,jobright,IBM,IBM Z Engineering System Test QA/Test Developer Intern 2027,,"Poughkeepsie, NY, United States",,https://jobright.ai/jobs/info/6aa432eec1928370a285cf7d?utm_campaign=1079&utm_source=git
2026-09-18-1424,jobright,A Igreja de Jesus Cristo dos Santos dos Últimos Dias,2026 Web Development Technical Intern (Jan and May 2027 hires),,"Bluffdale, UT, United States",,https://jobright.ai/jobs/info/6a967090e4e60e4b8da58db1?utm_campaign=1079&utm_source=git
2026-09-18-1424,jobright,Palantir Technologies,"Year at Palantir - Software Engineer, Internship",,"New York, NY",,https://jobright.ai/jobs/info/6a063968320bff2205eaa361?utm_campaign=1079&utm_source=git
2026-09-18-1424,jobright,Booz Allen Hamilton,"University - 2027 Summer Games Software Developer Intern - Huntsville, AL",,"Huntsville, AL, United States",,https://jobright.ai/jobs/info/6a9b4dbe9c24314c35f98dc2?utm_campaign=1079&utm_source=git
2026-09-18-1523,zshah,Acron Aviation,Software Engineer Intern - St. Pete Site,,"St Petersburg, FL",unknown,https://jobs.lever.co/acronaviation/19dbac7d-b4fb-4d21-9247-dc610bf55fed
2026-09-18-1523,zshah,Centene,Cybersecurity Summer 2027 Intern (Undergraduate),Summer 2027,Remote-MO,unknown,https://centene.wd5.myworkdayjobs.com/Centene_External/job/Remote-MO/Cybersecurity-Summer-2027-Intern--Undergraduate-_1660514
2026-09-18-1523,zshah,Motorola,Cyber Security - 2027 Summer Internship (Chicago Hybrid),Summer 2027,"Chicago, IL, More...",no-sponsorship,https://motorolasolutions.wd5.myworkdayjobs.com/Careers/job/Chicago-IL/Cyber-Security---2027-Summer-Internship--Chicago-Hybrid-_R68369
2026-09-18-1523,jobright,L3Harris Technologies,"Intern C, Software Engineer",,"Colorado Springs, CO, United States",,https://jobright.ai/jobs/info/6a8ffdf4d96ad228f125f3a3?utm_campaign=1079&utm_source=git
2026-09-18-1523,jobright,Amazon Web Services (AWS),Software Dev Engineer Internship - Embedded Development (Linux),,"Dresden, Tennessee, United States",,https://jobright.ai/jobs/info/6aad7ed93d96632d741ae3cc?utm_campaign=1079&utm_source=git
2026-09-18-1523,jobright,LYNA,QA Tester Intern (Mobile App),,United States,,https://jobright.ai/jobs/info/6aad7d2b2e757fcb5c8b8a97?utm_campaign=1079&utm_source=git
2026-09-18-1523,jobright,BAE Systems,"Software Engineering Intern IV, (Summer 2027) Onsite",,"Nashua, NH, United States",,https://jobright.ai/jobs/info/6a73a9c58cd88e7ccbf59e5c?utm_campaign=1079&utm_source=git
2026-09-18-1523,jobright,Rubrik,Software Engineering Winter Internship,,"Palo Alto, CA, United States",,https://jobright.ai/jobs/info/6aad76fc3dbb1f8967ceda44?utm_campaign=1079&utm_source=git
2026-09-18-1523,jobright,"DeSHAZO, LLC",Jr. Software Developer Intern – Part-Time,,"Azle, TX, United States",,https://jobright.ai/jobs/info/6aad7b703dbb1f8967cedbab?utm_campaign=1079&utm_source=git
2026-09-18-1523,jobright,Booz Allen Hamilton,"University - 2027 Summer Games Software Developer Intern - Honolulu, HI",,"Honolulu, HI, United States",,https://jobright.ai/jobs/info/6a96fb73f5337b2cf731f075?utm_campaign=1079&utm_source=git
2026-09-18-1924,simplify,GE Vernova,Engineering Intern,Summer 2027,"Niskayuna, NY",Other,https://gevernova.wd5.myworkdayjobs.com/vernova_externalsite/job/Niskayuna/Engineering-Intern---Power-Conversion---Storage-AI-Tool-Developer--2027_R5049957-2
2026-09-18-1924,simplify,Tyler Technologies,Software Development Intern,Summer 2027,"Lawrenceville, GA",Other,https://jobs.jobvite.com/tylertech/job/oAVOAfwD?nl=1&nl=1&fr=false
2026-09-18-1924,zshah,Gordon Food Service,Software Engineer Intern (Low Code),,"Wyoming, Michigan",unknown,https://gfs.wd5.myworkdayjobs.com/usjobs-gen-gfs/job/Wyoming-Michigan/Software-Engineer-Intern--Low-Code-_R-57375
2026-09-18-1924,zshah,Gordon Food Service,Software Engineer Internship,,"Wyoming, Michigan",unknown,https://gfs.wd5.myworkdayjobs.com/usjobs-gen-gfs/job/Wyoming-Michigan/Software-Engineer-Internship_R-57377
2026-09-18-1924,zshah,Amperesand,"Software Intern, Factory & Ops",,"Reno, Nevada, United States",unknown,https://job-boards.greenhouse.io/amperesand/jobs/4409254009
2026-09-18-1924,jobright,Together AI,Software Engineer Intern (Summer 2027),,"San Francisco, CA, United States",,https://jobright.ai/jobs/info/6aad69d16956574eac8b57b4?utm_campaign=1079&utm_source=git
2026-09-18-1924,jobright,Tesla,"Internship, Embedded Software Engineer, Body Controls Firmware (Winter/Spring 2027)",,"Palo Alto, CA, United States",,https://jobright.ai/jobs/info/6aadaf203dbb1f8967cef037?utm_campaign=1079&utm_source=git
2026-09-18-1924,jobright,Thrivent,Associate Software Engineer - Sophomore Intern Summer 2027,,"Minnesota, United States",,https://jobright.ai/jobs/info/6aada57a2e757fcb5c8b9aa4?utm_campaign=1079&utm_source=git
2026-09-18-1924,jobright,BMO U.S.,"Software Developer, Winter 2027 (Internship) - 4 months",,"San Ramon, CA, United States",,https://jobright.ai/jobs/info/6aadaa713dbb1f8967ceeebf?utm_campaign=1079&utm_source=git
2026-09-18-1924,jobright,Chubb,"Intern, Technology - June 2027",,"Philadelphia, PA, United States",,https://jobright.ai/jobs/info/6aada9a7de327d3e210d3cc0?utm_campaign=1079&utm_source=git
2026-09-18-1924,jobright,Keysight Technologies,R&D Embedded Software Intern,,"Colorado Springs, CO, United States",,https://jobright.ai/jobs/info/6aad8ba73dbb1f8967cee2c3?utm_campaign=1079&utm_source=git
2026-09-18-1924,jobright,Teleflex,Software Engineering Intern (Spring/Summer 2027) Job Details / Teleflex,,"Morrisville, NC, United States",,https://jobright.ai/jobs/info/6aada2f13d96632d741af0fa?utm_campaign=1079&utm_source=git
2026-09-18-1924,jobright,Gemini,Software Engineering Intern (Winter 2027),,"New York, NY, United States",,https://jobright.ai/jobs/info/6aada1316956574eac8b6cb8?utm_campaign=1079&utm_source=git
2026-09-18-1924,jobright,Spotlight,Software Development Intern,,"Kansas City, Missouri, United States",,https://jobright.ai/jobs/info/6aad9ab53dbb1f8967cee8c2?utm_campaign=1079&utm_source=git
2026-09-18-1924,jobright,Fable Security,Software Engineering Intern,,"San Francisco, CA, United States",,https://jobright.ai/jobs/info/6aad9a383d96632d741aee29?utm_campaign=1079&utm_source=git
2026-09-18-1924,jobright,Battelle,Software Engineering Co-Op (Spring-Summer 2027),,"Columbus, OH, United States",,https://jobright.ai/jobs/info/6aad5b15de327d3e210d1dd5?utm_campaign=1079&utm_source=git
2026-09-18-1924,jobright,Athene,Software Developer Internship,,"West Des Moines, IA, United States",,https://jobright.ai/jobs/info/6aad67552e757fcb5c8b81a5?utm_campaign=1079&utm_source=git
2026-09-18-1924,jobright,MIT Lincoln Laboratory,"Summer Research Program Intern 2027, Software and Electronics Engineering (Group 07-76)",,"Lexington, MA, United States",,https://jobright.ai/jobs/info/6aad6f276956574eac8b5ab8?utm_campaign=1079&utm_source=git
2026-09-18-1924,jobright,Netrolynx AI,Software Developer,,United States,,https://jobright.ai/jobs/info/6aad89cf2e757fcb5c8b9052?utm_campaign=1079&utm_source=git
2026-09-18-1924,jobright,RBC,Summer 2027 Wealth Management Technology Internship,,"Minneapolis, MN, United States",,https://jobright.ai/jobs/info/6aad6aa16956574eac8b58b6?utm_campaign=1079&utm_source=git
2026-09-18-1924,jobright,Quantinuum,Software Engineering Intern - 989,,"Broomfield, CO, United States",,https://jobright.ai/jobs/info/6aa60f652ed333b4ea5c9a3c?utm_campaign=1079&utm_source=git
2026-09-18-1924,speedyapply,Rivian,Software Engineering Intern - Vehicle Controls - January - August 2027,,"Irvine, CA +1",,https://jobs.ashbyhq.com/rivianvw.tech/f5aa59d9-4fdc-42d5-931d-efd9e6d96f2f
2026-09-18-1924,speedyapply,Microsoft,Firmware Engineering INTERN,,"Washington, DC +1",,https://apply.careers.microsoft.com/careers/job/1970393556981972
2026-09-18-1924,speedyapply,Rivian,Software Engineering Intern - Connected Systems - January - August 2027,,"Irvine, CA +1",,https://jobs.ashbyhq.com/rivianvw.tech/13eeb795-a5dd-4b5a-9b98-808e5ec357c2
2026-09-18-1924,speedyapply,Rivian,Software Engineering Intern - Applications - Infotainment & Mobile - January - August 2027,,"Irvine, CA +1",,https://jobs.ashbyhq.com/rivianvw.tech/c5c0f2e3-ae78-4ca6-94f8-b6940d3cdb69
2026-09-18-1924,speedyapply,Salesforce,Summer 2027 Intern - Software Engineer,,"California, USA +9",,https://salesforce.wd12.myworkdayjobs.com/en-US/external_career_site/job/California---San-Francisco/Summer-2027-Intern---Software-Engineer_JR340771-1
2026-09-18-1924,speedyapply,NVIDIA,NVIDIA Spring 2027 Internships: Developer and Performance Technology,,"Santa Clara, CA",,https://nvidia.wd5.myworkdayjobs.com/en-US/nvidiaexternalcareersite/job/US-CA-Santa-Clara/NVIDIA-Spring-2027-Internships--Developer-and-Performance-Technology_JR2023499
2026-09-18-1924,speedyapply,TikTok,Software Engineer Intern - TikTok Search Architecture - 2027 Fall,,"San Jose, CA",,https://lifeattiktok.com/search/7675524738811218229
2026-09-18-1924,speedyapply,TikTok,Software Engineer Intern - TikTok Search Architecture - 2027 Summer,,"San Jose, CA",,https://lifeattiktok.com/search/7675517686256863541
2026-09-18-1924,speedyapply,TikTok,Software Engineer Intern - TikTok Search Data Infra - 2027 Fall,,"San Jose, CA",,https://lifeattiktok.com/search/7675129440242010421
2026-09-18-1924,speedyapply,TikTok,Software Engineer Intern - Recommendation Infra - Performance Efficiency - 2027 Fall,,"San Jose, CA",,https://lifeattiktok.com/search/7675163472469444917
2026-09-18-1924,speedyapply,TikTok,Software Engineer Intern - Recommendation Architecture - Feeds Infrastructure - 2027 Fall,,"Seattle, WA",,https://lifeattiktok.com/search/7674029284224092421
2026-09-18-1924,speedyapply,TikTok,Mobile Software Engineer Intern - Global E-Commerce - 2027 Summer,,"San Jose, CA",,https://lifeattiktok.com/search/7673663349758675205
2026-09-18-1924,speedyapply,TikTok,Site Reliability Engineer Intern - Global SRE - 2027 Summer,,"San Jose, CA",,https://lifeattiktok.com/search/7670874691332212997
2026-09-18-1924,speedyapply,TikTok,Software Engineer Intern - Global E-commerce-Search - 2027 Fall,,"Seattle, WA",,https://lifeattiktok.com/search/7670839752644233525
2026-09-18-1924,speedyapply,TikTok,Backend Software Engineer Intern - Creation Platform - 2027 Summer,,"San Jose, CA",,https://lifeattiktok.com/search/7670289874020993285
2026-09-18-1924,speedyapply,TikTok,Software Engineer Intern - Foundation Platform - 2027 Summer,,"San Jose, CA",,https://lifeattiktok.com/search/7670281449668905269
2026-09-18-1924,speedyapply,TikTok,Software Engineer Intern - Media Engine - 2027 Summer,,"San Jose, CA",,https://lifeattiktok.com/search/7670295535077427509
2026-09-18-1924,speedyapply,TikTok,Software Engineer Intern - Transaction Platform - 2027 Summer,,"San Jose, CA",,https://lifeattiktok.com/search/7669943120351906053
2026-09-18-1924,speedyapply,TikTok,Software Engineer Intern - Ads Interface - 2027 Summer,,"San Jose, CA",,https://lifeattiktok.com/search/7669705785962727733
2026-09-18-1924,speedyapply,TikTok,Software Engineer Intern - Global CRM - 2027 Summer,,"San Jose, CA",,https://lifeattiktok.com/search/7669711844487399685
2026-09-18-1924,speedyapply,TikTok,Software Engineer Intern - TikTok - Shoot Experience Optimization - 2027 Summer,,"San Jose, CA",,https://lifeattiktok.com/search/7668921505254410549
2026-09-18-1924,speedyapply,TikTok,Software Engineer Intern - TikTok-Intelligent Creation-Camera - 2027 Summer,,"San Jose, CA",,https://lifeattiktok.com/search/7668862422178318597
2026-09-18-1924,speedyapply,TikTok,Frontend Software Engineer Intern - Ads Measurement Signal and Privacy - 2027 Summer,,"San Jose, CA",,https://lifeattiktok.com/search/7668584161852229893
2026-09-18-1924,speedyapply,TikTok,Software Engineer Intern - TikTok - Effects Performance - 2027 Summer,,"San Jose, CA",,https://lifeattiktok.com/search/7668725183121000757
2026-09-18-1924,speedyapply,TikTok,Software Engineer Intern - TikTok-Agentic Creation-AIGC - 2027 Summer,,"San Jose, CA",,https://lifeattiktok.com/search/7668675500744837381
2026-09-18-1924,speedyapply,TikTok,Software Engineer Intern - Creative Intelligence and Brand Innovation - 2027 Summer,,"San Jose, CA",,https://lifeattiktok.com/search/7668642761473902901
2026-09-18-1924,speedyapply,TikTok,Software Engineer Intern - Business Integrity - 2027 Summer,,"San Jose, CA",,https://lifeattiktok.com/search/7668584916620527925
2026-09-18-1924,speedyapply,TikTok,Software Engineer Intern - Data Arch - E-commerce - 2027 Summer,,"Seattle, WA",,https://lifeattiktok.com/search/7668582146236631349
2026-09-18-1924,speedyapply,TikTok,Software Engineer Intern - Ads Measurement Signal and Privacy - 2027 Summer,,"San Jose, CA",,https://lifeattiktok.com/search/7668582031916435717
2026-09-18-1924,speedyapply,TikTok,Backend Software Engineer Intern - TikTok-Search - 2027 Summer,,"San Jose, CA",,https://lifeattiktok.com/search/7667933335084124469
2026-09-18-1924,speedyapply,TikTok,Backend Software Engineer Intern - TikTok-Growth-Innovative Growth - 2027 Summer,,"San Jose, CA",,https://lifeattiktok.com/search/7667934860750063925
2026-09-18-1924,speedyapply,TikTok,Software Development Engineer in Test Intern（TikTok-Testing）- 2027 Summer,,"San Jose, CA",,https://lifeattiktok.com/search/7667934759481526581
2026-09-18-1924,speedyapply,TikTok,Backend Software Engineer Intern - TikTok- PGC-Digital Content Center - 2027 Summer,,"San Jose, CA",,https://lifeattiktok.com/search/7667934302872537397
2026-09-18-1924,speedyapply,TikTok,Backend Software Engineer Intern - TikTok-PGC-Creator Strategy - 2027 Summer,,"San Jose, CA",,https://lifeattiktok.com/search/7667933770819897605
2026-09-18-1924,speedyapply,TikTok,Backend Software Engineer Intern - TikTok-Privacy and Security - 2027 Summer,,"San Jose, CA",,https://lifeattiktok.com/search/7667935739300317493
2026-09-18-1924,speedyapply,TikTok,Software Engineer Intern - TikTok- Developer Platform - 2027 Summer,,"San Jose, CA",,https://lifeattiktok.com/search/7667935739300792629
2026-09-18-1924,speedyapply,TikTok,Software Engineer Intern - TikTok-Generalized Arch-Code Intelligence & Quality Validation - 2027 Summer,,"San Jose, CA",,https://lifeattiktok.com/search/7667935738376227077
2026-09-18-1924,speedyapply,TikTok,Backend Software Engineer Intern - TikTok - Product Infrastructure - 2027 Summer,,"San Jose, CA",,https://lifeattiktok.com/search/7667935633764370741
2026-09-18-1924,speedyapply,TikTok,Backend Software Engineer Intern - TikTok-Social-Foundation - 2027 Summer,,"San Jose, CA",,https://lifeattiktok.com/search/7667935565120112949
2026-09-18-1924,speedyapply,TikTok,Software Engineer Intern - TikTok-Social-Friending - 2027 Summer,,"San Jose, CA",,https://lifeattiktok.com/search/7667935399050692917
2026-09-18-1924,speedyapply,TikTok,Backend Software Engineer Intern - TikTok-Global Live-Foundation - 2027 Summer,,"San Jose, CA",,https://lifeattiktok.com/search/7667935150530840837
2026-09-18-1924,speedyapply,TikTok,General Hire Software Engineer Intern - Trust and Safety-Engineering - 2027 Summer,,"San Jose, CA",,https://lifeattiktok.com/search/7662700594251958581
2026-09-18-1924,speedyapply,TikTok,Software Engineer Project Intern - Global E-Commerce Search Infrastructure - 2026 Start,,"Seattle, WA",,https://lifeattiktok.com/search/7662594807715072261
2026-09-18-1924,speedyapply,TikTok,AI software Engineer Project Intern - Transaction Platform - 2026 Start - BS/MS,,"San Jose, CA",,https://lifeattiktok.com/search/7646621925436131637
2026-09-18-1924,speedyapply,Apple,Software Undergrad Engineering Internships,,USA,,https://jobs.apple.com/en-us/details/200664785-3810
2026-09-18-1924,speedyapply,Citadel,Software Engineer - Intern - US,,"Houston, TX +2",,https://www.citadel.com/careers/details/software-engineer-intern-us/
2026-09-18-1924,speedyapply,Citadel Securities,Software Engineer - Intern - US,,"Miami, FL +1",,https://www.citadelsecurities.com/careers/details/software-engineer-intern-us/
2026-09-18-1924,speedyapply,Jane Street,Software Engineer Summer Internship,,"New York City, NY",,https://www.janestreet.com/join-jane-street/position/8599644002
2026-09-18-1924,speedyapply,Jane Street,Software Engineer Winter Co-Op,,"New York City, NY",,https://www.janestreet.com/join-jane-street/position/8419303002
2026-09-18-1924,speedyapply,Optiver,Software Engineer Intern - Summer 2027 - Austin,,"Austin, TX",,https://www.optiver.com/join-us/jobs/8401052002/?gh_jid=8401052002
2026-09-18-1924,speedyapply,Optiver,Software Engineer Intern - Summer 2027 - Chicago,,"Chicago, IL",,https://www.optiver.com/join-us/jobs/8604760002/?gh_jid=8604760002
2026-09-18-1924,speedyapply,Emergent Labs,Software Engineering Intern,,"San Francisco, CA",,https://job-boards.greenhouse.io/emergentlabsinc/jobs/4323651009
2026-09-18-1924,speedyapply,Lennox,Cloud Advance Admin/Developer Intern,,"Richardson, TX",,https://uscareers-lennox.icims.com/jobs/54891/cloud-advance-admin-developer-intern/job
2026-09-18-1924,speedyapply,Liberty Mutual,Solaria Labs Software Development Co-op - Jan - June 2027,,"Boston, MA",,https://campus-libertymutual.icims.com/jobs/261797/solaria-labs-software-development-co-op-%28jan---june-2027%29/job
2026-09-18-1924,speedyapply,Walt Disney,WDI Show Control Software Intern - Spring 2027,,"Lake Buena Vista, FL +1",,https://disney.wd5.myworkdayjobs.com/en-US/disneycareer/job/Lake-Buena-Vista-FL-USA/WDI-Show-Control-Software-Internship--Spring-2027_10160946
2026-09-18-1924,speedyapply,AeroVironment,Summer 2027 Software Engineering Intern,,"Melbourne, FL",,https://avav.wd1.myworkdayjobs.com/en-US/avav/job/Melbourne-FL/Summer-2027-Software-Engineering-Intern_8550
2026-09-18-1924,speedyapply,Anduril,Winter 2027 Software Engineer Co-op,,"Quincy, MA",,https://boards.greenhouse.io/andurilindustries/jobs/5236563007?gh_jid=5236563007
2026-09-18-1924,speedyapply,Antares,Software Engineering Intern - Summer 2027,,"Los Angeles, CA",,https://jobs.ashbyhq.com/antares/419ef2df-f0aa-4b68-994a-077e08a959e3
2026-09-18-1924,speedyapply,basspro,IT Developer Intern Summer 2027,,"Springfield, MO",,https://basspro.wd1.myworkdayjobs.com/en-US/careers/job/Springfield-MO-Bass-Pro-Shops-Base-Camp/IT-Developer-Intern-Summer-2027_R267441-1
2026-09-18-1924,speedyapply,Enterprise,Intern - Software Engineer - Summer 2027,,"St. Louis, MO",,https://us-erac.icims.com/jobs/566721/intern---software-engineer%2c-summer-2027/job
2026-09-18-1924,speedyapply,General Dynamics Mission Systems,Cybersecurity Software Intern Engineer,,"Manassas, VA",,https://careers-gdms.icims.com/jobs/74941/cybersecurity-software-intern-engineer/job
2026-09-18-1924,speedyapply,General Dynamics Mission Systems,Software Engineering Intern,,"Dedham, MA",,https://careers-gdms.icims.com/jobs/74993/software-engineering-intern/job
2026-09-18-1924,speedyapply,General Dynamics Mission Systems,Software Intern Engineer for Crypto and Cross Domain Solutions,,"Scottsdale, AZ",,https://careers-gdms.icims.com/jobs/74785/software-intern-engineer-for-crypto-and-cross-domain-solutions/job
2026-09-18-1924,speedyapply,Insulet,Co-op - Embedded Software Test Engineering: January - June 2027 - Onsite,,"Acton, MA",,https://insulet.wd5.myworkdayjobs.com/en-US/insuletcareers/job/Acton-Massachusetts/Co-op--Embedded-Software-Test-Engineering--January---June-2027--Onsite-_REQ-2026-18012
2026-09-18-1924,speedyapply,Itron,Intern - Firmware Engineer - Spring 2027,,"West Union, OH",,https://itron.wd5.myworkdayjobs.com/en-US/itron/job/United-States-of-America-South-Carolina-West-Union/Intern----Firmware-Engineer--Spring-2027-_JR102920-1
2026-09-18-1924,speedyapply,National Information Solutions Cooperative,Intern - Software Development - AI Development,,"Cedar Rapids, IA +1",,https://job-boards.greenhouse.io/testnisc/jobs/8204156
2026-09-18-1924,speedyapply,Raytheon,Software Engineer Intern - Summer 2027,,"Marlborough, MA",,https://globalhr.wd5.myworkdayjobs.com/en-US/rec_rtx_ext_gateway/job/US-MA-MARLBOROUGH-MA2--1001-Boston-Post-Rd--BLDG-2/Software-Engineer-Intern--Summer-2027-_01875743
2026-09-18-1924,speedyapply,Raytheon,Receiver - Exciter - & Processing Architecture Software Engineer Intern - Summer 2027,,"Marlborough, MA",,https://globalhr.wd5.myworkdayjobs.com/en-US/rec_rtx_ext_gateway/job/US-MA-MARLBOROUGH-MA2--1001-Boston-Post-Rd--BLDG-2/Receiver--Exciter----Processing-Architecture-Software-Engineer-Intern--Summer-2027-_01873484
2026-09-18-1924,speedyapply,Raytheon,Software Engineering Co-op - Winter/Spring 2027,,"Cedar Rapids, IA",,https://globalhr.wd5.myworkdayjobs.com/en-US/rec_rtx_ext_gateway/job/US-IA-CEDAR-RAPIDS-124--400-Collins-Rd-NE--BLDG-124/Software-Engineering-Co-op--Winter-Spring-2027-_01875464
2026-09-18-1924,speedyapply,Raytheon,Software Engineering Intern - Summer 2027,,"Cedar Rapids, IA",,https://globalhr.wd5.myworkdayjobs.com/en-US/rec_rtx_ext_gateway/job/US-IA-CEDAR-RAPIDS-105--400-Collins-Rd-NE--BLDG-105/Software-Engineering-Intern--Summer-2027-_01873099
2026-09-18-1924,speedyapply,Tokyo Electron,Software Engineer 2027 Summer Intern,,"Chaska, MN",,https://tel.wd3.myworkdayjobs.com/en-US/tel-careers/job/Chaska/Software-Engineer-2027-Summer-Intern_R26-01573
2026-09-18-1924,speedyapply,Vestmark Internship Program,Software Engineer Co-op,,"Boston, MA",,https://job-boards.greenhouse.io/internrecruiting/jobs/8204511
2026-09-18-1924,speedyapply,Bracco,Firmware Engineering Co-op,,"Eden Prairie, MN",,https://bracco.wd103.myworkdayjobs.com/en-US/braccocareers/job/USA-Eden-Prairie-Minnesota-55344/Firmware-Engineering-Co-op_JR100324
2026-09-18-1924,speedyapply,Cyvl,Software Engineering Intern - SWE/ML - Summer 2027,,"Boston, MA +1",,https://jobs.ashbyhq.com/cyvl/8bfc4116-b0bb-47f8-bca1-7069a37db328
2026-09-18-1924,speedyapply,EquipmentShare,Intern: Engineering - Embedded,,"Columbia, MO",,https://www.equipmentshare.com/careers/openings/?gh_jid=8142763
2026-09-18-1924,speedyapply,GDIT,Summer 2027 Software Development Internship,,"Falls Church, VA",,https://gdit.wd5.myworkdayjobs.com/en-US/external_career_site/job/USA-VA-Falls-Church/Summer-2027-Software-Development-Internship_RQ228405
2026-09-18-1924,speedyapply,General Dynamics Mission Systems,Intern Engineer - Software Engineering,,"Bloomington, MN",,https://careers-gdms.icims.com/jobs/74953/intern-engineer---software-engineering/job
2026-09-18-1924,speedyapply,GSK Internships & Co-ops powered by Atrium,Winter Co-op/Web App Developer,,"Cambridge, MA",,https://gsk-us-earlytalent.icims.com/jobs/11013/winter-co-op-web-app-developer/job
2026-09-18-1924,speedyapply,Hitachi,Intern - Onboard Software Developer,,"Pittsburgh, PA",,https://hitachi.wd1.myworkdayjobs.com/en-US/hitachi/job/Pittsburgh-Pennsylvania-United-States/Intern---Onboard-Software-Developer_R0145042
2026-09-18-1924,speedyapply,Nelnet,Intern - UX/UI Front End Engineer,,"Madison, WI",,https://nelnet.wd1.myworkdayjobs.com/en-US/mynelnet/job/Madison-WI/Intern---UX-UI-Front-End-Engineer_R23118
2026-09-18-1924,speedyapply,RAVE Aerospace,Intern - Software Engineering - Summer 2027,,"Laramie, WY",,https://apply.workable.com/raveaerospace/j/739753C003/
2026-09-18-1924,speedyapply,Semgrep,Software Engineer Intern,,"San Francisco, CA",,https://jobs.ashbyhq.com/semgrep/8e64dc7f-e925-4361-86d5-b01ee518c987
2026-09-18-1924,speedyapply,CACI,Cleared Software Engineer Intern - Summer 2027,,"Remote - Sterling, VA",,https://caci.wd1.myworkdayjobs.com/en-US/external/job/437-DENVER-CO/Cleared-Software-Engineer-Intern---Summer-2027_331999
2026-09-18-1924,speedyapply,CRC Group,Internship - Software Engineering,,"Dallas, TX",,https://tihinsurance.wd1.myworkdayjobs.com/en-US/crc_careers/job/Dallas-TX---12377-Merit-Dr/Internship---Software-Engineering_R0000003172
2026-09-18-1924,speedyapply,VIAVI,Software Engineering Co-Op,,"Germantown, MD",,https://viavisolutions.wd1.myworkdayjobs.com/en-US/careers/job/Germantown-MD-USA/Software-Engineering-Co-Op_260005140-1
2026-09-18-1924,speedyapply,Wells Fargo,2027 Technology Summer Internship - Early Careers - Software Engineering - California,,"San Francisco, CA +2",,https://wf.wd1.myworkdayjobs.com/en-US/wellsfargojobs/job/SAN-FRANCISCO-CA/XMLNAME-2027-Technology-Summer-Internship---Early-Careers--Software-Engineering---California-_R-574294
2026-09-18-1924,speedyapply,Abridge,Software Engineering Intern - Fall,,"San Francisco, CA",,https://jobs.ashbyhq.com/abridge/3f07a457-dc14-4238-bf4e-5c33b5c1f883
2026-09-18-1924,speedyapply,Bascom Hunter,Firmware Engineering Intern - Baton Rouge - LA/Frederick - MD,,"Baton Rouge, LA +1",,https://workforcenow.adp.com/mascsr/default/mdf/recruitment/recruitment.html?cid=2cc1abe5-fdf4-41ed-b82d-9b34c651ef79&jobId=574458
2026-09-18-1924,speedyapply,Bascom Hunter,Software Engineering Intern - Baton Rouge - LA/Frederick - MD,,"Frederick, MD",,https://workforcenow.adp.com/mascsr/default/mdf/recruitment/recruitment.html?cid=2cc1abe5-fdf4-41ed-b82d-9b34c651ef79&jobId=574455
2026-09-18-1924,speedyapply,Bascom Hunter,Embedded Software Eng Intern - Baton Rouge - LA/Frederick - MD,,"Baton Rouge, LA +1",,https://workforcenow.adp.com/mascsr/default/mdf/recruitment/recruitment.html?cid=2cc1abe5-fdf4-41ed-b82d-9b34c651ef79&jobId=574457
2026-09-18-1924,speedyapply,Fidelity Investments,Co-op - Software Full Stack Engineer,,"Boston, MA +1",,https://fmr.wd1.myworkdayjobs.com/en-US/targeted/job/Boston-MA/Co-op--Software-Full-Stack-Engineer_2135236
2026-09-18-1924,speedyapply,Megazone Cloud US,Software Engineer Co-op 2027,,"Rochester, NY",,https://jobs.ashbyhq.com/megazone/e2889469-cf20-4227-bf24-2a6e885f8dca
2026-09-18-1924,speedyapply,Motorola Solutions,2027 Software Engineering Summer Internship,,"Plantation, FL",,https://motorolasolutions.wd5.myworkdayjobs.com/en-US/careers/job/Plantation-FL/XMLNAME-2027-Software-Engineering-Summer-Internship_R68125
2026-09-18-1924,speedyapply,Motorola Solutions,DSP - Digital Signal Processing Software Engineering Intern - Summer 2027,,"Plantation, FL",,https://motorolasolutions.wd5.myworkdayjobs.com/en-US/careers/job/Plantation-FL/DSP--Digital-Signal-Processing--Software-Engineering-Intern---Summer-2027_R68734
2026-09-18-1924,speedyapply,Philips,Co-op - Software Design Assurance - IGTD - Plymouth - MN - January 2027,,"Plymouth, MN +1",,https://philips.wd3.myworkdayjobs.com/en-US/jobs-and-careers/job/Plymouth-Minnesota-United-States/Co-op---Software-Design-Assurance--IGTD----Plymouth--MN---January-2027_592000
2026-09-18-1924,speedyapply,Quantinuum,Layout Automation Developer Intern - 993,,"Brooklyn Park, MN",,https://jobs.eu.lever.co/quantinuum/550a6e3c-2556-4ac3-8cc4-862cb0681dc0
2026-09-18-1924,speedyapply,Ragle,Software Engineer Intern,,"North Richland Hills, TX",,http://ragleinc.applytojob.com/apply/lonTfWhOqm/Software-Engineer-Intern
2026-09-18-1924,speedyapply,Swarm Aero,Embedded Software Intern - Summer 2027,,"Oxnard, CA",,https://jobs.ashbyhq.com/swarmaero/7b82c290-036e-4444-8407-e7f6ce583c52
2026-09-18-1924,speedyapply,Veeam,Software Engineering Intern - Summer 2027,,"San Jose, CA",,https://job-boards.eu.greenhouse.io/veeamsoftware/jobs/4955293101
2026-09-18-1924,speedyapply,AeroVironment,Summer 2027 Embedded Software Engineering Intern,,"Simi Valley, CA",,https://avav.wd1.myworkdayjobs.com/en-US/avav/job/Simi-Valley-CA/Summer-2027-Embedded-Software-Engineering-Intern_8549
2026-09-18-1924,speedyapply,AeroVironment,Software Engineering Intern,,"Centreville, VA",,https://avav.wd1.myworkdayjobs.com/en-US/avav/job/Centreville-VA/Software-Engineering-Intern_8593
2026-09-18-1924,speedyapply,DV Trading,DevOps Engineer Intern - Summer 2027,,"Chicago, IL",,https://job-boards.greenhouse.io/dvtrading/jobs/4730886005
2026-09-18-1924,speedyapply,Insulet,Co-op - Embedded Software Engineering: January-June 2027 - Onsite,,"Acton, MA",,https://insulet.wd5.myworkdayjobs.com/en-US/insuletcareers/job/Acton-Massachusetts/Co-op--Embedded-Software-Engineering--January-June-2027--Onsite-_REQ-2026-17966
2026-09-18-1924,speedyapply,Magna,Intern - Engineering Software,,"Southfield, MI",,https://magna.wd3.myworkdayjobs.com/en-US/magna/job/Southfield-Michigan-US/Intern---Engineering-Software_R00260232
2026-09-18-1924,speedyapply,Rocket Lab,Flight Software Intern Spring 2027,,"Littleton, CO",,https://job-boards.greenhouse.io/rocketlab/jobs/7989724003
2026-09-18-1924,speedyapply,RSM,Cyber ServiceNow Developer Intern - Summer 2027,,"Chicago, IL +1",,https://rsm.wd1.myworkdayjobs.com/en-US/rsmcareers/job/Chicago/Cyber-ServiceNow-Developer-Intern---Summer-2027_JR117289
2026-09-18-1924,speedyapply,Saronic Technologies,Software Engineer Intern - Summer 2027,,"Austin, TX",,https://jobs.ashbyhq.com/saronic/60afb634-5515-4347-824a-3816735541c2
2026-09-18-1924,speedyapply,Shure,Application Software Engineering Intern,,"Niles, IL",,https://careersus-shure.icims.com/jobs/4956/application-software-engineering-intern/job
2026-09-18-1924,speedyapply,Choice Solutions,DevOps Intern,,"Overland Park, KS",,https://recruiting.paylocity.com/Recruiting/Jobs/Details/4484980
2026-09-18-1924,speedyapply,Formlabs,AI Software Intern - Winter/Spring 2027,,"Somerville, MA",,https://careers.formlabs.com/job/8174874/apply/?gh_jid=8174874
2026-09-18-1924,speedyapply,Hypertherm Associates,Summer Intern - Software Engineering,,"West Lebanon, NH",,https://hypertherm.wd503.myworkdayjobs.com/en-US/hypertherm-careers/job/West-Lebanon-NH/Summer-Intern---Software-Engineering_R4005
2026-09-18-1924,speedyapply,Hypertherm Associates,Software Engineering - CAM - Spring/Summer Internship or Co-Op,,"Lockport, NY +5",,https://hypertherm.wd503.myworkdayjobs.com/en-US/hypertherm-careers/job/Lockport-NY/Software-Engineering---CAM---Spring-Summer-Internship-or-Co-Op_R4038
2026-09-18-1924,speedyapply,Kensho,Software Engineer - Summer Intern 2027,,"Cambridge, MA +1",,https://spgi.wd5.myworkdayjobs.com/en-US/kensho_careers/job/Cambridge-MA/Software-Engineer---Summer-Intern-2027_331717-1
2026-09-18-1924,speedyapply,Nova-Tech Engineering,Software Development Co-Op - Located Onsite in Willmar - MN,,"Willmar, MN",,http://novatechengineering.applytojob.com/apply/prjzDfwzEE/Software-Development-CoOp-Located-Onsite-In-Willmar-MN
2026-09-18-1924,speedyapply,Siemens Healthineers,Software Engineering Co-op - Hoffman Estates - IL,,"Hermiston, OR",,https://onehealthineers.wd3.myworkdayjobs.com/en-US/shsjb/job/HES/Software-Engineering-Co-op---Hoffman-Estates--IL_R-30649
2026-09-18-1924,speedyapply,S&P Global,Software Engineer - Summer Intern 2027,,"Cambridge, MA +1",,https://spgi.wd5.myworkdayjobs.com/en-US/spgi_careers/job/Cambridge-MA/Software-Engineer---Summer-Intern-2027_331717-2
2026-09-18-1924,speedyapply,The Cigna Group,The Cigna Group's Technology Development Program - Software Engineering Track Summer Internship,,"St. Louis, MO +4",,https://cigna.wd5.myworkdayjobs.com/en-US/cignacareers/job/St-Louis-MO/The-Cigna-Group-s-Technology-Development-Program----Software-Engineering-Track-Summer-Internship_26009527
2026-09-18-1924,speedyapply,Tokyo Electron,Software Engineer - AI Research Summer 2027 Intern,,"San Jose, CA",,https://tel.wd3.myworkdayjobs.com/en-US/tel-careers/job/San-Jose/Software-Engineer--AI-Research-Summer-2027-Intern_R26-01531
2026-09-18-1924,speedyapply,Allegion,Summer Intern - Software Engineering - DevOps,,"Carmel, IN +1",,https://allegion.wd5.myworkdayjobs.com/en-US/careers/job/Carmel-IN/Software-Engineering-Intern---DevOps_JR37379
2026-09-18-1924,speedyapply,Cboe Global Markets,Software Engineer Intern,,"Chicago, IL +2",,https://cboe.wd1.myworkdayjobs.com/en-US/external_career_cboe/job/Chicago-IL/Software-Engineer-Intern_R-4654
2026-09-18-1924,speedyapply,Dimensional,Internship in Technology - Software Engineer,,"Austin, TX",,https://dimensional.wd5.myworkdayjobs.com/en-US/dfa_careers/job/Austin/Internship-in-Technology---Software-Engineer_2026-9022
2026-09-18-1924,speedyapply,fgf brands,IT Software QA Automation Co-Op - Winter 2027,,"Woodbridge, CA",,https://careerscoopinternen-fgfbrands.icims.com/jobs/26841/it-software-qa-automation-co-op-%28winter-2027%29/job
2026-09-18-1924,speedyapply,Gilead Sciences,Intern - CFO - IT - Cloud Platform,,"Raleigh, NC",,https://gilead.wd1.myworkdayjobs.com/en-US/gileadcareers/job/United-States---North-Carolina---Raleigh/Intern---CFO---IT--Cloud-Platform-_R0054839
2026-09-18-1924,speedyapply,Motorola Solutions,Software Engineering Intern - Summer 2027,,"Chicago, IL",,https://motorolasolutions.wd5.myworkdayjobs.com/en-US/careers/job/Chicago-IL/Software-Engineering-Intern---Summer-2027_R68388
2026-09-18-1924,speedyapply,Nelnet,Intern - Software Engineer - New Ventures - Starting Summer 2026,,"Lincoln, NE",,https://nelnet.wd1.myworkdayjobs.com/en-US/mynelnet/job/Lincoln-NE/Intern---Software-Engineer---New-Ventures---Starting-Summer-2026_R23098
2026-09-18-1924,speedyapply,Peraton,Summer 2027 Software Engineer Intern,,"Herndon, VA +1",,https://careers-peraton.icims.com/jobs/169665/summer-2027-software-engineer-intern/job
2026-09-18-1924,speedyapply,SmartFlower Solar,Embedded Systems Engineering Intern - Spring '27,,"Woburn, MA",,https://apply.workable.com/smartflower-solar-llc/j/240CCDA520/
2026-09-18-1924,speedyapply,Steel Dynamics,Software Development Internship,,"Columbus, MS",,https://careers-steeldynamics.icims.com/jobs/8017/software-development-internship/job
2026-09-18-1924,speedyapply,Swivel,DevOps Intern,,"San Antonio, TX",,https://swbc.wd1.myworkdayjobs.com/en-US/swivel/job/San-Antonio-TX/DevOps-Intern_R0015484
2026-09-18-1924,speedyapply,Swivel,Software Engineering Intern,,"San Antonio, TX",,https://swbc.wd1.myworkdayjobs.com/en-US/swivel/job/San-Antonio-TX/Software-Engineering-Intern_R0015482
2026-09-18-1924,speedyapply,Trimble,Software Engineering Intern,,"Westminster, CO +6",,https://trimble.wd1.myworkdayjobs.com/en-US/trimblecareers/job/US---CO-Westminster/Software-Engineering-Intern_R57676
2026-09-18-1924,speedyapply,Trimble,Hardware/Software Testing Intern,,"Westminster, CO +2",,https://trimble.wd1.myworkdayjobs.com/en-US/trimblecareers/job/US---CO-Westminster/Hardware-Software-Testing-Intern_R57677-1
2026-09-18-1924,speedyapply,Vercel,Software Engineering Intern - Summer '27,,"San Francisco, CA",,https://job-boards.greenhouse.io/vercel/jobs/6181759004
2026-09-18-1924,speedyapply,Vercel,Software Engineering Intern - Winter '27,,"San Francisco, CA",,https://job-boards.greenhouse.io/vercel/jobs/6181755004
2026-09-18-1924,speedyapply,HP,Software Product Security Engineer Intern,,"Spring, TX",,https://hp.wd5.myworkdayjobs.com/en-US/exteu-ac-careersite/job/Spring-Texas-United-States-of-America/Software-Product-Security-Engineer-Intern_UNI4740
2026-09-18-1924,speedyapply,Apex Technology,Simulation Software Engineering Internship - Spring or Summer 2027,,"Los Angeles, CA",,https://jobs.ashbyhq.com/apex-technology-inc/d3e21f84-3637-4521-833d-fd07b3ca5f2e
2026-09-18-1924,speedyapply,Juicebox,Software Engineer Intern,,"San Francisco, CA",,https://jobs.ashbyhq.com/juicebox/1af7ec98-9c2e-4101-868e-58e6f35cd23a
2026-09-18-1924,speedyapply,Zipline,Aircraft Software Integration Intern - Summer 2027,,"South San Francisco, CA",,https://www.zipline.com/open-roles/7986848003?gh_jid=7986848003
2026-09-18-1924,speedyapply,Zipline,Aircraft Software Integration Intern - Spring 2027,,"South San Francisco, CA",,https://www.zipline.com/open-roles/7986810003?gh_jid=7986810003
2026-09-18-1924,speedyapply,Apex Technology,Software Engineering Internship - Test & Automation - Summer 2027,,"Los Angeles, CA",,https://jobs.ashbyhq.com/apex-technology-inc/692bb497-59ba-44df-bacf-fffd2f7c6344
2026-09-18-1924,speedyapply,Apex Technology,Ground Software Engineering Internship - Spring or Summer 2027,,"Los Angeles, CA",,https://jobs.ashbyhq.com/apex-technology-inc/2d5ad921-241f-4e7a-b9ff-9d01763da88c
2026-09-18-1924,speedyapply,Innovative Systems,Intern/Co-op- Summer 2027 - Software Engineering,,"Pittsburgh, PA",,http://career.innovativesystems.com/apply/nPMqeNSQOo/InternCoop-Summer-2027-Software-Engineering
2026-09-18-1924,speedyapply,Innovative Systems,Intern/Co-op-Spring 2027 - Software Engineering,,"Pittsburgh, PA",,http://career.innovativesystems.com/apply/wJuSCjOOqx/InternCoopSpring-2027-Software-Engineering
2026-09-18-1924,speedyapply,Marvell,Firmware Engineer Intern - BS - Summer 2027,,"Santa Clara, CA +1",,https://marvell.wd1.myworkdayjobs.com/en-US/marvellcareers/job/Santa-Clara-CA/Firmware-Engineer-Intern--BS---Summer-2027_2604461
2026-09-18-1924,speedyapply,Otis,Embedded Software Engineering Intern,,"Farmington, CT",,https://otis.wd504.myworkdayjobs.com/en-US/rec_ext_gateway/job/OT494-5FS---Farmington-CT-5-Farm-Springs-Farmington-CT-06032-USA/Embedded-Software-Engineering-Intern_20166770
2026-09-18-1924,speedyapply,Shure,Mobile Applications - iOS Intern,,"Niles, IL",,https://careersus-shure.icims.com/jobs/5007/mobile-applications-%28ios%29-intern/job
2026-09-18-1924,speedyapply,Shure,Cloud Operations Intern,,"Skokie, IL",,https://careersus-shure.icims.com/jobs/4952/cloud-operations-intern/job
2026-09-18-1924,speedyapply,Shure,Mobile Applications - Android Intern,,"Niles, IL",,https://careersus-shure.icims.com/jobs/5006/mobile-applications-%28android%29-intern/job
2026-09-18-1924,speedyapply,The Exploration Company,Spring 2027 Internship - Software,,"Los Angeles, CA",,https://jobs.ashbyhq.com/the-exploration-company/e23f19f1-b5fa-408a-822c-c6c37631a2fe
2026-09-18-1924,speedyapply,Alcon,2027 Summer Software - Data & AI Engineering Interns,,"Fort Worth, TX +4",,https://alcon.wd5.myworkdayjobs.com/en-US/careers_alcon/job/Fort-Worth-Texas/XMLNAME-2027-Summer-Software--Data---AI-Engineering-Interns_R-2026-49480
2026-09-18-1924,speedyapply,Cadence,Software Intern,,"San Jose, CA",,https://cadence.wd1.myworkdayjobs.com/en-US/external_careers/job/SAN-JOSE/Software-Intern_R56258
2026-09-18-1924,speedyapply,Hewlett Packard Enterprise,ASIC Firmware and Diagnostic Intern,,"Chippewa Falls, WI +1",,https://hpe.wd5.myworkdayjobs.com/en-US/jobsathpe/job/Chippewa-Falls-Wisconsin-United-States-of-America/ASIC-Firmware-and-Diagnostic-Intern_1213415
2026-09-18-1924,speedyapply,Motorola Solutions,Android Platform Software Engineering Intern - Summer 2027,,"Plantation, FL +1",,https://motorolasolutions.wd5.myworkdayjobs.com/en-US/careers/job/Plantation-FL/Android-Platform-Software-Engineering-Intern---Summer-2027_R68363
2026-09-18-1924,speedyapply,National Information Solutions Cooperative,Intern - Software Development,,"Cedar Rapids, IA +2",,https://job-boards.greenhouse.io/testnisc/jobs/8174096
2026-09-18-1924,speedyapply,SEL,Software Engineering Intern - Power Systems,,"Boise, ID",,https://selinc.wd1.myworkdayjobs.com/en-US/sel/job/Idaho---Boise/Software-Engineering-Intern---Power-Systems_2026-22933
2026-09-18-1924,speedyapply,Apex Technology,Software Engineering Internship - Embedded Systems - Spring or Summer 2027,,"Los Angeles, CA",,https://jobs.ashbyhq.com/apex-technology-inc/4203604c-2330-4c89-8432-37af718a6bda
2026-09-18-1924,speedyapply,GPC,Web Developer Intern,,"Birmingham, AL",,https://genpt.wd1.myworkdayjobs.com/en-US/careers/job/Birmingham-AL-USA/Web-Developer-Intern_R26_0000029238
2026-09-18-1924,speedyapply,Intel,Software Engineering - Intern - Bachelor’s,,"Hillsboro, OR +4",,https://intel.wd1.myworkdayjobs.com/en-US/external/job/US-Oregon-Hillsboro/Software-Engineering---Intern--Bachelor-s_JR0286834
2026-09-18-1924,speedyapply,LEGO,Firmware Engineering Co-Op - Spring 2027,,"Boston, MA",,https://lego.wd103.myworkdayjobs.com/en-US/lego_executive/job/Boston-Hub/Firmware-Engineering-Co-Op---Spring-2027_0000037765
2026-09-18-1924,speedyapply,PepsiCo,2027 Summer Intern: Technology Software Development & Engineering,,"Plano, TX",,https://uscampus-pepsico.icims.com/jobs/466510/2027-summer-intern%3a-technology-software-development-%26-engineering/job
2026-09-18-1924,speedyapply,Stryker,Commercial Operations Software Engineering Intern - Flower Mound - TX,,"Flower Mound, TX",,https://stryker.wd1.myworkdayjobs.com/en-US/strykercareers/job/Flower-Mound-Texas/Commercial-Operations-Software-Engineering-Intern---Flower-Mound--TX_R572941
2026-09-18-1924,speedyapply,Valon Tech,Software Engineer Intern,,"New York City, NY +1",,https://jobs.ashbyhq.com/valon/b5a62c0c-823c-42dd-8cb5-e4b1455bcc64
2026-09-18-1924,speedyapply,Western & Southern Financial Group,Software Developer Intern - Enterprise Process Management Team - Full Year 2027,,"Cincinnati, OH",,https://careers-westernsouthern.icims.com/jobs/25245/software-developer-intern-%28enterprise-process-management-team%29-%28full-year-2027%29/job
2026-09-18-1924,speedyapply,Western & Southern Financial Group,Cloud Infrastructure Intern - Full Year 2027,,"Cincinnati, OH",,https://careers-westernsouthern.icims.com/jobs/25238/cloud-infrastructure-intern-%28full-year-2027%29/job
2026-09-18-1924,speedyapply,Western & Southern Financial Group,Artificial Intelligence Developer Intern - Full Year 2027,,"Cincinnati, OH",,https://careers-westernsouthern.icims.com/jobs/25211/artificial-intelligence-developer-intern-%28full-year-2027%29/job
2026-09-18-1924,speedyapply,Western & Southern Financial Group,Software Automation Testing Intern - Full Year 2027,,"Cincinnati, OH",,https://careers-westernsouthern.icims.com/jobs/25006/software-automation-testing-intern-%28full-year-2027%29/job
2026-09-18-1924,speedyapply,Western & Southern Financial Group,Software Developer Intern - Agency Systems - Full Year 2027,,"Cincinnati, OH",,https://careers-westernsouthern.icims.com/jobs/25222/software-developer-intern-%28agency-systems%29-%28full-year-2027%29/job
2026-09-18-1924,speedyapply,Blue Origin,Summer 2027 Software Developer Internship - Undergraduate,,"Seattle, WA +2",,https://blueorigin.wd5.myworkdayjobs.com/en-US/blueorigin/job/Greater-Seattle-Area/Summer-2027-Software-Developer-Internship---Undergraduate_R71425
2026-09-18-1924,speedyapply,Blue Origin,Summer 2027 Avionics Software Internship - Undergraduate,,"Seattle, WA +3",,https://blueorigin.wd5.myworkdayjobs.com/en-US/blueorigin/job/Greater-Seattle-Area/Summer-2027-Avionics-Software-Internship---Undergraduate_R71424
2026-09-18-1924,speedyapply,Bosch,Software Engineering Intern - 8 months/40hrs per week,,"Farmington Hills, MI",,https://jobs.smartrecruiters.com/BoschGroup/744000146546849-software-engineering-intern-8-months-40hrs-per-week-?oga=true
2026-09-18-1924,speedyapply,C3 AI,Software Engineer - Intern - Summer 2027,,"Redwood City, CA",,https://c3.ai/job-description/8739037002?gh_jid=8739037002
2026-09-18-1924,speedyapply,Clearwater Analytics,Salesforce Developer Intern,,"Boise, ID",,https://clearwateranalytics.wd1.myworkdayjobs.com/en-US/clearwater_analytics_careers/job/Office---Boise/Salesforce-Developer-Intern_R12215
2026-09-18-1924,speedyapply,GE HealthCare,Edison Engineering Development Program Intern - Software,,"Waukesha, WI",,https://gehc.wd5.myworkdayjobs.com/en-US/gehc_externalsite/job/Waukesha/Edison-Engineering-Development-Program-Intern---Software_R4043933-2
2026-09-18-1924,speedyapply,GPC,Customer Software Development Intern,,"Birmingham, AL",,https://genpt.wd1.myworkdayjobs.com/en-US/careers/job/Birmingham-AL-USA/Customer-Software-Development-Intern_R26_0000029135
2026-09-18-1924,speedyapply,GPC,Cloud Developer Intern,,"Birmingham, AL",,https://genpt.wd1.myworkdayjobs.com/en-US/careers/job/Birmingham-AL-USA/Cloud-Developer-Intern_R26_0000029133
2026-09-18-1924,speedyapply,Medline,Software Engineering Intern - Summer 2027,,"Northbrook, IL",,https://medline.wd5.myworkdayjobs.com/en-US/medline/job/Northbrook-Illinois/Software-Engineering-Intern---Summer-2027_R2617623
2026-09-18-1924,speedyapply,OnLogic,Firmware Engineering Co-op,,"Cary, NC +1",,https://apply.workable.com/onlogic-inc/j/10EC1527D8/
2026-09-18-1924,speedyapply,Philips,Co-op - Software Engineering - APM - Cambridge - MA - Jan - Aug 2027,,"Cambridge, MA",,https://philips.wd3.myworkdayjobs.com/en-US/jobs-and-careers/job/Cambridge-US-Massachusetts-United-States/Co-op---Software-Engineering--APM----Cambridge--MA---Jan---Aug-2027_590097
2026-09-18-1924,speedyapply,Philips,Co-op - Software Development Engineer - Cambridge - MA - Jan-Aug 2027,,"Cambridge, MA",,https://philips.wd3.myworkdayjobs.com/en-US/jobs-and-careers/job/Cambridge-US-Massachusetts-United-States/Co-op---Software-Development-Engineer---Cambridge--MA---Jan-Aug-2027_590095
2026-09-18-1924,speedyapply,Plexus,Intern - Software Engineer - Summer 2027,,"Raleigh, NC",,https://plexus.wd504.myworkdayjobs.com/en-US/plexus_careers/job/Raleigh-NC/Intern---Software-Engineer--Summer-2027-_R040424
2026-09-18-1924,speedyapply,Plexus,Intern - Software Engineer - Fall 2027,,"Neenah, WI",,https://plexus.wd504.myworkdayjobs.com/en-US/plexus_careers/job/Neenah-WI/Intern---Software-Engineer--Fall-2027-_R040443
2026-09-18-1924,speedyapply,Stoke Space,Summer 2027 Internship - Software,,"Kent, WA",,https://job-boards.greenhouse.io/stokespacetechnologies/jobs/6176786004
2026-09-18-1924,speedyapply,CIBC,2027 Spring Term Software Engineer Co-op - Chicago - Northeastern University,,"Chicago, IL",,https://cibc.wd3.myworkdayjobs.com/en-US/search/job/Chicago-IL/XMLNAME-2027-Spring-Term-Software-Engineer-Co-op---Chicago--Northeastern-University-_2617782-1
2026-09-18-1924,speedyapply,Home Depot,2027 Summer Internship - Software Engineering,,"Atlanta, GA",,https://homedepot.wd5.myworkdayjobs.com/en-US/careerdepot/job/STORE-SUPPORT-CENTER-ATLANTA---9090/XMLNAME-2027-Summer-Internship---Software-Engineering_Req191937
2026-09-18-1924,speedyapply,NiSource,Intern IT - Software Engineer,,"Merrillville, IN +1",,https://nisource.wd1.myworkdayjobs.com/en-US/nisource/job/Merrillville-IN-SLC/Intern-IT---Software-Engineer_R00943449
2026-09-18-1924,speedyapply,Stryker,Summer 2027 Internship - Software Engineering - California,,"San Jose, CA +1",,https://stryker.wd1.myworkdayjobs.com/en-US/strykercareers/job/San-Jose-California/Summer-2027-Internship---Software-Engineering---California_R572624
2026-09-18-1924,speedyapply,Game Plan Tech,Software Engineering Intern,,"Reston, VA",,https://jobs.gusto.com/postings/game-plan-tech-llc-software-engineering-intern-bc91da14-6a89-4532-9ee0-367e0f51f3ea
2026-09-18-1924,speedyapply,northwoodspace,Embedded Software Engineering Intern - 2027 Summer Internship,,"Los Angeles, CA",,https://jobs.ashbyhq.com/northwoodspace/d0cca9dd-ea90-4c3b-94b4-17761932d11c
2026-09-18-1924,speedyapply,northwoodspace,Software Engineering Intern - 2027 Summer Internship,,"Los Angeles, CA",,https://jobs.ashbyhq.com/northwoodspace/ce3d4b73-461e-4128-a6f1-f933897e8119
2026-09-18-1924,speedyapply,Persona AI,Robotics Software Internship - Manipulation,,"Houston, TX",,https://jobs.ashbyhq.com/persona.ai/1e8d195c-e28e-423d-a06a-9eeb401ed4fc
2026-09-18-1924,speedyapply,TELUS Digital,Software Engineering Intern - US - Summer 2027,,"Charlottesville, VA +2",,https://jobs.ashbyhq.com/telus-digital/32ee6ede-d3cf-4827-b7af-f8d64f2bca11
2026-09-18-1924,speedyapply,Hewlett Packard Enterprise,Firmware Engineer Intern,,"Spring, TX +9",,https://hpe.wd5.myworkdayjobs.com/en-US/jobsathpe/job/Spring-Texas-United-States-of-America/Firmware-Engineer-Intern_1213627
2026-09-18-1924,speedyapply,Hewlett Packard Enterprise,Cloud Engineer Intern,,"Spring, TX +9",,https://hpe.wd5.myworkdayjobs.com/en-US/jobsathpe/job/Spring-Texas-United-States-of-America/Cloud-Engineer-Intern_1213629
2026-09-18-1924,speedyapply,Hewlett Packard Enterprise,Software Engineer Intern,,"Spring, TX +9",,https://hpe.wd5.myworkdayjobs.com/en-US/jobsathpe/job/Spring-Texas-United-States-of-America/Software-Engineer-Intern_1213625
2026-09-18-1924,speedyapply,HP,Software and Engineering Intern Roles - Imaging and Print,,"Corvallis, OR",,https://hp.wd5.myworkdayjobs.com/en-US/exteu-ac-careersite/job/Corvallis-Oregon-United-States-of-America/Software-and-Engineering-Intern-Roles---Imaging-and-Print_3168142
2026-09-18-1924,speedyapply,Metaphor,Software Engineer - Intern,,"San Francisco, CA",,https://jobs.ashbyhq.com/exa/a9e01521-66f1-481b-89da-ec01d4620f16
2026-09-18-1924,speedyapply,Johnson & Johnson,Software Engineering Co-Op - Spring 2027,,"Cincinnati, OH",,https://jj.wd5.myworkdayjobs.com/en-US/jj/job/Cincinnati-Ohio-United-States-of-America/Software-Engineering-Co-Op--Spring-2027_R-095741
2026-09-18-1924,speedyapply,Brunswick,Mercury Marine - Systems/Software Engineering Co-op,,"Fond du Lac, WI",,https://brunswick.wd1.myworkdayjobs.com/en-US/search/job/Fond-du-Lac-WI/Mercury-Marine---Systems-Software-Engineering-Co-op_JR-051212
2026-09-18-1924,speedyapply,MORSE Corp Co-op Opportunities,Python Software Engineer Co-op,,"Arlington, VA +2",,https://job-boards.greenhouse.io/morsecorpcoop/jobs/7968338003
2026-09-18-1924,speedyapply,MORSE Corp Co-op Opportunities,Embedded Software Engineer Co-op,,"Cambridge, MA",,https://job-boards.greenhouse.io/morsecorpcoop/jobs/7968605003
2026-09-18-1924,speedyapply,Plexus,Intern - Software Engineer - Spring 2027,,"Neenah, WI",,https://plexus.wd504.myworkdayjobs.com/en-US/plexus_careers/job/Neenah-WI/Intern---Software-Engineer--Spring-2027-_R041060
2026-09-18-1924,speedyapply,DMA,Software Development Intern - Summer 2027,,"Fort Wayne, IN +1",,https://dmainc.wd5.myworkdayjobs.com/en-US/dma/job/Fort-Wayne-IN/Software-Development-Intern---Summer-2027_REQ636
2026-09-18-1924,speedyapply,DMA,Software Development Intern - Spring 2027,,"Fort Wayne, IN +1",,https://dmainc.wd5.myworkdayjobs.com/en-US/dma/job/Fort-Wayne-IN/Software-Development-Intern---Spring-2027_REQ634
2026-09-18-1924,speedyapply,P&G - Procter & Gamble,IT Engineering Internship - Software - Platform - & Network,,"Cincinnati, OH",,https://pg.wd5.myworkdayjobs.com/en-US/1000/job/CINCINNATI-GENERAL-OFFICES/IT-Engineering-Internship--Software--Platform----Network-_R000157503
2026-09-18-1924,speedyapply,Emory University,Internship - GPS Sample Tester and Junior Developer - ETS - Temporary,,"Decatur, GA",,https://staff-emory.icims.com/jobs/172196/internship%2c-gps-sample-tester-and-junior-developer-%28ets%29-%7c-temporary/job
2026-09-18-1924,speedyapply,SimIS,Aerospace/Aviation Artificial Intelligence Developer - Intern,,"Suffolk, VA",,http://simisinc.applytojob.com/apply/U1yOSyvkvH/AerospaceAviation-Artificial-Intelligence-Developer-Intern
2026-09-18-1924,speedyapply,Aerotech,Software Engineering Internship or Co-op 2027,,"Pittsburgh, PA",,http://aerotech.applytojob.com/apply/OFIYSpO0HW/Software-Engineering-Internship-Or-Coop-2027
2026-09-18-1924,speedyapply,METECS,Summer Software Internship,,"Houston, TX",,http://metecs.applytojob.com/apply/XTBhKHIVhQ/Summer-Software-Internship
2026-09-18-1924,speedyapply,Composio,Fullstack Engineering Internship - Product Team - Fall 2026 & Winter 2027,,"San Francisco, CA",,https://jobs.ashbyhq.com/composio/eea3c0be-8589-4e3d-a684-de29a9eada0d
2026-09-18-1924,speedyapply,GE Aerospace,Embedded Systems Engineer Co-op - Bohemia - NY - Spring 2027,,"Bohemia, NY",,https://geaerospace.wd5.myworkdayjobs.com/en-US/ge_externalsite/job/Bohemia/Embedded-Systems-Engineer-Co-op--Bohemia--NY----Spring-2027_R5035583-1
2026-09-18-1924,speedyapply,Blue Origin,2026 Intern Conversion - Software Development Engineer I,,"Seattle, WA +8",,https://blueorigin.wd5.myworkdayjobs.com/en-US/blueorigin/job/Greater-Seattle-Area/XMLNAME-2026-Intern-Conversion---Software-Development-Engineer-I_R70275
2026-09-18-1924,speedyapply,Ambrook,Software Engineering Co-op,,"New York City, NY",,https://jobs.ashbyhq.com/ambrook/29ffbcea-17c3-4488-9d57-a9f7249b49a5
2026-09-18-1924,speedyapply,Varda,Site Reliability Internship - Spring 2027,,"El Segundo, CA",,https://job-boards.greenhouse.io/vardaspace/jobs/7824814003
2026-09-18-1924,speedyapply,Varda,Flight Software Internship - Spring 2027,,"El Segundo, CA",,https://job-boards.greenhouse.io/vardaspace/jobs/7824815003
2026-09-18-1924,speedyapply,Kastle,Software Engineer - Intern,,"San Francisco, CA",,https://jobs.ashbyhq.com/kastle/6f32db51-de45-472f-a9c8-d9419d3634ee
2026-09-18-1924,speedyapply,Terranova,Software Engineering Intern,,"Berkeley, CA",,https://jobs.ashbyhq.com/terranova/a8e5a8d2-4af3-4736-b66e-e0804447f7a0
2026-09-18-1924,speedyapply,Draper,Embedded Quality & Fielded Systems Intern,,"Cambridge, MA",,https://draper.wd5.myworkdayjobs.com/en-US/draper_careers/job/Cambridge-MA/Embedded-Quality---Fielded-Systems-Intern_JR002718
2026-09-18-1924,speedyapply,SpaceX,Spring 2027 Software Engineering Internship/Co-op,,"Bastrop, TX +6",,https://boards.greenhouse.io/spacex/jobs/8621756002?gh_jid=8621756002
2026-09-18-1924,speedyapply,SpaceX,Summer 2027 Software Engineering Internship/Co-op,,"Bastrop, TX +6",,https://boards.greenhouse.io/spacex/jobs/8621757002?gh_jid=8621757002
2026-09-18-1924,speedyapply,Samsara,Software Engineering Internship - San Francisco,,"San Francisco, CA",,https://www.samsara.com/company/careers/roles/8082091?gh_jid=8082091
2026-09-18-1924,speedyapply,Uline,Software Development Internship - Summer 2027,,"Pleasant Prairie, WI +4",,https://uline.wd1.myworkdayjobs.com/en-US/uline_careers/job/Pleasant-Prairie-WI/Software-Development-Internship---Summer-2027_R265684
2026-09-18-1924,speedyapply,Hyannis Port Research,Software Engineering Intern - Summer 2027,,"Needham, MA",,https://job-boards.greenhouse.io/hyannisportresearch/jobs/7822989003
2026-09-18-1924,speedyapply,Medtronic,Software Engineering Intern - Summer 2027,,"Fridley, MN +20",,https://medtronic.wd1.myworkdayjobs.com/en-US/redeploymentmedtroniccareers/job/Fridley-Minnesota-United-States-of-America/Software-Engineering-Intern---Summer-2027_R73630
2026-09-18-1924,speedyapply,Heliux,Software Engineer - Internship - Spring 2027,,"San Francisco, CA",,https://jobs.ashbyhq.com/heliux/c71c0650-b6f7-491f-b291-6b280f58ee9c
2026-09-18-1924,speedyapply,Mathtech,Web Application Developer Intern,,"Falls Church, VA",,https://workforcenow.adp.com/mascsr/default/mdf/recruitment/recruitment.html?cid=cf1a92f4-16eb-4267-86ca-bc956024f426&jobId=565843
2026-09-18-1924,speedyapply,Gritt Robotics,ML & Cloud Infrastructure Engineer Intern,,"South San Francisco, CA",,https://jobs.ashbyhq.com/gritt/46af6e69-40fc-4e53-940e-a99757137523
2026-09-18-1924,speedyapply,Bild AI,AI/SWE Intern,,"San Francisco, CA",,https://jobs.ashbyhq.com/bild-ai/b333f0f7-0ca6-4509-8697-9303396b5364
2026-09-18-1924,speedyapply,Chevron,2026-2027 Information Technology - Software Engineer - Intern,,"Houston, TX",,https://chevron.wd5.myworkdayjobs.com/en-US/university/job/Houston-Texas-United-States-of-America/XMLNAME-2026-2027-Information-Technology---Software-Engineer---Intern_R000072398-1
2026-09-18-1924,speedyapply,Manhattan Associates,A.I. Developer Co-Op - Boston - MA,,USA,,https://manh.wd5.myworkdayjobs.com/en-US/campus/job/US---Home-Office/AI-Developer-Co-Op--Boston--MA-_16931
2026-09-18-1924,speedyapply,Vital Lyfe,Software Engineering Internship - Fall 2026,,"Los Angeles, CA",,https://jobs.ashbyhq.com/vital-lyfe/43a79d8f-a8bb-4c57-a411-1bac946128af
2026-09-18-1924,speedyapply,Palantir,Forward Deployed Software Engineer - Internship - Intel,,"Washington, DC",,https://jobs.lever.co/palantir/9e40d77f-b07c-437b-98e7-def9b0184d89
2026-09-18-1924,speedyapply,MyJunior AI,Software Engineering Intern — Fall 2026,,"New York City, NY",,https://jobs.ashbyhq.com/junior/23ee686b-d305-4ac9-860d-16c99ddb4891
2026-09-18-1924,speedyapply,Palantir,Forward Deployed Software Engineer - Internship - Commercial,,"Chicago, IL",,https://jobs.lever.co/palantir/d5486403-c050-4920-b2e0-91b69b61ebb2
2026-09-18-1924,speedyapply,CTGT,Software Engineering Intern - Summer 2027,,"San Francisco, CA",,https://jobs.ashbyhq.com/ctgt/f657c2f5-125e-42b6-a68a-646bbea3d155
2026-09-18-1924,speedyapply,Palantir,Year at Palantir - Forward Deployed Software Engineer - Internship - Commercial,,"Chicago, IL",,https://jobs.lever.co/palantir/75cc1c09-8ebd-44c8-b3bc-d122cd1fecb3
2026-09-18-1924,speedyapply,FightCamp,Firmware Intern - Fall 2026,,"San Jose, CA",,https://job-boards.greenhouse.io/figureai/jobs/4691070006
2026-09-18-1924,speedyapply,Circleback,Software Engineering Intern - Summer 2027,,"San Francisco, CA",,https://jobs.ashbyhq.com/circleback/2bb6be67-d1a8-42f7-bb1b-64ee36bf613f
2026-09-18-1924,speedyapply,Stevens Capital Management,Developer Internship,,"Radnor, PA",,https://job-boards.greenhouse.io/scm/jobs/721888
2026-09-18-1924,chieler,Robinhood,"Software Developer Intern, Backend (Summer 2027)",,,,https://boards.greenhouse.io/robinhood/jobs/8142930?t=gh_src=&gh_jid=8142930
2026-09-18-1924,chieler,Robinhood,"Software Developer Intern/Co-op, Backend (Winter 2027)",,,,https://boards.greenhouse.io/robinhood/jobs/8194428?t=gh_src=&gh_jid=8194428
2026-09-18-1924,chieler,Robinhood,"Software Developer Intern, iOS (Summer 2027)",,,,https://boards.greenhouse.io/robinhood/jobs/8199729?t=gh_src=&gh_jid=8199729
2026-09-18-1924,chieler,AMD,Software Engineer Intern,,,,https://careers.amd.com/careers-home/jobs/91180
2026-09-18-1924,chieler,Raytheon,Software Development Intern,,,,https://globalhr.wd5.myworkdayjobs.com/fr-CA/Private_Posting_No_TMP/job/US-MA-TEWKSBURY-TB3--50-Apple-Hill-Dr--CONCORD-BLDG-Tewksbury-Tb3-300-Concord/Software-Development-Intern--Summer-2027-_01865635
2026-09-18-1924,chieler,Databricks,Software Engineering Intern,,,,https://www.databricks.com/company/careers/university-recruiting/software-engineering-intern-2027-start---winter-8732364002?gh_jid=8732364002
2026-09-18-1924,chieler,ByteDance,"AI Network Automation Engineer Intern, Global Physical Network Infra",,,,https://joinbytedance.com/search/7670690923748870405
2026-09-18-1924,chieler,ByteDance,GPU/AI Application System Software Engineer Intern,,,,https://joinbytedance.com/search/7668464504736876853
2026-09-18-1924,chieler,ByteDance,Applied Machine Learning Production Engineer Intern,,,,https://joinbytedance.com/search/7670009669494704437
2026-09-18-1924,chieler,NVIDIA,"Software Engineering Intern, Dynamo",,,,https://nvidia.wd5.myworkdayjobs.com/en-US/NVIDIAExternalCareerSite/job/US-CA-Santa-Clara/Software-Engineering-Intern--Dynamo---Fall-2026_JR2022295
2026-09-18-1924,chieler,SpaceX,"Software Engineer Intern, Fleet Health Instrumentation",,,,https://job-boards.greenhouse.io/spacex/jobs/8621756002
2026-09-18-1924,chieler,Shopify,Software Engineering Intern,,,,https://www.shopify.com/careers/software-engineering-internships-winter-2027_404bb82e-37f3-4a78-b0f3-12923a7c4856?ashby_jid=404bb82e-37f3-4a78-b0f3-12923a7c4856
2026-09-18-1924,chieler,Akuna Capital,"Software Engineer Intern (Summer 2027, Python / C++ / Full Stack / C# .NET)",,,,https://akunacapital.com/careers/job/8018847/
2026-09-18-1924,chieler,Hudson River Trading,"Software Engineering Intern (Summer 2027, C++ / Python)",,,,https://www.hudsonrivertrading.com/hrt-job/software-engineering-internship-c-or-python-summer-2027/
2026-09-18-1924,chieler,Rippling,"Software Engineer Intern, Backend / Full Stack / ML (Winter 2027)",,,,https://ats.rippling.com/rippling/jobs/00cbc991-d2fb-452c-a8b6-2978f109a484
2026-09-18-1924,chieler,TSMC Arizona,"Engineering Intern (12 roles: process, equipment, CIM / software)",,,,https://ro.careers.tsmc.com/job/Phoenix-Summer-2027-TSMC-AZ-Internship-Opportunities-Engineering-Roles-AZ-85001/1361003166/
2026-09-18-1924,chieler,D. E. Shaw,Systems Engineering Intern,,,,https://www.deshaw.com/careers/systems-engineering-intern-new-york-summer-2027-5916
2026-09-18-1924,chieler,Teledyne Technologies Incorporated,Software Engineer Intern,,,,https://flir.wd1.myworkdayjobs.com/en-US/flircareers/job/US---Huntsville-AL/NHRC-Software-Engineering-Internship--Summer-2027-_REQ36193
2026-09-18-1924,chieler,Copart,DevOps Engineering Intern,,,,https://copart.wd12.myworkdayjobs.com/en-US/copart/job/Dallas-TX---Headquarters/DevOps-Engineering-Intern_JR109490
2026-09-18-1924,chieler,Humana,"Software Engineer Intern, CenterWell and Humana Military",,,,https://humana.wd5.myworkdayjobs.com/Humana_External_Career_Site/job/Louisville-KY/Humana-Technology-Internship---Summer-2027_R-424692-1
2026-09-18-1924,chieler,Verition Fund Management LLC,Software Engineer Intern,,,,https://www.verition.com/open-positions?gh_jid=5214784007&gh_src=za15el4f7us&t=3253f722teu
2026-09-18-1924,chieler,Millennium,Applied AI Engineer Intern,,,,https://career.mlp.com/careers/job/755957778848
2026-09-18-1924,chieler,Freeform,Software Engineering Intern,,,,https://job-boards.greenhouse.io/freeformfuturecorp/jobs/7872198003
2026-09-18-1924,chieler,Hypercubic,Software Engineering Intern,,,,https://jobs.ashbyhq.com/hypercubic/ab7a23f9-7280-4443-b442-2813dc39d490
2026-09-18-1924,chieler,Exa,Software Engineer Intern,,,,https://jobs.ashbyhq.com/exa/a9e01521-66f1-481b-89da-ec01d4620f16
2026-09-18-1924,chieler,Replit,Software Engineering Intern,,,,https://jobs.ashbyhq.com/replit/7e0dafe8-3eec-442e-aa76-a4d84d779fb1
2026-09-18-1924,chieler,DV Group,"Software Engineer Intern, Commodities",,,,https://job-boards.greenhouse.io/dvtrading/jobs/4719119005
2026-09-18-1924,chieler,Atoms,Software Engineer Intern,,,,https://job-boards.greenhouse.io/cssmerge/jobs/8687896002
2026-09-18-1924,chieler,Campbell Soup Company,"Data Engineer Intern, DA&AI Co-Op",,,,https://campbellsoup.wd5.myworkdayjobs.com/en-US/externalcareers_globalsite/job/USA---NJ---Camden/Data-Engineer--DA-AI-Co-Op_Req-65838
2026-09-18-1924,chieler,Capital One,"Software Engineer Intern, Team Pickle",,,,https://capitalone.wd12.myworkdayjobs.com/en-US/Capital_One/job/Toronto-ON/Intern--Full-Stack-Software-Engineer---Team-Pickle---Winter-2027_R249013
2026-09-18-1924,chieler,Capital One,"Software Engineer Intern, Mobile",,,,https://capitalone.wd12.myworkdayjobs.com/en-US/Capital_One/job/Toronto-ON/Intern--Mobile-Software-Engineer---Team-Gringotts-North---Winter-2027_R249015
2026-09-18-1924,chieler,Redwood Materials,Test Automation Engineer Intern,,,,https://job-boards.greenhouse.io/redwoodmaterials/jobs/6126785004
2026-09-18-1924,chieler,The Trade Desk,"Software Engineering Intern (North America, Summer 2027)",,,,https://job-boards.greenhouse.io/thetradedesk/jobs/5187605007
2026-09-18-1924,chieler,Neuralink,"Software Engineer Intern, BCI Applications ⏳",,,,https://job-boards.greenhouse.io/neuralink/jobs/6594422003
2026-09-18-1924,chieler,Solar Turbines (Caterpillar),Solutions Platforms Engineered Intern (2027),,,,https://cat.wd5.myworkdayjobs.com/SolarTurbines/job/San-Diego-California/XMLNAME-2027-Internship----Solutions-Platforms-Engineered_R0000381657
2026-09-18-1924,chieler,BAE Systems,Software Engineering Intern I (Summer 2027),,,,https://jobs.baesystems.com/global/en/job/BAE1US127293BREXTERNAL/Software-Engineering-Intern-I-Summer-2027
2026-09-18-1924,chieler,LA-Tech.org,"Technical Intern, Software / Cyber / AI (Spring 2027, remote)",,,,https://pod4.app.loxo.co/job/Mzk2ODktbmxudnJmeGRuOXM0OHE3ZA==
2026-09-18-1924,chieler,CTGT,"Software Engineering Intern / Research Intern, Interpretability (Summer 2027)",,,,https://www.ycombinator.com/companies/ctgt/jobs/b3hTkK4-software-engineering-intern-summer-2027
2026-09-18-1924,chieler,Affinius Capital,Data Scientist Intern,,,,https://careers-affiniuscapital.icims.com/jobs/2284/summer-2027-data-scientist-intern/job
2026-09-18-1924,chieler,Blue Origin,Software Developer Intern (Spring 2027),,,,https://blueorigin.wd5.myworkdayjobs.com/en-US/BlueOrigin/job/Greater-Seattle-Area/Spring-2027--Software-Developer-Internship---Undergraduate_R66216
2026-09-18-1924,chieler,Blue Origin,Avionics Software Intern (Spring 2027),,,,https://blueorigin.wd5.myworkdayjobs.com/en-US/BlueOrigin/job/Greater-Seattle-Area/Spring-2027-Avionics-Software-Internship---Undergraduate_R66213
2026-09-18-1924,chieler,LiveRamp,"Software Engineer Intern, Pixel Serving",,,,https://liveramp.wd5.myworkdayjobs.com/LiveRampCareers/job/New-York/Intern--Software-Engineer---Pixel-Serving_JR012201
2026-09-18-1924,chieler,ASM,Software Engineering Intern (Spring 2027),,,,https://www.asm.com/open-vacancies/software-engineering-intern-spring-2027-4830113101?gh_jid=4830113101
2026-09-18-1924,chieler,LufCo,Summer Intern (CS / Software / Engineering),,,,https://lufco.breezy.hr/p/3d3ec6639256-summer-intern-2027
2026-09-18-1924,chieler,CloudFit Software,"Future Intern, Early Interest (Summer 2027, Software / AI/ML / Cyber)",,,,https://cloudfitsoftware.applytojob.com/apply/oaG5GcybAo
2026-09-18-1924,chieler,Epic,Software Developer Intern ⏳,,,,https://careers.epic.com/jobs/intern/
2026-09-18-1924,chieler,Kudu Dynamics,Software Engineer Intern (1),,,,https://leidos.wd5.myworkdayjobs.com/External/job/Chantilly-VA/Software-Engineer-Intern_R-00183707
2026-09-18-1924,applyguy,BERKLEY W R CORP,Software Developer Intern,,"Urbandale, IA",,https://careers-berkley.icims.com/jobs/14444/software-developer-intern/job
2026-09-18-1924,applyguy,BERKLEY W R CORP,Dynamics Admin/Developer Intern,,"Urbandale, IA",,https://careers-berkley.icims.com/jobs/14445/dynamics-admin-developer-intern/job
2026-09-18-1924,applyguy,Careers,Software Developer Intern,,"Dayton, OH",,https://careers-daytonfreight.icims.com/jobs/18249/software-developer-intern/job
2026-09-18-1924,applyguy,Gfs,Software Engineer Internship,,"Wyoming, MI",,https://gfs.wd5.myworkdayjobs.com/usjobs-gen-gfs/job/Wyoming-Michigan/Software-Engineer-Internship_R-57377
2026-09-18-1924,applyguy,Gfs,Software Engineer Intern (Low Code),,"Wyoming, MI",,https://gfs.wd5.myworkdayjobs.com/usjobs-gen-gfs/job/Wyoming-Michigan/Software-Engineer-Intern--Low-Code-_R-57375
2026-09-18-1924,applyguy,Thrivent,Associate Software Engineer - Junior Intern Summer 2027,Summer 2027,"Remote, U.S.",,https://thrivent.wd5.myworkdayjobs.com/external/job/Remote-Minnesota/Associate-Software-Engineer---Junior-Intern-Summer-2027_REQ-48334
2026-09-18-1924,applyguy,Together AI,Software Engineer Intern (Winter 2027),Winter 2027,"San Francisco, CA",,https://job-boards.greenhouse.io/togetherai/jobs/5238031007
2026-09-18-1924,applyguy,Bcbsks,RPA Engineering Developer Intern,,"Topeka, KS",,https://bcbsks.wd1.myworkdayjobs.com/external/job/Topeka/RPA-Engineering-Developer-Intern_R2026350
2026-09-18-1924,applyguy,BERKLEY W R CORP,Data Engineer Intern,,"Urbandale, IA",,https://careers-berkley.icims.com/jobs/14436/data-engineer-intern/job
2026-09-18-1924,applyguy,Join the Imagine team!,Summer 2027 Software Development Intern,Summer 2027,"Shakopee, MN",,https://recruiting.paylocity.com/Recruiting/Jobs/Details/4510538
2026-09-18-1924,applyguy,Kpm,Embedded Software Engineer – New Product Launch (6-12-month Contract) — Internship,,"Westborough, MA",,https://kpm.bamboohr.com/careers/125
2026-09-18-1924,applyguy,Lyte AI,Intern - Software Engineering,,"Sunnyvale, CA",,https://ats.rippling.com/lyte/jobs/13e9e743-b6bd-4e76-a4ce-27d4dc61c73e
2026-09-18-1924,applyguy,Smithnephew,Intern Robotics Software Engineering,,"Pittsburgh, PA",,https://smithnephew.wd5.myworkdayjobs.com/external/job/US---Pittsburgh-PA/Intern-Robotics-Software-Engineering_R92482
2026-09-18-1924,applyguy,Ttmtech,Software Engineering Internship,,"Farmingdale, NY",,https://ttmtech.wd5.myworkdayjobs.com/jobs/job/Farmingdale-NY/Software-Engineering-Internship_R18038
2026-09-18-1924,applyguy,Unisys,Software Engineer Intern,,"Blue Bell, PA",,https://unisys.wd5.myworkdayjobs.com/external/job/Blue-Bell-PA-United-States-of-America/XMLNAME-2026-Drexel-Fall-Software-Engineer_REQ573111
2026-09-18-1924,applyguy,Antares,Reactor Software Engineering Intern - Summer 2027,Summer 2027,"Los Angeles, CA",,https://jobs.ashbyhq.com/antares/419ef2df-f0aa-4b68-994a-077e08a959e3
2026-09-18-1924,applyguy,Antares,Multiphysics Software Intern - Summer 2027,Summer 2027,"Los Angeles, CA",,https://jobs.ashbyhq.com/antares/922a527d-9826-446d-9aba-ffc611995830
2026-09-18-1924,applyguy,Clockwork.io,Software Engineer Intern,,"Palo Alto, CA",,https://job-boards.greenhouse.io/clockworksystems/jobs/6174230004
2026-09-18-1924,applyguy,Gfs,Cloud DevOps Internship,,"Atlanta, GA",,https://gfs.wd5.myworkdayjobs.com/usjobs-gen-gfs/job/Atlanta-Georgia/Cloud-DevOps-Internship_R-57259
2026-09-18-1924,applyguy,Jj,Software Engineering Intern - Robotics R&D,,"Santa Clara, CA",,https://jj.wd5.myworkdayjobs.com/JJ/job/Santa-Clara-California-United-States-of-America/Software-Engineering-Intern---Robotics-R-D_R-099919
2026-09-18-1924,applyguy,Neogen,Software or Firmware Engineer Intern,,"Oakdale, MN",,https://neogen.wd5.myworkdayjobs.com/neogencareers/job/Oakdale/Software-or-Firmware-Engineer-Intern_REQ-11064
2026-09-18-1924,applyguy,Tel,Software Engineer 2027 Summer Intern,Summer 2027,"Chaska, MN",,https://tel.wd3.myworkdayjobs.com/tel-careers/job/Chaska/Software-Engineer-2027-Summer-Intern_R26-01573
2026-09-18-1924,applyguy,Analogdevices,Embedded Software Engineer Intern,,"Wilmington, MA",,https://analogdevices.wd1.myworkdayjobs.com/external/job/US-MA-Wilmington/Embedded-Software-Engineer-Intern_R266132
2026-09-18-1924,applyguy,apexanalytix,Automation Developer Intern (Summer 2027),Summer 2027,"Greensboro, NC",,https://ats.rippling.com/apexanalytix-careers/jobs/40e4727d-e132-4de0-89ba-b4fdbd5860a7
2026-09-18-1924,applyguy,Cisco,Software Engineer Data & AI I (Intern) - United States,,San Jose California,,https://cisco.wd5.myworkdayjobs.com/cisco_careers/job/San-Jose-California-US/Software-Engineer-Data---AI-I--Intern----United-States_2024510
2026-09-18-1924,applyguy,KEB America,"Software Design Engineer Intern (Onsite: Shakopee, MN)",,"Shakopee, MN",,https://recruiting.paylocity.com/Recruiting/Jobs/Details/4507357
2026-09-18-1924,applyguy,Lunaroutpost,Embedded Software Engineering Intern - Summer 2027,Summer 2027,"Golden, CO",,https://lunaroutpost.bamboohr.com/careers/392
2026-09-18-1924,applyguy,Micron,Intern - Data Center SSD Firmware,,"Longmont-MAX- Office, CO",,https://micron.wd1.myworkdayjobs.com/external/job/Longmont-MAX--Office-CO/Intern---Data-Center-SSD-Firmware_JR111461
2026-09-18-1924,applyguy,Micron,Intern - Firmware Engineer,,"Longmont-MAX- Office, CO",,https://micron.wd1.myworkdayjobs.com/external/job/Longmont-MAX--Office-CO/Intern---Firmware-Engineer_JR111584
2026-09-18-1924,applyguy,Nelnet,2026 Summer Intern - IT Software Engineer - .NET/Web - Starting Summer 2027,Summer 2027,"Madison, WI",,https://nelnet.wd1.myworkdayjobs.com/mynelnet/job/Madison-WI/XMLNAME-2026-Summer-Intern---IT-Software-Engineer---NET-Web_R23106
2026-09-18-1924,applyguy,NISC,Intern - Software Development (AI Development),,"Lake Saint Louis, MO",,https://job-boards.greenhouse.io/testnisc/jobs/8204161
2026-09-18-1924,applyguy,Oshkoshcorporation,Software Engineering Intern,,"San Francisco, CA",,https://oshkoshcorporation.wd5.myworkdayjobs.com/oshkosh/job/San-Francisco-California-United-States/Software-Engineering-Intern_R49493
2026-09-18-1924,applyguy,Q 2 Ebanking,2027 Summer Internship - Machine Learning Engineer,Summer 2027,"Austin, TX",,https://q2ebanking.wd5.myworkdayjobs.com/q2/job/Austin-Texas/XMLNAME-2027-Summer-Internship---Machine-Learning-Engineer_REQ-12797
2026-09-18-1924,applyguy,Q 2 Ebanking,2027 Summer Internship - Software Engineer,Summer 2027,"Austin, TX",,https://q2ebanking.wd5.myworkdayjobs.com/q2/job/Austin-Texas/XMLNAME-2027-Summer-Internship---Software-Engineer_REQ-12794
2026-09-18-1924,applyguy,Relx,Software Engineer Internship,,Rdu,,https://relx.wd3.myworkdayjobs.com/lexisnexislegal/job/USA---Raleigh-NC-RDU/Software-Engineer-Internship_R118692
2026-09-18-1924,applyguy,Wexinc,DevOps & AI Engineering Intern (Undergraduate),,"Remote, U.S.",,https://wexinc.wd5.myworkdayjobs.com/wexinc/job/US---Remote/DevOps---AI-Engineering-Intern--Undergraduate-_R23056
2026-09-18-1924,applyguy,CUBRC INC,Software Engineer Intern,,"Buffalo, NY",,https://recruiting.paylocity.com/Recruiting/Jobs/Details/456762
2026-09-18-1924,applyguy,Don't Panic Labs,Software Engineering Intern (Summer 2027),Summer 2027,"Lincoln, NE",,https://dontpaniclabs.bamboohr.com/careers/36
2026-09-18-1924,applyguy,DoorDash USA,"Software Engineer, Intern (Summer 2027) - US",Summer 2027,"New York City, NY",,https://job-boards.greenhouse.io/doordashusa/jobs/8171041
2026-09-18-1924,applyguy,Drakeandassociates,Software Engineering & AI Intern,,"Waukesha, WI",,https://drakeandassociates.bamboohr.com/careers/88
2026-09-18-1924,applyguy,Gnw,Software Engineering Intern,,"Raleigh, NC",,https://gnw.wd1.myworkdayjobs.com/gnw/job/Raleigh-North-Carolina/Software-Engineering-Intern_REQ-260367-1
2026-09-18-1924,applyguy,Lunaroutpost,Ground Software  Engineering Intern - Summer 2027,Summer 2027,"Golden, CO",,https://lunaroutpost.bamboohr.com/careers/398
2026-09-18-1924,applyguy,Micron,Intern - IT Software Engineer,,"Boise, ID",,https://micron.wd1.myworkdayjobs.com/external/job/Boise-ID---Main-Site/Intern---IT-Software-Engineer_JR111582
2026-09-18-1924,applyguy,"North Atlantic Industries, Inc",Intern - Software Engineer (Summer 2027),Summer 2027,"Bohemia, NY",,https://recruiting.paylocity.com/Recruiting/Jobs/Details/4501273
2026-09-18-1924,applyguy,"North Atlantic Industries, Inc",Intern - Full Stack Software Engineer (Summer 2027),Summer 2027,"Bohemia, NY",,https://recruiting.paylocity.com/Recruiting/Jobs/Details/4501054
2026-09-18-1924,applyguy,Oshkoshcorporation,Software Engineer Intern - Summer 2027,Summer 2027,"Huntersville, NC",,https://oshkoshcorporation.wd5.myworkdayjobs.com/oshkosh/job/Huntersville-North-Carolina-United-States/Software-Engineer-Intern---Summer-2027_R50321
2026-09-18-1924,applyguy,Saabusa,Software Engineer Co-Op (Summer 2027),Summer 2027,"East Syracuse, NY (Collamer)",,https://saabusa.wd1.myworkdayjobs.com/saab_careers/job/East-Syracuse-NY-Collamer/Software-Engineer-Co-Op--Summer-2027-_R-03264-1
2026-09-18-1924,applyguy,Stirista LLC,Software Engineering/PMO Intern,,"Remote, U.S.",,https://recruiting.paylocity.com/Recruiting/Jobs/Details/4502409
2026-09-18-1924,applyguy,Td,2027 Summer Internship Program - Global Technology & Solutions - Cloud/DevOps,Summer 2027,"Mount Laurel, NJ",,https://td.wd3.myworkdayjobs.com/td_bank_careers/job/Mount-Laurel-New-Jersey/XMLNAME-2027-Summer-Internship-Program---Global-Technology---Solutions---Cloud-DevOps_R_1510799
2026-09-18-1924,applyguy,Td,2027 Summer Internship Program - Global Technology & Solutions - Data Engineer,Summer 2027,"Mount Laurel, NJ",,https://td.wd3.myworkdayjobs.com/td_bank_careers/job/Mount-Laurel-New-Jersey/XMLNAME-2027-Summer-Internship-Program---Global-Technology---Solutions---Data-Engineer_R_1510797
2026-09-18-1924,applyguy,Wexinc,Fullstack Software Engineer Intern (Undergraduate),,"Remote, U.S.",,https://wexinc.wd5.myworkdayjobs.com/wexinc/job/US---Remote/Backend-Software-Engineer-Intern--Undergraduate-_R22593
2026-09-18-1924,applyguy,Wexinc,"Backend Software Engineer Intern - C#, Cloud Security & AI (Undergraduate)",,"Remote, U.S.",,https://wexinc.wd5.myworkdayjobs.com/wexinc/job/US---Remote/Backend-Software-Engineer-Intern---C---Cloud-Security---AI--Undergraduate-_R22589
2026-09-18-1924,applyguy,Wexinc,DevOps & Backend Software Engineer Intern (Undergraduate),,"Remote, U.S.",,https://wexinc.wd5.myworkdayjobs.com/wexinc/job/US---Remote/DevOps---Backend-Software-Engineer-Intern--Undergraduate-_R22584
2026-09-18-1924,applyguy,Wexinc,Backend Software Engineer Intern - C#/Java & AI Workflows (Undergraduate),,"Remote, U.S.",,https://wexinc.wd5.myworkdayjobs.com/wexinc/job/US---Remote/Backend-Software-Engineer-Intern---C--Java---AI-Workflows--Undergraduate-_R22586
2026-09-18-1924,applyguy,Bah,"University - Summer 2027, Software Engineer Intern",Summer 2027,"Fayetteville, NC",,https://bah.wd1.myworkdayjobs.com/bah_jobs/job/Fayetteville-NC/University---Summer-2027--Software-Engineer-Intern_R0249225
2026-09-18-1924,applyguy,Directsupply,Software Engineer Intern,,"Milwaukee, WI",,https://directsupply.wd501.myworkdayjobs.com/direct-supply-careers/job/Milwaukee-WI/Software-Engineer-Intern_REQ-2026-2559
2026-09-18-1924,applyguy,Matrix Design Group,Software Engineering - Embedded Systems Intern,,"Newburgh, IN",,https://matrix-design-group.breezy.hr/p/f0fb9ea37c63-software-engineering-embedded-systems-intern
2026-09-18-1924,applyguy,Oshkoshcorporation,Data Engineer Intern,,"Oshkosh, WI",,https://oshkoshcorporation.wd5.myworkdayjobs.com/oshkosh/job/Oshkosh-Wisconsin-United-States/Data-Engineer-Intern_R49868
2026-09-18-1924,applyguy,RTX,Software Engineering Co-op (Spring/Summer 2027),Summer 2027,"Cedar Rapids, IA",,https://globalhr.wd5.myworkdayjobs.com/rec_rtx_ext_gateway/job/US-IA-CEDAR-RAPIDS-182--1100-Cimmie-Ave-Ne--BLDG-182/Software-Engineering-Co-op--Spring-Summer-2027-_01873682
2026-09-18-1924,applyguy,RTX,Software Platform Intern (Onsite),,"Aurora, CO",,https://globalhr.wd5.myworkdayjobs.com/rec_rtx_ext_gateway/job/US-CO-AURORA-S75--16800-E-Centretech-Pkwy--BLDG-S75/Software-Platform-Intern--Onsite-_01874067
2026-09-18-1924,applyguy,RTX,Software Platform Intern (Summer 2027),Summer 2027,"Richardson, TX",,https://globalhr.wd5.myworkdayjobs.com/rec_rtx_ext_gateway/job/US-TX-RICHARDSON-C27--1727-Cityline-Dr--CITYLINE-C27/Software-Platform-Intern--Summer-2027-_01874068
2026-09-18-1924,applyguy,Ttc,Embedded Software Engineering Intern - The Toro Company,,"Bloomington, MN",,https://ttc.wd1.myworkdayjobs.com/toro_external_careers/job/Bloomington-MN/Embedded-Software-Engineering-Intern---The-Toro-Company_JR17114
2026-09-18-1924,applyguy,Ttc,Hardware and Software Engineering Intern - Ditch Witch,,"Perry, OK",,https://ttc.wd1.myworkdayjobs.com/toro_external_careers/job/Perry-OK/Hardware-and-Software-Engineering-Intern---Ditch-Witch_JR17183
2026-09-18-1924,applyguy,Veeam Software,Software Engineering Intern - Summer 2027,Summer 2027,"San Jose, CA",,https://job-boards.eu.greenhouse.io/veeamsoftware/jobs/4955293101
2026-09-18-1924,applyguy,Brevanhoward,"2027 Summer Internship Program – Systematic Trading Technology Software Engineer, New York",Summer 2027,New York,,https://brevanhoward.wd3.myworkdayjobs.com/bh_externalcareers/job/New-York/XMLNAME-2027-Summer-Internship-Program---Systematic-Trading-Technology-Software-Engineer--New-York_JR101597
2026-09-18-1924,applyguy,Greatamerica,Software Engineer Intern,,"Cedar Rapids, IA",,https://greatamerica.wd12.myworkdayjobs.com/greatamericacareers/job/Cedar-Rapids-IA/Software-Engineer-Intern_JR1221
2026-09-18-1924,applyguy,RTX,Software Engineering Intern (Summer 2027) (Open),Summer 2027,"Aurora, CO",,https://globalhr.wd5.myworkdayjobs.com/rec_rtx_ext_gateway/job/US-CO-AURORA-S77--16470-E-Hughes-Dr--BLDG-S77/Software-Engineering-Intern--Summer-2027---Open-_01873623
2026-09-18-1924,applyguy,SK hynix memory solutions America Inc.,Software Engineer Intern,,"San Jose, CA",,https://job-boards.greenhouse.io/skhynixmemorysolutionsamericainc/jobs/4402959009
2026-09-18-1924,applyguy,Thgrp,"Software Engineering Intern, Applied AI",,"Indianapolis, IN",,https://thgrp.wd12.myworkdayjobs.com/envita/job/Indianapolis-IN/Software-Engineering-Intern--Applied-AI_R-1727
2026-09-18-1924,applyguy,Aoins,Intelligent Automation Developer Internship - Summer 2027,Summer 2027,"Lansing, MI",,https://aoins.wd5.myworkdayjobs.com/autoowners/job/Lansing-MI/Intelligent-Automation-Developer-Internship---Summer-2027_R_14474
2026-09-18-1924,applyguy,Aoins,IT Document Automation Developer Internship - Summer 2027,Summer 2027,"Lansing, MI",,https://aoins.wd5.myworkdayjobs.com/autoowners/job/Lansing-MI/IT-Document-Automation-Developer-Internship---Summer-2027_R_14471
2026-09-18-1924,applyguy,Asuresoftware,Intern - Software Engineering ,,"Addison, TX",,https://asuresoftware.bamboohr.com/careers/1095
2026-09-18-1924,applyguy,Cboe,Software Engineer Intern,,"Chicago, IL",,https://cboe.wd1.myworkdayjobs.com/external_career_cboe/job/Chicago-IL/Software-Engineer-Intern_R-4654
2026-09-18-1924,applyguy,Cboe,Linux Engineer Intern,,"Chicago, IL",,https://cboe.wd1.myworkdayjobs.com/external_career_cboe/job/Chicago-IL/Linux-Engineer-Intern_R-4661
2026-09-18-1924,applyguy,Gevernova,GE Vernova - Energy Optimization Software Engineer Intern - Summer 2027,Summer 2027,"Bellevue, WA",,https://gevernova.wd5.myworkdayjobs.com/only_confidential_executive_recruiting/job/Bellevue/GE-Vernova---Energy-Optimization-Software-Engineer-Intern---Summer-2027_R5050015-1
2026-09-18-1924,applyguy,Gravitate Energy LLC,Software Engineer - Intern (Summer 2027),Summer 2027,"Dallas, TX",,https://recruiting.paylocity.com/Recruiting/Jobs/Details/4491272
2026-09-18-1924,applyguy,Hmhw,Software Engineering Intern,,"Houston, TX",,https://hmhw.wd12.myworkdayjobs.com/hmh_careers/job/Houston-TX/Software-Engineering-Intern_JR102384
2026-09-18-1924,applyguy,Myhrhome,Software Developer Intern – Document Shared Services (Part-Time),,"Evansville, IN",,https://myhrhome.wd1.myworkdayjobs.com/onemaincareers/job/Evansville-IN/Software-Developer-Intern---Document-Shared-Services--Part-Time-_R2608-52284
2026-09-18-1924,applyguy,NinjaHoldings,Software Engineer Intern,,"Chicago, IL",,https://ninjaholdings.breezy.hr/p/23a015fea536-software-engineer-intern
2026-09-18-1924,applyguy,NinjaHoldings,Data Engineer Intern,,"Chicago, IL",,https://ninjaholdings.breezy.hr/p/12b3ed96c30c-data-engineer-intern
2026-09-18-1924,applyguy,Pae,Software Programmer Intern,,"Tullahoma, TN",,https://pae.wd1.myworkdayjobs.com/amentum_careers/job/US-TN-Tullahoma/Software-Programmer-Intern_R0169775
2026-09-18-1924,applyguy,Rocket Lab Corporation,Flight Software Intern Summer 2027,Summer 2027,"Littleton, CO",,https://job-boards.greenhouse.io/rocketlab/jobs/7989722003
2026-09-18-1924,applyguy,Spgi,Machine Learning Engineer - Summer Intern 2027,Summer 2027,"Cambridge, MA",,https://spgi.wd5.myworkdayjobs.com/kensho_careers/job/Cambridge-MA/Machine-Learning-Engineer---Summer-Intern-2027_331714
2026-09-18-1924,applyguy,Spgi,Software Engineer - Summer Intern 2027,Summer 2027,"Cambridge, MA",,https://spgi.wd5.myworkdayjobs.com/kensho_careers/job/Cambridge-MA/Software-Engineer---Summer-Intern-2027_331717-1
2026-09-18-1924,applyguy,Tel,"Software Engineer, AI Research Summer 2027 Intern",Summer 2027,"San Jose, CA",,https://tel.wd3.myworkdayjobs.com/tel-careers/job/San-Jose/Software-Engineer--AI-Research-Summer-2027-Intern_R26-01531
2026-09-18-1924,applyguy,Aoins,Software Engineer Intern,,"Bedford, NH",,https://aoins.wd5.myworkdayjobs.com/concord/job/Bedford-NH/Software-Engineer-Intern_R_14465
2026-09-18-1924,applyguy,Builder Trend,Software Engineering Intern,,"Omaha, NE",,https://buildertrend.wd108.myworkdayjobs.com/external_careers/job/Omaha-NE/Software-Engineering-Inter_JR-000467
2026-09-18-1924,applyguy,CHAOS Industries,2027 Summer- Software Engineer Intern,Summer 2027,"El Segundo, CA",,https://job-boards.greenhouse.io/chaosindustries/jobs/5226636007
2026-09-18-1924,applyguy,Danaher,Software Engineering Intern,,"Chaska, MN",,https://danaher.wd1.myworkdayjobs.com/danaherjobs/job/Chaska-Minnesota-United-States/Software-Engineering-Intern_R1316911
2026-09-18-1924,applyguy,Fervo Energy Company,Software Engineering Internship (IT),,"Houston, TX",,https://recruiting.paylocity.com/Recruiting/Jobs/Details/4482857
2026-09-18-1924,applyguy,Gallup,Site Reliability Engineer Intern — Summer 2027,Summer 2027,"San Francisco, CA",,https://job-boards.greenhouse.io/gallup/jobs/4393731009
2026-09-18-1924,applyguy,Gilead,Intern - Development - DevOps Business Strategy,,"Foster City, CA",,https://gilead.wd1.myworkdayjobs.com/gileadcareers/job/United-States---California---Foster-City/Intern---Development---DevOps-Business-Strategy-Leader_R0054772
2026-09-18-1924,applyguy,Micron,Intern - Software Engineer,,"Boise, ID",,https://micron.wd1.myworkdayjobs.com/external/job/Boise-ID---Main-Site/Intern---Software-Engineer_JR108550
2026-09-18-1924,applyguy,OnePay,"Software Engineer, Intern",,"Remote, U.S.",,https://jobs.ashbyhq.com/oneapp/ba18d004-3212-44e4-8a0c-bd1215bae770
2026-09-18-1924,applyguy,Redhat,Software Engineer Intern,,"Raleigh, NC",,https://redhat.wd5.myworkdayjobs.com/jobs/job/Raleigh/Software-Engineer-Intern_R-059038
2026-09-18-1924,applyguy,"Steel Dynamics, Inc.",Software Development Internship,,"Columbus, MS",,https://careers-steeldynamics.icims.com/jobs/8017/software-development-internship/job
2026-09-18-1924,applyguy,Saabusa,Software Engineering Co-Op (Spring - Summer 2027),Summer 2027,"East Syracuse, NY (Collamer)",,https://saabusa.wd1.myworkdayjobs.com/saab_careers/job/East-Syracuse-NY-Collamer/Software-Engineering-Co-Op--Spring---Summer-2027-_R-03240-1
2026-09-18-1924,applyguy,"Apex Technology, Inc.",Simulation Software Engineering Internship (Spring or Summer 2027) ,Summer 2027,"Los Angeles, CA",,https://jobs.ashbyhq.com/apex-technology-inc/d3e21f84-3637-4521-833d-fd07b3ca5f2e
2026-09-18-1924,applyguy,Cna,Technology Internship Program (Software Engineering),,"Chicago, IL",,https://cna.wd1.myworkdayjobs.com/cna_careers/job/Chicago-IL-USA/Technology-Internship-Program--Software-Engineering-_R-8107
2026-09-18-1924,applyguy,Fervo Energy Company,Software Engineering Internship (Strategy),,"Houston, TX",,https://recruiting.paylocity.com/Recruiting/Jobs/Details/4482043
2026-09-18-1924,applyguy,Lilly,AI Machine Learning Engineer Intern (BS),,Indianapolis,,https://lilly.wd115.myworkdayjobs.com/CMP/job/US-Indianapolis-IN/AI-Machine-Learning-Engineer-Intern--BS-_R-110846
2026-09-18-1924,applyguy,NASCO,Software Engineering Intern,,"Remote, U.S.",,https://careers-nasco.icims.com/jobs/4402/software-engineering-intern/job
2026-09-18-1924,applyguy,Premierinc,Software Engineer Intern,,"Charlotte, NC",,https://premierinc.wd1.myworkdayjobs.com/external_professional/job/Charlotte-NC/Software-Engineer-Intern_R0008480
2026-09-18-1924,applyguy,Simon,"Intern - Front End Developer (Computer Science, Web Development, or Information Sciences Majors)",,"Indianapolis, IN",,https://simon.wd1.myworkdayjobs.com/simon/job/Indianapolis-IN/Intern---Front-End-Developer--Computer-Science--Web-Development--or-Information-Sciences-Majors-_R13975
2026-09-18-1924,applyguy,Snc,Software Engineering Intern (Summer 2027),Summer 2027,"Sparks, NV",,https://snc.wd1.myworkdayjobs.com/snc_external_career_site/job/Sparks-NV/Software-Engineering-Intern--Summer-2027-_R0030760
2026-09-18-1924,applyguy,"Apex Technology, Inc.","Software Engineering Internship, Test & Automation (Summer 2027)",Summer 2027,"Los Angeles, CA",,https://jobs.ashbyhq.com/apex-technology-inc/692bb497-59ba-44df-bacf-fffd2f7c6344
2026-09-18-1924,applyguy,"Apex Technology, Inc.",Ground Software Engineering Internship (Spring or Summer 2027),Summer 2027,"Los Angeles, CA",,https://jobs.ashbyhq.com/apex-technology-inc/2d5ad921-241f-4e7a-b9ff-9d01763da88c
2026-09-18-1924,applyguy,Cisco,Machine Learning Engineer II (Intern) - United States,,San Francisco California,,https://cisco.wd5.myworkdayjobs.com/cisco_careers/job/San-Francisco-California-US/Machine-Learning-Engineer-II--Intern----United-States_2024683
2026-09-18-1924,applyguy,Gevernova,GE Vernova Software Engineering - Co-op - Spring-Summer 2027,Summer 2027,"Rochester, NY",,https://gevernova.wd5.myworkdayjobs.com/only_confidential_executive_recruiting/job/Rochester/GE-Vernova-Software-Engineering---Co-op---Spring-Summer-2027_R5051780-1
2026-09-18-1924,applyguy,ID.me University Recruiting,Summer Intern 2027 - Software Development Engineer Intern,Summer 2027,"Mountain View, CA",,https://job-boards.greenhouse.io/idmeuniversityrecruiting/jobs/7980429003
2026-09-18-1924,applyguy,Saabusa,Software Engineering Co-Op (Summer 2027),Summer 2027,"East Syracuse, NY (Collamer)",,https://saabusa.wd1.myworkdayjobs.com/saab_careers/job/East-Syracuse-NY-Collamer/Software-Engineering-Co-Op--Summer-2027-_R-03237-1
2026-09-18-1924,applyguy,Schweitzer Engineering Laboratories,Software Engineering Intern - Power Systems,,"Boise, ID",,https://selinc.wd1.myworkdayjobs.com/sel/job/Idaho---Boise/Software-Engineering-Intern---Power-Systems_2026-22933
2026-09-18-1924,applyguy,Sedarotech,Software Engineer Intern,,"Arlington, VA",,https://sedarotech.bamboohr.com/careers/97
2026-09-18-1924,applyguy,Alliedsolutions,Software Engineering Intern,,"Carmel, IN",,https://alliedsolutions.wd501.myworkdayjobs.com/allied_external/job/Carmel-IN/Software-Engineering-Intern_R-011087
2026-09-18-1924,applyguy,"Apex Technology, Inc.","Software Engineering Internship, Embedded Systems (Spring or Summer 2027)",Summer 2027,"Los Angeles, CA",,https://jobs.ashbyhq.com/apex-technology-inc/4203604c-2330-4c89-8432-37af718a6bda
2026-09-18-1924,applyguy,Flir,EADSIM Software Engineering Intern (Summer 2027),Summer 2027,"Huntsville, AL",,https://flir.wd1.myworkdayjobs.com/flircareers/job/US---Huntsville-AL/EADSIM-Software-Engineering-Intern--Summer-2027-_REQ36667
2026-09-18-1924,applyguy,Genpt,Web Developer Intern,,"Birmingham, AL",,https://genpt.wd1.myworkdayjobs.com/careers/job/Birmingham-AL-USA/Web-Developer-Intern_R26_0000029238
2026-09-18-1924,applyguy,Genpt,Customer Software Development Intern,,"Birmingham, AL",,https://genpt.wd1.myworkdayjobs.com/careers/job/Birmingham-AL-USA/Customer-Software-Development-Intern_R26_0000029135
2026-09-18-1924,applyguy,Genpt,Cloud Developer Intern,,"Birmingham, AL",,https://genpt.wd1.myworkdayjobs.com/careers/job/Birmingham-AL-USA/Cloud-Developer-Intern_R26_0000029133
2026-09-18-1924,applyguy,Genpt,Software Developer Intern,,"Birmingham, AL",,https://genpt.wd1.myworkdayjobs.com/careers/job/Birmingham-AL-USA/Software-Developer-Intern_R26_0000029140
2026-09-18-1924,applyguy,Hadrian Automation,Data Science/ Data Engineer Intern,,"Los Angeles, CA",,https://jobs.ashbyhq.com/hadrian-automation/f718bcfe-3f5b-4682-a294-697499caf813
2026-09-18-1924,applyguy,Hadrian Automation,Software Engineer Intern,,"Los Angeles, CA",,https://jobs.ashbyhq.com/hadrian-automation/2b0423c6-947d-4226-8d23-90743bd5e63e
2026-09-18-1924,applyguy,Jj,Software Engineering Co-Op. Summer 2027,Summer 2027,"Cincinnati, OH",,https://jj.wd5.myworkdayjobs.com/JJ/job/Cincinnati-Ohio-United-States-of-America/Software-Engineering-Co-Op-Summer-2027_R-096743
2026-09-18-1924,applyguy,Lilly,Technology Software Engineer - Intern to FTE,,Indianapolis IN,,https://lilly.wd115.myworkdayjobs.com/CMP/job/US-Indianapolis-IN/Technology-Software-Engineer---Intern-to-FTE_R-110839
2026-09-18-1924,applyguy,Lilly,Technology Data Engineer - Intern to FTE,,Indianapolis IN,,https://lilly.wd115.myworkdayjobs.com/CMP/job/US-Indianapolis-IN/Technology-Data-Engineer---Intern-to-FTE_R-110837
2026-09-18-1924,applyguy,NISC,Intern - Data Engineer,,"Mandan, ND",,https://job-boards.greenhouse.io/testnisc/jobs/8167886
2026-09-18-1924,applyguy,Ntrs,Technology Intern – Software Engineering,,"Chicago, IL",,https://ntrs.wd1.myworkdayjobs.com/northerntrust/job/Chicago-IL/Technology-Intern---Software-Engineering_R160832-1
2026-09-18-1924,applyguy,Rockwellautomation,"Intern, Content IDE Software Development (LCS)",,"Mayfield Heights, OH",,https://rockwellautomation.wd1.myworkdayjobs.com/external-rockwell-automation-early-careers/job/Mayfield-Heights-Ohio-United-States/Intern--Content-IDE-Software-Development--LCS-_R26-5010-1
2026-09-18-1924,applyguy,RTX,Technical Publications– Artificial Intelligence/Machine Learning (AI/ML) Technical Developer Intern (Summer 2027) (Onsite),Summer 2027,"East Hartford, CT",,https://globalhr.wd5.myworkdayjobs.com/private_posting_no_tmp/job/US-CT-EAST-HARTFORD-ETC--400-Main-St--BLDG-ETC/Technical-Publications-AI-ML-Technical-Developer-Intern--Summer-2027---Onsite-_01866027
2026-09-18-1924,applyguy,Sedarotech,DevOps Intern,,"Arlington, VA",,https://sedarotech.bamboohr.com/careers/96
2026-09-18-1924,applyguy,Usfoods,Intern – Data Engineer (Hybrid: Onsite & Remote),,"Rosemont, IL",,https://usfoods.wd1.myworkdayjobs.com/usfoodscareersexternal/job/Rosemont-IL/Intern---Data-Engineer--Hybrid--Onsite---Remote-_R282116
2026-09-18-1924,applyguy,Usfoods,"Intern – Software Engineer, Legacy Systems (Hybrid: Onsite & Remote)",,"Rosemont, IL",,https://usfoods.wd1.myworkdayjobs.com/usfoodscareersexternal/job/Rosemont-IL/Intern---Software-Engineer--Legacy-Systems--Hybrid--Onsite---Remote-_R282106
2026-09-18-1924,applyguy,Usfoods,"Intern – Software Engineer, Digital Commerce (Hybrid: Onsite & Remote)",,"Rosemont, IL",,https://usfoods.wd1.myworkdayjobs.com/usfoodscareersexternal/job/Rosemont-IL/Intern---Software-Engineer--Digital-Commerce--Hybrid--Onsite---Remote-_R282111
2026-09-18-1924,applyguy,Workiva,Software Engineering Intern,,"Ames, IA",,https://workiva.wd503.myworkdayjobs.com/careers/job/Ames/Software-Engineering-Intern_R12420
2026-09-18-1924,applyguy,Bah,"University - 2027 Summer Games Software Developer Intern - Honolulu, HI",Summer 2027,"Honolulu, HI",,https://bah.wd1.myworkdayjobs.com/bah_jobs/job/Honolulu-HI/University---2027-Summer-Games-Software-Developer-Intern---Honolulu--HI_R0248393
2026-09-18-1924,applyguy,Bah,"University - 2027 Summer Games Software Developer Intern - Huntsville, AL",Summer 2027,"Huntsville, AL",,https://bah.wd1.myworkdayjobs.com/bah_jobs/job/Huntsville-AL/University---2027-Summer-Games-Software-Developer-Intern---Huntsville--AL_R0248394
2026-09-18-1924,applyguy,Bah,"University - 2027 Summer Games Software Developer Intern - Ft. Walton Beach, FL",Summer 2027,"Fort Walton Beach, FL",,https://bah.wd1.myworkdayjobs.com/bah_jobs/job/Fort-Walton-Beach-FL/University---2027-Summer-Games-Software-Developer-Intern---Ft-Walton-Beach--FL_R0248404
2026-09-18-1924,applyguy,Bah,"University - 2027 Summer Games Software Developer Intern - Annapolis Junction, MD",Summer 2027,"Annapolis Junction, MD",,https://bah.wd1.myworkdayjobs.com/bah_jobs/job/Annapolis-Junction-MD/University---2027-Summer-Games-Software-Developer-Intern---Annapolis-Junction--MD_R0248403
2026-09-18-1924,applyguy,IEX Group,Software Development Engineer in Test Intern,,New York,,https://iex.io/careers/apply?gh_jid=8172248
2026-09-18-1924,applyguy,Oshkoshcorporation,Engineer Intern - Software (Summer 2027),Summer 2027,"Dodge Center, MN",,https://oshkoshcorporation.wd5.myworkdayjobs.com/oshkosh/job/Dodge-Center-Minnesota-United-States/Engineer-Intern---Software--Summer-2026-_R49786
2026-09-18-1924,applyguy,Pae,Software Engineering Intern,,"Cocoa Beach, FL",,https://pae.wd1.myworkdayjobs.com/amentum_careers/job/US-FL-Cocoa-Beach/Software-Engineering-Intern_R0169322
2026-09-18-1924,applyguy,Phillipsedison,Information Technology Intern - Software Development (Summer 2027),Summer 2027,"Cincinnati, OH",,https://phillipsedison.wd503.myworkdayjobs.com/peco/job/Cincinnati/Information-Technology-Intern---Software-Development--Summer-2027-_JR100062
2026-09-18-1924,applyguy,Sierra,"Software Engineer Intern, Agent (Winter 2027)",Winter 2027,"San Francisco, CA",,https://jobs.ashbyhq.com/sierra/02e1c456-8489-4a74-9fe7-af8845b040e4
2026-09-18-1924,applyguy,C 3 Ascend,Software Engineer - Intern (Summer 2027),Summer 2027,"Redwood City, CA",,https://job-boards.greenhouse.io/c3ascend/jobs/8739036002
2026-09-18-1924,applyguy,SK hynix memory solutions America Inc.,SSD Firmware Development Engineer Intern,,"San Jose, CA",,https://job-boards.greenhouse.io/skhynixmemorysolutionsamericainc/jobs/4387708009
2026-09-18-1924,applyguy,Analogdevices,AI/ML Engineer Intern,,"Wilmington, MA",,https://analogdevices.wd1.myworkdayjobs.com/external/job/US-MA-Wilmington/AI-ML-Engineer-Intern_R265579
2026-09-18-1924,applyguy,Bah,"University - 2027 Summer Games Software Developer Intern - Atlanta, GA",Summer 2027,"Atlanta, GA",,https://bah.wd1.myworkdayjobs.com/bah_jobs/job/Atlanta-GA/University---2027-Summer-Games-Software-Developer-Intern---Atlanta--GA_R0248138
2026-09-18-1924,applyguy,Bah,"University, 2027 Summer Games Software Developer Intern - Rome, NY",Summer 2027,"Rome, NY",,https://bah.wd1.myworkdayjobs.com/bah_jobs/job/Rome-NY/University--2027-Summer-Games-Software-Developer-Intern_R0248141
2026-09-18-1924,applyguy,Bah,"University - 2027 Summer Games Software Developer Intern - Charleston, SC",Summer 2027,"Charleston, SC",,https://bah.wd1.myworkdayjobs.com/bah_jobs/job/Charleston-SC/University---2027-Summer-Games-Software-Developer-Intern_R0248134
2026-09-18-1924,applyguy,Bah,"University, 2027 Summer Games Software Developer Intern - Colorado Springs, CO",Summer 2027,"Colorado Springs, CO",,https://bah.wd1.myworkdayjobs.com/bah_jobs/job/Colorado-Springs-CO/University--2027-Summer-Games-Software-Developer-Intern_R0248130
2026-09-18-1924,applyguy,Bah,AI Software Developer Intern,,"San Diego, CA",,https://bah.wd1.myworkdayjobs.com/bah_jobs/job/San-Diego-CA/AI-Software-Developer-Intern_R0248115
2026-09-18-1924,applyguy,Bah,"University, 2027 Summer Games Software Developer Intern - McLean, VA",Summer 2027,"McLean, VA",,https://bah.wd1.myworkdayjobs.com/bah_jobs/job/McLean-VA/University--2027-Summer-Games-Software-Developer-Intern_R0248029
2026-09-18-1924,applyguy,Bah,"University - 2027 Summer Games Software Developer Intern - San Diego, CA",Summer 2027,"San Diego, CA",,https://bah.wd1.myworkdayjobs.com/bah_jobs/job/San-Diego-CA/University---2027-Summer-Games-Software-Developer-Intern---San-Diego--CA_R0248038
2026-09-18-1924,applyguy,Bah,"University - 2027 Summer Games Software Developer Intern - El Segundo, CA",Summer 2027,"El Segundo, CA",,https://bah.wd1.myworkdayjobs.com/bah_jobs/job/El-Segundo-CA/University---2027-Summer-Games-Software-Developer-Intern---El-Segundo--CA_R0248046
2026-09-18-1924,applyguy,Persona AI Inc,"Robotics Software Internship, Manipulation",,"Houston, TX",,https://jobs.ashbyhq.com/persona.ai/1e8d195c-e28e-423d-a06a-9eeb401ed4fc
2026-09-18-1924,applyguy,Wize Solutions,Software Engineering Intern - AI & Integrations,,"Sandy, UT",,https://recruiting.paylocity.com/Recruiting/Jobs/Details/4461585
2026-09-18-1924,applyguy,Advantage Design Group,Web Developer Intern,,"Jacksonville, FL",,https://advantage-design-group.breezy.hr/p/03388b8828d9-web-developer-intern
2026-09-18-1924,applyguy,Aoins,Software Developer Internship - Summer 2027,Summer 2027,"Lansing, MI",,https://aoins.wd5.myworkdayjobs.com/autoowners/job/Lansing-MI/Software-Developer-Internship_R_2121
2026-09-18-1924,applyguy,Jbssolutions,Software Development Specialist - Payload Activity Requirement Coordinator (PARC) Productivity Enhancement Tool (PET) (JR082726T-15) — Internship,,"Huntsville, AL",,https://jbssolutions.bamboohr.com/careers/156
2026-09-18-1924,applyguy,Aoins,Intern - Analytics Web Systems Developer,,"Lansing, MI",,https://aoins.wd5.myworkdayjobs.com/autoowners/job/Lansing-MI/Intern---Analytics-Web-Systems-Developer_R_14272
2026-09-18-1924,applyguy,Leidos,Software Engineering & AI Intern,,6314 RemoteTeleworker,,https://leidos.wd5.myworkdayjobs.com/external/job/6314-RemoteTeleworker-US/Software-Engineering---AI-Intern_R-00190648
2026-09-18-1924,applyguy,Bah,University - Software Engineer Intern - Fall 2026,Fall 2026,"Bremerton, WA",,https://bah.wd1.myworkdayjobs.com/bah_jobs/job/Bremerton-WA/Software-Engineer---Intern_R0247218
2026-09-18-1924,applyguy,"empirical foods, inc",Software Engineering Intern - Summer 2027,Summer 2027,"Dakota Dunes, SD",,https://careers-empiricalfoods.icims.com/jobs/4161/software-engineering-intern---summer-2027/job
2026-09-18-1924,applyguy,"North Atlantic Industries, Inc",Intern - Software Engineer (Fall 2026),Fall 2026,"Bohemia, NY",,https://recruiting.paylocity.com/Recruiting/Jobs/Details/4450421
2026-09-18-1924,applyguy,"North Atlantic Industries, Inc",Intern - Full Stack Software Engineer (Fall 2026),Fall 2026,"Bohemia, NY",,https://recruiting.paylocity.com/Recruiting/Jobs/Details/4450017
2026-09-18-1924,applyguy,Prophet Security,"Software Engineer, Backend Intern",,"Palo Alto, CA",,https://jobs.ashbyhq.com/prophet-security/6319cd03-3d5f-47b9-815b-0f8b0d184612
2026-09-18-1924,applyguy,Volaris Group,Intern - Software Development,,"Tuscaloosa, AL",,https://volarisgroup.wd3.myworkdayjobs.com/insuresoft/job/United-States---Tuscaloosa-AL/Intern---Software-Development_R70565
2026-09-18-1924,applyguy,BTI360 Website,Software Engineering Intern,,"Herndon, VA",,https://job-boards.greenhouse.io/bti36021/jobs/8155152
2026-09-18-1924,applyguy,Dmainc,Software Development Intern - Summer 2027,Summer 2027,"Fort Wayne, IN",,https://dmainc.wd5.myworkdayjobs.com/dma/job/Fort-Wayne-IN/Software-Development-Intern---Summer-2027_REQ636
2026-09-18-1924,applyguy,Freddiemac,Multifamily Software Development Intern – Summer 2027,Summer 2027,"McLean, VA",,https://freddiemac.wd5.myworkdayjobs.com/external/job/McLean-VA/Multifamily-Software-Development-Intern---Summer-2027_JR17564
2026-09-18-1924,applyguy,Freddiemac,Single-Family Software Developer Intern- Summer 2027,Summer 2027,"McLean, VA",,https://freddiemac.wd5.myworkdayjobs.com/external/job/McLean-VA/Single-Family-Software-Developer-Intern--Summer-2027_JR17544
2026-09-18-1924,applyguy,Gevernova,GE Vernova GridOS  Software Test Engineer - Intern - Summer 2027,Summer 2027,"Atlanta, GA",,https://gevernova.wd5.myworkdayjobs.com/only_confidential_executive_recruiting/job/Atlanta/GE-Vernova-GridOS--Software-Test-Engineer---Intern---Summer-2027_R5049907-1
2026-09-18-1924,applyguy,Toyota of Cedar Park Keating LLC,Software Developer Intern,,"Cedar Park, TX",,https://recruiting.paylocity.com/Recruiting/Jobs/Details/4443596
2026-09-18-1924,applyguy,SimIS Inc.,Aerospace/Aviation Artificial Intelligence Developer - Intern,,"Suffolk, VA",,https://simisinc.applytojob.com/apply/U1yOSyvkvH
2026-09-18-1924,applyguy,Availity,Software Engineering Intern,,"Remote, U.S.",,https://availity.wd1.myworkdayjobs.com/availity_careers_us/job/Remote---United-States/Software-Engineering-Intern_R0008436
2026-09-18-1924,applyguy,Lab37,Robotics Software Engineer Intern,,"Los Angeles, CA",,https://job-boards.greenhouse.io/lab37/jobs/8695475002
2026-09-18-1924,applyguy,Dev Technology,React/Node Developer Intern (Summer 2027),Summer 2027,"Reston, VA",,https://job-boards.greenhouse.io/devtechnology/jobs/8726212002
2026-09-18-1924,applyguy,DMS International,Data Scientist & Machine Learning Engineer Intern,,"Remote, U.S.",,https://dms-international.breezy.hr/p/b4d4ab7c9426-data-scientist-machine-learning-engineer-intern
2026-09-18-1924,applyguy,DMS International,Blockchain Application Developer Intern,,"Remote, U.S.",,https://dms-international.breezy.hr/p/3bc895c156a8-blockchain-application-developer-intern
2026-09-18-1924,applyguy,E-Space,Embedded Software Engineering Intern,,"Arlington, TX",,https://jobs.lever.co/espace/1e189295-a315-414d-8c0b-686f204e3cb3
2026-09-18-1924,applyguy,Fifththird,Software Engineer Co-Op - Enterprise Finance Applications - Summer 2027,Summer 2027,"Cincinnati, OH",,https://fifththird.wd5.myworkdayjobs.com/53careers/job/Cincinnati-OH/Software-Engineer-Co-Op---Enterprise-Finance-Applications---Summer-2027_R71588
2026-09-18-1924,applyguy,lthc,College Intern - Software Engineering - Fall 2026 (Multiple Openings),Fall 2026,"Rochester, NY",,https://lthc.wd1.myworkdayjobs.com/excellusbcbscareers/job/Rochester/College-Intern---Software-Engineering---Fall-2026--Multiple-Openings-_JR103878-2
2026-09-18-1924,applyguy,Microchip,Intern - Engineering (Device Software and Test),,"Chandler, AZ",,https://microchiphr.wd5.myworkdayjobs.com/external/job/AZ---Chandler/Intern---Engineering--Device-Software-and-Test-_R3573-26
2026-09-18-1924,applyguy,Toshiba Global Commerce Solutions - External,AI Software Engineering Intern,,"Durham, NC",,https://job-boards.greenhouse.io/toshibaglobalcommercesolutions/jobs/5214224007
2026-09-18-1924,applyguy,Waggoner Financial,Software Engineer Internship,,"Lansing, MI",,https://jobs.workable.com/view/nQKsFUMzVNqymz4pk2ogxM/software-engineer-internship-in-lansing-at-waggoner-financial
2026-09-18-1924,applyguy,Zipline,Software Systems Validation Intern (Summer 2027),Summer 2027,"South San Francisco, CA",,https://www.zipline.com/open-roles/7894335003?gh_jid=7894335003
2026-09-18-2023,simplify,Northrop Grumman,Software Engineer Intern,Summer 2027,"Melbourne, FL",Other,https://ngc.wd1.myworkdayjobs.com/Northrop_Grumman_External_Site/job/United-States-Florida-Melbourne/XMLNAME-2027-Intern-Software-Engineer_R10239275
2026-09-18-2023,simplify,Lazard,Software Engineer Intern - AI & Data Team,Summer 2027,NYC,Other,https://icbpjb.fa.ocs.oraclecloud.com/hcmUI/CandidateExperience/en/sites/LazardProfessionalCareers/job/6603
2026-09-18-2023,simplify,Thrivent,Associate Software Engineer Intern,Summer 2027,Minnesota,Other,https://thrivent.wd5.myworkdayjobs.com/external/job/Remote-Minnesota/Associate-Software-Engineer---Sophomore-Intern-Summer-2027_REQ-48457
2026-09-18-2023,simplify,CME Group,Software Engineering Intern - Summer 2027,Summer 2027,"Chicago, IL",Other,https://cmegroup.wd1.myworkdayjobs.com/en-US/cme_careers/job/Chicago---20-S-Wacker/Software-Engineering-Internship---Summer-2027_34821
2026-09-18-2023,simplify,CME Group,Software Engineering Fellow,,"Chicago, IL",Other,https://cmegroup.wd1.myworkdayjobs.com/en-US/cme_careers/job/Chicago---20-S-Wacker/Software-Engineering-Fellowship---Summer-2027_34824
2026-09-18-2023,simplify,Nokia,Software Development Co-op - AI Assisted,Winter 2027,"Sunnyvale, CA",Other,https://fa-evmr-saasfaprod1.fa.ocs.oraclecloud.com/hcmUI/CandidateExperience/en/sites/CX_1/job/40535
2026-09-18-2023,simplify,Rubrik,Software Engineering Intern,Winter 2027,"Palo Alto, CA",Other,https://www.rubrik.com/company/careers/departments/job.8171088?gh_jid=8171088
2026-09-18-2023,simplify,Gemini,Software Engineer Intern,Winter 2027,NYC,Other,https://boards.greenhouse.io/embed/job_app?for=gemini&token=8214272&gh_jid=8214272
2026-09-18-2023,simplify,MetOx International,Data Science Intern - Spring 2027,Summer 2027,"Houston, TX",Other,https://job-boards.greenhouse.io/metoxinternationalinc/jobs/5427064008
2026-09-18-2023,simplify,Royal Bank of Canada,Wealth Management Technology Intern,Summer 2027,"Minneapolis, MN",Other,https://rbc.wd3.myworkdayjobs.com/rbcglobal1/job/Minneapolis-Minnesota-United-States-of-America/Summer-2027-Wealth-Management-Technology-Internship_R-0000187852
2026-09-18-2023,simplify,Together AI,Research Intern - Model Shaping,Winter 2027,SF,Other,https://job-boards.greenhouse.io/togetherai/jobs/5238465007
2026-09-18-2023,simplify,Athene,Software Developer Intern,Summer 2027,"West Des Moines, IA",Other,https://athene.wd5.myworkdayjobs.com/athene_careers/job/West-Des-Moines-Iowa/Software-Developer-Internship-_R255125
2026-09-18-2023,simplify,Together AI,Software Engineer Intern,Summer 2027,SF,Other,https://job-boards.greenhouse.io/togetherai/jobs/5232036007
2026-09-18-2023,simplify,Gordon Food Service,Software Engineer Intern,Summer 2027,"Wyoming, MI",Other,https://gfs.wd5.myworkdayjobs.com/usjobs-gen-gfs/job/Wyoming-Michigan/Software-Engineer-Internship_R-57377
2026-09-18-2023,simplify,Together AI,Systems Research Engineer Intern - GPU Programming,Summer 2027,SF,Other,https://job-boards.greenhouse.io/togetherai/jobs/5238460007
2026-09-18-2023,simplify,Together AI,Research Intern - Inference,Winter 2027,SF,Other,https://job-boards.greenhouse.io/togetherai/jobs/5238461007
2026-09-18-2023,zshah,Bot Auto,"Intern, Software Engineer AI Agents (Fall 2026/Winter 2027)",Fall 2026,"Houston, TX",unknown,https://job-boards.greenhouse.io/botauto/jobs/5429357008
2026-09-18-2023,zshah,Johnson & Johnson,Medical Device Cybersecurity Co-Op,,"Danvers, Massachusetts, United States of America",no-sponsorship,https://jj.wd5.myworkdayjobs.com/JJ/job/Danvers-Massachusetts-United-States-of-America/Medical-Device-Cybersecurity-Co-Op_R-099388
2026-09-18-2023,zshah,Lawrence Livermore National Laboratory (LLNL),Computing Undergraduate Student Intern: DevOps Internship Program - Summer 2027,Summer 2027,"Livermore, CA, United States",unknown,https://jobs.smartrecruiters.com/LLNL/3743990015408206
2026-09-18-2023,jobright,ITW,Software Engineering Intern,,"Appleton, WI, United States",,https://jobright.ai/jobs/info/6aada8fd3dbb1f8967ceee3c?utm_campaign=1079&utm_source=git
2026-09-18-2023,jobright,"Hakkōda, an IBM Company",Intern Application Developer 2027 - ServiceNow,,"New York, NY, United States",,https://jobright.ai/jobs/info/6aadc4ad6956574eac8b79b7?utm_campaign=1079&utm_source=git
2026-09-18-2023,jobright,Qualcomm,Software Engineering Internship - Summer 2027,,"San Diego, CA, United States",,https://jobright.ai/jobs/info/6aadbe8a2e757fcb5c8ba2ca?utm_campaign=1079&utm_source=git
2026-09-18-2023,jobright,"Cambridge Investment Research, Inc.",Software Engineering Intern,,"Fairfield, IA, United States",,https://jobright.ai/jobs/info/6aad93e40ebc8fb2313ea65e?utm_campaign=1079&utm_source=git
2026-09-18-2023,jobright,Keurig Dr Pepper Inc.,Winter 2027 Co-op – Platform Integrations/eCommerce,,"Burlington, MA, United States",,https://jobright.ai/jobs/info/6aabfd202e757fcb5c8b3172?utm_campaign=1079&utm_source=git
2026-09-18-2124,jobright,SprintRay Inc.,Software Development Engineer Intern,,"Los Angeles, CA, United States",,https://jobright.ai/jobs/info/6aad99a53d96632d741aedb9?utm_campaign=1079&utm_source=git
2026-09-18-2124,jobright,Spectrum,2027 Summer Intern: Software Engineer - P&T,,"Maryland Heights, MO, United States",,https://jobright.ai/jobs/info/6aadd5da0ebc8fb2313eb98d?utm_campaign=1079&utm_source=git
2026-09-18-2124,applyguy,Bmo,"Software Developer, Winter 2027 (Internship) - 4 months",Winter 2027,"San Ramon, CA",,https://bmo.wd3.myworkdayjobs.com/campus/job/San-Ramon-CA-USA/Software-Developer--Winter-2027--Internship----4-months_R260027197-3
2026-09-18-2323,simplify,Bot Auto,Software Engineer Intern - AI Agents,Fall 2026; Winter 2027,"Houston, TX",Other,https://job-boards.greenhouse.io/botauto/jobs/5429357008
2026-09-19-0124,jobright,TikTok USDS Joint Venture,Software Engineer Intern (Risk & Integrity) - 2027 Summer,,"San Jose, CA, United States",,https://jobright.ai/jobs/info/6a86439c4afae74a083445dd?utm_campaign=1079&utm_source=git
2026-09-19-0124,jobright,TikTok USDS Joint Venture,Software Engineer Intern (Infra) - 2027 Summer,,"San Jose, CA, United States",,https://jobright.ai/jobs/info/6a86439a4afae74a083445dc?utm_campaign=1079&utm_source=git
2026-09-19-0723,simplify,DatologyAI,Research Intern,Summer 2027,"San Mateo, CA",Other,https://jobs.ashbyhq.com/DatologyAI/0ced19c2-21ec-4bcc-92d2-68d448279f3f/application?embed=true
2026-09-19-0723,jobright,"Argmax, Inc.",On-device AI Frameworks Engineer (Intern),,"Palo Alto, CA, United States",,https://jobright.ai/jobs/info/6a3edc60882f121f56a3bab8?utm_campaign=1079&utm_source=git
2026-09-19-0723,jobright,Feather Robotics,Software Engineering Intern – Teleoperation,,"San Francisco Bay Area, United States",,https://jobright.ai/jobs/info/6aae3d542e757fcb5c8bb413?utm_campaign=1079&utm_source=git
2026-09-19-0723,jobright,DatologyAI,"Software Engineer Intern, Infrastructure (Summer 2027)",,"San Mateo, CA, United States",,https://jobright.ai/jobs/info/6aae247f3d96632d741b07d7?utm_campaign=1079&utm_source=git
2026-09-19-0723,applyguy,RTX,Software Project Engineer Intern (Summer 2027) Onsite,Summer 2027,"Windsor Locks, CT",,https://globalhr.wd5.myworkdayjobs.com/rec_rtx_ext_gateway/job/US-CT-WINDSOR-LOCKS-B1--1-Hamilton-Rd--BLDG-1/Software-Project-Engineer-Intern--Summer-2027--Onsite_01872660
2026-09-19-0823,jobright,TikTok USDS Joint Venture,Software Engineer Intern (Emerging Product) - 2027 Summer,,"San Jose, CA, United States",,https://jobright.ai/jobs/info/6a86439ce459fa3baa866eb5?utm_campaign=1079&utm_source=git
2026-09-19-0924,simplify,Axiom Space,Software Engineer Intern,Summer 2027,"Houston, TX",Other,https://axiomspace.wd5.myworkdayjobs.com/External_Career_Site/job/Software-Engineering-Intern--Summer-2026-_JR100691
2026-09-19-0924,zshah,Fable,Software Engineering Intern,,"San Francisco, CA (Hybrid)",unknown,https://jobs.ashbyhq.com/fable/3fd04c23-a63d-4b40-bfae-feafaa478caf
2026-09-19-0924,jobright,Northwood,Embedded Software Engineering Intern (2027 Summer Internship),,"Torrance, CA, United States",,https://jobright.ai/jobs/info/6a922e45d18f75674827b942?utm_campaign=1079&utm_source=git
2026-09-19-0924,jobright,Honeywell Aerospace,Embedded Engineering Intern - Summer 2027,,United States,,https://jobright.ai/jobs/info/6a91e28b8e59685453378348?utm_campaign=1079&utm_source=git
2026-09-19-0924,jobright,Northwood,Software Engineering Intern (2027 Summer Internship),,"Torrance, CA, United States",,https://jobright.ai/jobs/info/6a922f629864261ccd2a06f9?utm_campaign=1079&utm_source=git
2026-09-19-0924,jobright,TikTok USDS Joint Venture,Software Engineer Intern (Payment) - 2027 Summer,,"San Jose, CA, United States",,https://jobright.ai/jobs/info/6a864396e459fa3baa866eb4?utm_campaign=1079&utm_source=git
2026-09-19-1023,jobright,Honeywell Aerospace,Software Engineering Intern - Summer 2027 (U.S. Person Required),,United States,,https://jobright.ai/jobs/info/6a91e25f8e5968545337833f?utm_campaign=1079&utm_source=git
2026-09-19-1023,jobright,TikTok USDS Joint Venture,Software Engineer Intern (E-commerce) - 2027 Summer,,"San Jose, CA, United States",,https://jobright.ai/jobs/info/6a7ad6a0ab1385611f900364?utm_campaign=1079&utm_source=git
2026-09-19-1124,jobright,York Space Systems,Software Engineering Intern,,"Austin, TX, United States",,https://jobright.ai/jobs/info/6a91c4d7d18f75674827a1e0?utm_campaign=1079&utm_source=git
2026-09-19-1124,jobright,General Atomics,"Intern - Software/ Computer Engineering, Computer Science",,"San Diego, CA, United States",,https://jobright.ai/jobs/info/6a9b18e490a313642c658913?utm_campaign=1079&utm_source=git
2026-09-19-1124,jobright,Hubbell Incorporated,2027 Summer Intern: Engineering - Software,,"St. Louis, MO, United States",,https://jobright.ai/jobs/info/6a91cd95a27a2d3c9848a2d4?utm_campaign=1079&utm_source=git
2026-09-19-1124,speedyapply,Megazone Cloud US,Cloud Operations Co-op 2027,,"Rochester, NY",,https://jobs.ashbyhq.com/megazone/1d75a5d5-def9-43c0-9bf5-23e5bb65bf3f
2026-09-19-1124,speedyapply,Berkley Insurance,Software Developer Intern,,"Urbandale, IA",,https://careers-berkley.icims.com/jobs/14444/software-developer-intern/job
2026-09-19-1124,speedyapply,Charles Schwab,2027 Technology Intern - Site Reliability Engineering,,"Austin, TX",,https://career-schwab.icims.com/jobs/126229/2027-technology-intern---site-reliability-engineering/job
2026-09-19-1124,speedyapply,Charles Schwab,2027 Technology Intern - Software Engineering,,"Austin, TX +5",,https://career-schwab.icims.com/jobs/126228/2027-technology-intern---software-engineering/job
2026-09-19-1124,speedyapply,Dayton Freight,Software Developer Intern,,"Dayton, OH",,https://careers-daytonfreight.icims.com/jobs/18249/software-developer-intern/job
2026-09-19-1124,speedyapply,OCC,Year-Round Intern - Cloud Engineering,,"Chicago, IL",,https://theocc.wd5.myworkdayjobs.com/en-US/careers/job/Chicago---125-S-Franklin/Year-Round-Intern---Cloud-Engineering_REQ-4839
2026-09-19-1124,speedyapply,Berkley Insurance,Dynamics Admin/Developer Intern,,"Urbandale, IA",,https://careers-berkley.icims.com/jobs/14445/dynamics-admin-developer-intern/job
2026-09-19-1124,speedyapply,Berkley Insurance,Software Developer - Java Intern - June 2027,,"Urbandale, IA",,https://careers-berkley.icims.com/jobs/14437/software-developer-%28java%29-intern-%7c-june-2027/job
2026-09-19-1124,speedyapply,Blue Cross and Blue Shield of Kansas,RPA Engineering Developer Intern,,"Topeka, KS",,https://bcbsks.wd1.myworkdayjobs.com/en-US/external/job/Topeka/RPA-Engineering-Developer-Intern_R2026350
2026-09-19-1124,speedyapply,GreatAmerica Financial Services,Software Quality Engineer Intern,,"Cedar Rapids, IA +1",,https://greatamerica.wd12.myworkdayjobs.com/en-US/greatamericacareers/job/Cedar-Rapids-IA/Software-Quality-Engineer-Intern_JR1235
2026-09-19-1124,speedyapply,OCC,Summer Intern - Software Engineering: UI/UX,,"Chicago, IL",,https://theocc.wd5.myworkdayjobs.com/en-US/careers/job/Chicago---125-S-Franklin/Summer-Intern---Software-Engineering--UI-UX_REQ-4868
2026-09-19-1124,speedyapply,Raytheon,Software Development Intern - Summer 2027,,"Tewksbury, MA",,https://globalhr.wd5.myworkdayjobs.com/en-US/rec_rtx_ext_gateway/job/US-MA-TEWKSBURY-TB3--50-Apple-Hill-Dr--CONCORD-BLDG-Tewksbury-Tb3-300-Concord/Software-Development-Intern--Summer-2027-_01875413
2026-09-19-1124,speedyapply,Shure,Cloud DevOps Engineer Intern,,"Niles, IL",,https://careersus-shure.icims.com/jobs/4975/cloud-devops-engineer-intern/job
2026-09-19-1124,speedyapply,GPC,Cloud SRE Intern,,"Birmingham, AL",,https://genpt.wd1.myworkdayjobs.com/en-US/careers/job/Birmingham-AL-USA/Cloud-SRE-Intern_R26_0000029134
2026-09-19-1224,jobright,IBM,Storage Client Solutions Engineering Intern 2027,,"Research Triangle Park, North Carolina, United States",,https://jobright.ai/jobs/info/6a9e3b0749f4604c7894dedc?utm_campaign=1079&utm_source=git
2026-09-19-1224,jobright,Southwire Company,Manufacturing Software Engineering Intern Job Details / Southwire Company LLC,,"Denton, TX, United States",,https://jobright.ai/jobs/info/6a92d67d8e59685453379e60?utm_campaign=1079&utm_source=git
2026-09-19-1224,jobright,TikTok USDS Joint Venture,Software Engineer Intern (Ads) - 2027 Summer,,"San Jose, CA, United States",,https://jobright.ai/jobs/info/6a8643a2d34f700f87fc13e1?utm_campaign=1079&utm_source=git
2026-09-19-1324,jobright,Motorola Solutions,"Intern - Embedded Software, System, and Test Engineer - 2026",,"Irvine, CA, US",,https://jobright.ai/jobs/info/6a0af3ce0411d7417a1abd42?utm_campaign=1079&utm_source=git
2026-09-19-1424,jobright,Brunswick Corporation,Software Engineer Intern,,"Menomonee Falls, WI, United States",,https://jobright.ai/jobs/info/6a91c86f36036300991949db?utm_campaign=1079&utm_source=git
2026-09-19-1424,jobright,CliquePrize - Local Giveaway Marketing for Small Businesses,Swift iPhone Mobile (Non Paid Academic Credit Only) Developer Internship - USA Interns only,,United States,,https://jobright.ai/jobs/info/6aaebcd7de327d3e210d5eab?utm_campaign=1079&utm_source=git
2026-09-19-1424,jobright,Booz Allen Hamilton,"University, 2027 Summer Games Software Developer Intern - Colorado Springs, CO",,"Colorado Springs, CO, United States",,https://jobright.ai/jobs/info/6a91949c3603630099193197?utm_campaign=1079&utm_source=git
2026-09-19-1624,jobright,CSX,Technology Internship - Summer 2027 (Paid),,"Jacksonville, FL, United States",,https://jobright.ai/jobs/info/6aa49e5ff7baf881567cf6d8?utm_campaign=1079&utm_source=git
2026-09-19-1724,jobright,Qualcomm,Multimedia Engineering Internship – Summer 2027,,"San Diego, CA, United States",,https://jobright.ai/jobs/info/6aad87113dbb1f8967cee0d6?utm_campaign=1079&utm_source=git
2026-09-19-1823,jobright,Booz Allen Hamilton,"University, 2027 Summer Games Software Developer Intern - McLean, VA",,"McLean, VA, United States",,https://jobright.ai/jobs/info/6a9b0fb62cdc5958f53eaa63?utm_campaign=1079&utm_source=git
2026-09-19-1923,jobright,Cair Health,Software Engineering Intern,,United States,,https://jobright.ai/jobs/info/6aaefd4f6956574eac8b9843?utm_campaign=1079&utm_source=git
2026-09-19-1923,jobright,TikTok USDS Joint Venture,Software Engineer Intern (Tech and Product) - 2027 Summer,,"San Jose, CA, United States",,https://jobright.ai/jobs/info/6a864396d34f700f87fc13dd?utm_campaign=1079&utm_source=git
2026-09-19-2123,jobright,Booz Allen Hamilton,"University, 2027 Summer Games Software Developer Intern - Rome, NY",,"Rome, NY, United States",,https://jobright.ai/jobs/info/6a9b0fc6fe45b8490f606a5e?utm_campaign=1079&utm_source=git
2026-09-20-0723,jobright,Nominal,Mission Dev Engineer - Internship (Summer 2027),,"New York, NY, United States",,https://jobright.ai/jobs/info/6aaf5c676956574eac8b9e87?utm_campaign=1079&utm_source=git
2026-09-20-0723,jobright,Varda Space Industries,Flight Software Internship - Spring 2027,,"El Segundo, CA, United States",,https://jobright.ai/jobs/info/6a760d0267a1ad0bc53c8717?utm_campaign=1079&utm_source=git
2026-09-20-0723,jobright,John Deere,2027 Intern - Information Technology Job Details / John Deere,,"Moline, IL, United States",,https://jobright.ai/jobs/info/6a96c9a1246d697dcee01431?utm_campaign=1079&utm_source=git
2026-09-20-0723,jobright,New York Life,"2027 Technology, Data, AI & Ventures Summer Internship Program - Software Engineer Intern Job Details / New York Life Insurance Co",,"New York, NY, United States",,https://jobright.ai/jobs/info/6aaf657c6956574eac8b9ff8?utm_campaign=1079&utm_source=git
2026-09-20-0723,jobright,TikTok,Software Engineer Project Intern (Model Infrastructure) - 2026 Start (BS/MS),,"San Jose, CA, United States",,https://jobright.ai/jobs/info/6a4fcd339469c0662034ee54?utm_campaign=1079&utm_source=git
2026-09-20-0723,applyguy,RTX,Software Engineer Intern (Summer 2027) - Onsite,Summer 2027,"Cambridge, MA",,https://globalhr.wd5.myworkdayjobs.com/private_posting_no_tmp/job/US-MA-CAMBRIDGE-BBN06--10--50-Moulton-St--MOULTON-B6/Software-Engineer-Intern--Summer-2027----Onsite_01873017
2026-09-20-0823,jobright,"Belvedere Trading, LLC",Software Engineer Intern - Summer 2027,,"Chicago, IL, United States",,https://jobright.ai/jobs/info/6a7618ca67a1ad0bc53c8c46?utm_campaign=1079&utm_source=git
2026-09-20-0823,jobright,"Seven Research, LLC",Algorithmic Developer - Intern,,"New York, NY, United States",,https://jobright.ai/jobs/info/6a45726148d2f00f2a86d969?utm_campaign=1079&utm_source=git
2026-09-20-0923,jobright,Koch,Software / Data / Infrastructure Engineering Internship,,"Atlanta, GA, United States",,https://jobright.ai/jobs/info/6a9603bc3843db0159908f5f?utm_campaign=1079&utm_source=git
2026-09-20-0923,jobright,IEX,Software Engineer Intern,,"New York, NY, United States",,https://jobright.ai/jobs/info/6aafc2ff3d96632d741b25da?utm_campaign=1079&utm_source=git
2026-09-20-1023,zshah,Ninjaholdings,Data Science Intern,,"Chicago, IL",unknown,https://ninjaholdings.breezy.hr/p/85be8c78a2ba-data-science-intern
2026-09-20-1123,speedyapply,Raytheon,Software Project Engineer Intern - Summer 2027 Onsite,,"Windsor Locks, CT",,https://globalhr.wd5.myworkdayjobs.com/en-US/rec_rtx_ext_gateway/job/US-CT-WINDSOR-LOCKS-B1--1-Hamilton-Rd--BLDG-1/Software-Project-Engineer-Intern--Summer-2027--Onsite_01872660
2026-09-20-1123,speedyapply,Bank of Montreal,Software Developer - Winter 2027 - Internship - 4 months,,"San Ramon, CA",,https://bmo.wd3.myworkdayjobs.com/en-US/external/job/San-Ramon-CA-USA/Software-Developer--Winter-2027--Internship----4-months_R260027197-2
2026-09-20-1123,speedyapply,CME Group,Software Engineering Internship - Summer 2027,,"Chicago, IL",,https://cmegroup.wd1.myworkdayjobs.com/en-US/cme_careers/job/Chicago---20-S-Wacker/Software-Engineering-Internship---Summer-2027_34821
2026-09-20-1123,speedyapply,Shure,Software Engineering Intern,,"Niles, IL",,https://careersus-shure.icims.com/jobs/4996/software-engineering-intern/job
2026-09-20-1224,jobright,TikTok,"Software Engineer Project Intern (Recommendation Infrastructure, TikTok Video Social) - 2026 Start (BS/MS)",,"San Jose, CA, United States",,https://jobright.ai/jobs/info/6a57eeaf8f51964c04045b7f?utm_campaign=1079&utm_source=git
2026-09-20-1323,jobright,BAE Systems,"Software Engineering Intern II, (Summer 2027) Onsite",,"Nashua, NH, United States",,https://jobright.ai/jobs/info/6aab5f0340807b73bd394d6b?utm_campaign=1079&utm_source=git
2026-09-20-1323,jobright,Booz Allen Hamilton,"University - 2027 Summer Games Software Developer Intern - Annapolis Junction, MD",,"Annapolis Junction, MD, United States",,https://jobright.ai/jobs/info/6a96fb8bd13b4819f39de18c?utm_campaign=1079&utm_source=git
2026-09-20-1424,jobright,Melissa,Software Developer Full-time Regular or Paid Internship,,"Rancho Santa Margarita, CA, United States",,https://jobright.ai/jobs/info/6ab01dc0dd960b415641897a?utm_campaign=1079&utm_source=git
2026-09-20-1623,jobright,GenPark,Full Stack Engineering Intern,,"Los Angeles, CA, United States",,https://jobright.ai/jobs/info/6ab02fea2e757fcb5c8bd736?utm_campaign=1079&utm_source=git
2026-09-20-1623,jobright,TikTok,Software Engineer Project Intern (Lead Ads) - 2026 Start (BS/MS),,"San Jose, CA, United States",,https://jobright.ai/jobs/info/6a51e08002522b5b722eceec?utm_campaign=1079&utm_source=git
2026-09-20-1923,simplify,Perpay,Software Engineer Intern,Summer 2027,"Philadelphia, PA",Other,https://job-boards.greenhouse.io/perpay/jobs/4076988007
2026-09-21-0023,jobright,Interstates,Software Developer Intern,,"Sioux Falls, SD, United States",,https://jobright.ai/jobs/info/6ab09d91de327d3e210d82a9?utm_campaign=1079&utm_source=git
2026-09-21-0023,jobright,Nordson Corporation,Intern – Manufacturing Electronics / Software Engineering,,"Allen, TX, United States",,https://jobright.ai/jobs/info/6ab095dc3dbb1f8967cf33a1?utm_campaign=1079&utm_source=git
2026-09-21-0724,simplify,AutoZone,Information Technology Intern,Summer 2027,"Memphis, TN",Other,https://egud.fa.us2.oraclecloud.com/hcmUI/CandidateExperience/en/sites/CX_1/job/155451
2026-09-21-0724,simplify,AutoZone,Data Science Intern,Summer 2027,"Memphis, TN",Other,https://egud.fa.us2.oraclecloud.com/hcmUI/CandidateExperience/en/sites/CX_1/job/155461
2026-09-21-0724,zshah,AutoZone,AutoZone 2027 Summer Internship – Data Science,Summer 2027,"Memphis, TN, United States",unknown,https://egud.fa.us2.oraclecloud.com/hcmUI/CandidateExperience/en/sites/CX_1/job/155461
2026-09-21-0724,zshah,Northrop Grumman,2027 Embedded Software Engineer Intern - Camarillo CA,Summer 2027,United States-California-Camarillo,citizens-only,https://ngc.wd1.myworkdayjobs.com/Northrop_Grumman_External_Site/job/United-States-California-Camarillo/XMLNAME-2027-Embedded-Software-Engineer-Intern---Camarillo-CA_R10251835
2026-09-21-0724,zshah,Bot Auto,"Intern, Software Engineer AI Agents (Fall/Winter 2026)",Fall 2026,"Houston, TX",unknown,https://job-boards.greenhouse.io/botauto/jobs/5429357008
2026-09-21-0724,jobright,Northwestern Mutual,Application Development Internship,,"Milwaukee, WI, United States",,https://jobright.ai/jobs/info/6ab0ff33d41d3125418104ff?utm_campaign=1079&utm_source=git
2026-09-21-0724,jobright,Signal Corps Regimental Association,Technology Intern - Infrastructure and IT Management,,"Chicago, IL, United States",,https://jobright.ai/jobs/info/6ab0f89a05b07562f3cccc5b?utm_campaign=1079&utm_source=git
2026-09-21-0724,jobright,Philip Morris International,Undergraduate Intern - Information Technology Summer 2027 Job Details / PMIProd,,"Stamford, CT, United States",,https://jobright.ai/jobs/info/6ab0ef84298e33fa6abaacb8?utm_campaign=1079&utm_source=git
2026-09-21-0724,jobright,ByteDance,Backend Development Engineer Intern (Infrastructure Platform Delivery) - 2027 Summer,,"San Jose, CA, United States",,https://jobright.ai/jobs/info/6ab0d20cd3af3856cd993ed4?utm_campaign=1079&utm_source=git
2026-09-21-0724,jobright,AutoZone,AutoZone 2027 Summer Internship – Information Technology,,"Memphis, TN, United States",,https://jobright.ai/jobs/info/6ab0d241dd960b415641a1a4?utm_campaign=1079&utm_source=git
2026-09-21-0724,jobright,TikTok,Design Engineering Intern (Design System & AI Workflow - TikTok-Design) - 2027 Summer,,"San Jose, CA, United States",,https://jobright.ai/jobs/info/6a7284e102d93145bf89507a?utm_campaign=1079&utm_source=git
2026-09-21-0724,jobright,Career Launch Tech Initiative,Software Engineering Internship,,"Los Angeles, CA, United States",,https://jobright.ai/jobs/info/6ab0cd642e757fcb5c8bedda?utm_campaign=1079&utm_source=git
2026-09-21-0724,jobright,IBM,Software Developer Spring Co-op 2027,,"Lowell, MA, United States",,https://jobright.ai/jobs/info/6a9e397c27c94c3d5a1cb90e?utm_campaign=1079&utm_source=git
2026-09-21-0724,jobright,Northrop Grumman,2027 Digital Engineer Intern - Baltimore MD,,"Baltimore, MD, United States",,https://jobright.ai/jobs/info/6ab0c25ade327d3e210d89d3?utm_campaign=1079&utm_source=git
2026-09-21-0724,applyguy,SingleStore,Software Engineer Intern- Helios,,United States,,https://job-boards.greenhouse.io/singlestore/jobs/8205514
2026-09-21-0724,applyguy,SingleStore,Software Engineer Intern- Engine,,United States,,https://job-boards.greenhouse.io/singlestore/jobs/8154399
2026-09-21-0924,jobright,Clark Associates,2027 Full Stack Development Summer Internship,,"Alaska, United States",,https://jobright.ai/jobs/info/6ab1246ed2a93d5a97eb9059?utm_campaign=1079&utm_source=git
2026-09-21-0924,jobright,Fulcrum Data Center Services,Engineering Intern,,"Omaha, NE, United States",,https://jobright.ai/jobs/info/6ab0cd5cde327d3e210d8e8d?utm_campaign=1079&utm_source=git
2026-09-21-0924,jobright,Acima,Software Engineer Intern,,"Draper, UT, United States",,https://jobright.ai/jobs/info/6ab12267d43eb922ca0bd298?utm_campaign=1079&utm_source=git
2026-09-21-1023,simplify,Lazard,AI Engineer Intern,Summer 2027,NYC,Other,https://icbpjb.fa.ocs.oraclecloud.com/hcmUI/CandidateExperience/en/sites/LazardProfessionalCareers/job/6606
2026-09-21-1023,simplify,Lazard,Data Engineer Intern,Summer 2027,NYC,Other,https://icbpjb.fa.ocs.oraclecloud.com/hcmUI/CandidateExperience/en/sites/LazardProfessionalCareers/job/6605
2026-09-21-1023,simplify,RSM,Tax Digital Services Intern - AI Engineering,Summer 2027,"Charlotte, NC",Other,https://rsm.wd1.myworkdayjobs.com/RSMCareers/job/Charlotte/Tax-Digital-Services-Intern---AI-Engineering---Summer-2027_JR121297
2026-09-21-1023,simplify,Fidelity Investments,Undergraduate Internship - Software,Summer 2027,"Boston, MA; Westlake, TX; Durham, NC",Other,https://fmr.wd1.myworkdayjobs.com/fidelitycareers/job/One-Destiny-Way-Westlake-TX/Summer-2027-Undergraduate-Internship---Software_2134524
2026-09-21-1023,simplify,Upbound Group,Software Engineer Intern,Summer 2027,"Plano, TX",Other,https://upbound.wd501.myworkdayjobs.com/Upbound/job/Plano-TX/Software-Engineer-Intern_R-100761
2026-09-21-1124,applyguy,Fmr,Summer 2027 Undergraduate Internship - Software,Summer 2027,"One Destiny Way Westlake, TX",,https://fmr.wd1.myworkdayjobs.com/fidelitycareers/job/One-Destiny-Way-Westlake-TX/Summer-2027-Undergraduate-Internship---Software_2134524
2026-09-21-1223,jobright,Fidelity Investments,Summer 2027 Undergraduate Internship - Software,,"Westlake, TX, United States",,https://jobright.ai/jobs/info/6ab142d423005eee354593e7?utm_campaign=1079&utm_source=git
2026-09-21-1223,jobright,WebstaurantStore,2027 Full Stack Development Summer Internship,,"Alaska, United States",,https://jobright.ai/jobs/info/6ab14003d43eb922ca0bd9a6?utm_campaign=1079&utm_source=git
2026-09-21-1223,jobright,"Applied Visions, Inc.",Software Engineer - Internship,,"Northport, New York, United States",,https://jobright.ai/jobs/info/6ab13be5f9692ca98b04841b?utm_campaign=1079&utm_source=git
2026-09-21-1223,applyguy,upbound,Software Engineer Intern,,"Draper, UT",,https://upbound.wd501.myworkdayjobs.com/upbound/job/Draper-UT/Software-Engineer-Intern_R-100759
2026-09-21-1324,jobright,The Nuclear Company,Spring 2027 Software Engineering Intern,,"Washington, DC, United States",,https://jobright.ai/jobs/info/6a76229767a1ad0bc53c8e9f?utm_campaign=1079&utm_source=git
2026-09-21-1324,jobright,Assured Guaranty,Product Software Developer – Front-End - Summer 2027,,"New York, NY, United States",,https://jobright.ai/jobs/info/6ab15733d43eb922ca0be26a?utm_campaign=1079&utm_source=git
2026-09-21-1324,jobright,Wellmark Blue Cross and Blue Shield,Software Engineer Internship - Technology Healthcare Innovation,,"Des Moines, IA, United States",,https://jobright.ai/jobs/info/6ab1500f191d8c340dbd9bce?utm_campaign=1079&utm_source=git
2026-09-21-1324,speedyapply,Shure,Cloud Software Engineering Intern,,"Niles, IL",,https://careersus-shure.icims.com/jobs/4976/cloud-software-engineering-intern/job
2026-09-21-1423,jobright,Bound,Quality Assurance Intern (Summer 2027),,"Ames, IA, United States",,https://jobright.ai/jobs/info/6ab1669832552369083e1e3e?utm_campaign=1079&utm_source=git
2026-09-21-1423,jobright,IBM,Quantum Runtime Framework Intern 2027,,"Yorktown Heights, NY, United States",,https://jobright.ai/jobs/info/6ab160ef32552369083e1bd3?utm_campaign=1079&utm_source=git
2026-09-21-1423,jobright,Leidos,Jr. Software Engineer Intern,,"Tucson, AZ, United States",,https://jobright.ai/jobs/info/6ab15bf532552369083e18f5?utm_campaign=1079&utm_source=git
2026-09-21-1423,jobright,Fidelity Bank,Summer 2027 Undergraduate Internship - Software,,"Westlake, TX, United States",,https://jobright.ai/jobs/info/6ab16824191d8c340dbda762?utm_campaign=1079&utm_source=git
2026-09-21-1523,zshah,Commerce Bank,Intern - Data Science (Summer 2027),Summer 2027,MO - Kansas City Downtown/Plaza - Kansas City - KC Downtown Trust Building (922 Walnut) (64106),no-sponsorship,https://commercebank.wd1.myworkdayjobs.com/CommerceJobs/job/MO---Kansas-City-DowntownPlaza---Kansas-City---KC-Downtown-Trust-Building-922-Walnut-64106/Intern-EABI---Data-Science-Summer-2027_38483
2026-09-21-1523,zshah,Live Oak Bank,Summer 2027 Intern: Information Security,Summer 2027,"Wilmington, NC",unknown,https://liveoakbancshares.wd1.myworkdayjobs.com/Live_Oak/job/Wilmington-NC/Summer-2027-Intern--Information-Security_R-002647
2026-09-21-1523,zshah,Live Oak Bank,Summer 2027 Intern: Software Engineering,Summer 2027,"Wilmington, NC",unknown,https://liveoakbancshares.wd1.myworkdayjobs.com/Live_Oak/job/Wilmington-NC/Summer-2027-Intern--Software-Engineering_R-002643
2026-09-21-1523,zshah,Live Oak Bank,Summer 2027 Intern: Data Science,Summer 2027,"Wilmington, NC",unknown,https://liveoakbancshares.wd1.myworkdayjobs.com/Live_Oak/job/Wilmington-NC/Summer-2027-Intern--Data-Science_R-002664
2026-09-21-1523,zshah,SingleStore,MIT- Software Engineer Intern | Engine,,United States,unknown,https://job-boards.greenhouse.io/singlestore/jobs/8220919
2026-09-21-1523,zshah,SingleStore,MIT- Software Engineer Intern | Helios,,United States,unknown,https://job-boards.greenhouse.io/singlestore/jobs/8220941
2026-09-21-1523,zshah,Wellmark,Software Engineer Internship - Technology Healthcare Innovation,,"Des Moines, IA, United States (Hybrid)",unknown,https://jobs.smartrecruiters.com/WellmarkInc/744000150732768
2026-09-21-1523,zshah,Philips,"Intern – Medical Imaging Software Engineering, IVUS – Plymouth, MN – Summer 2027",Summer 2027,"Plymouth, Minnesota, United States",unknown,https://philips.wd3.myworkdayjobs.com/jobs-and-careers/job/Plymouth-Minnesota-United-States/Intern---Software-Engineering---Plymouth--MN---Summer-2027_590403
2026-09-21-1523,jobright,"Skyworks Solutions, Inc.",RMI Timing Software Engineering Summer Intern (May-Aug '27),,"Austin, TX, United States",,https://jobright.ai/jobs/info/6ab1787bf9692ca98b049d3b?utm_campaign=1079&utm_source=git
2026-09-21-1523,jobright,Park Place Technologies,Software Development Intern - Summer 2027,,"Highland Heights, OH, United States",,https://jobright.ai/jobs/info/6ab16f2dd2a93d5a97eba9b7?utm_campaign=1079&utm_source=git
2026-09-21-1523,jobright,AT&T,AT&T Technology Development Program Internship,,"Dallas, TX, United States",,https://jobright.ai/jobs/info/6ab17a55d2a93d5a97ebaf03?utm_campaign=1079&utm_source=git
2026-09-21-1623,applyguy,Lima One Capital,Software and Systems Quality Intern,,"Greenville, SC",,https://recruiting.paylocity.com/Recruiting/Jobs/Details/4507721
2026-09-21-1723,jobright,Geneva Trading,C++ Developer (Intern),,"Chicago, Illinois, United States",,https://jobright.ai/jobs/info/6ab1862b23005eee3545aec6?utm_campaign=1079&utm_source=git
2026-09-21-1723,jobright,"Macy's Retail Holdings, Inc.",Macy's 2027 Summer Internship - Technology,,"Johns Creek, GA, United States",,https://jobright.ai/jobs/info/6ab17f7132552369083e2891?utm_campaign=1079&utm_source=git
2026-09-21-1723,jobright,Menards,Programming Internship,,"Eau Claire, WI, United States",,https://jobright.ai/jobs/info/6ab17cdef9692ca98b049f53?utm_campaign=1079&utm_source=git
2026-09-21-1723,applyguy,GE HealthCare,Software Engineering Summer Intern 2027,Summer 2027,"Salt Lake City, UT",,https://gehc.wd5.myworkdayjobs.com/gehc_externalsite/job/Salt-Lake-City/Software-Engineering-Summer-Intern-2027_R4046481-1
2026-09-21-1723,applyguy,Liveoakbancshares,Summer 2027 Intern: Software Engineering,Summer 2027,"Wilmington, NC",,https://liveoakbancshares.wd1.myworkdayjobs.com/live_oak/job/Wilmington-NC/Summer-2027-Intern--Software-Engineering_R-002643
2026-09-21-1723,applyguy,PrizePicks,Software Engineering Internship - Summer 2027,Summer 2027,"Atlanta, GA",,http://prizepicks.com/position?gh_jid=7999266003
2026-09-21-1923,simplify,AnaVation,Computer Science Intern - Summer Program,Summer 2027,"San Antonio, TX",Other,https://jobs.lever.co/anavationllc/a5c70b6a-2d16-4774-9043-677456614b1b/apply
2026-09-21-1923,simplify,XPENG Motors,Robotics Center Intern - Multiple Teams,Summer 2027,"Santa Clara, CA",Other,https://job-boards.greenhouse.io/xpengmotors/jobs/8681156002
2026-09-21-1923,simplify,Wellmark,Software Engineer Intern - Technology Healthcare Innovation,Summer 2027,"Des Moines, IA",Other,https://jobs.smartrecruiters.com/WellmarkInc/744000150732768
2026-09-21-1923,simplify,Boston Scientific,Data Engineer Intern,Summer 2027,"Maple Grove, MN",Other,https://bostonscientific.eightfold.ai/careers/job/563602813501949
2026-09-21-1923,simplify,General Motors,Software Engineer Intern - Digital Product: Software Engineering,Summer 2027,"Austin, TX; Milford, MI; Mountain View, CA; Warren, MI",Other,https://generalmotors.wd5.myworkdayjobs.com/en-CA/Careers_GM/job/Warren-Michigan-United-States-of-America/XMLNAME-2027-Summer-Intern---Digital-Product--Software-Engineering_JR-202620546
2026-09-21-1923,simplify,AeroVironment,Autonomy & Robotics Engineer Intern,Summer 2027,"Moorpark, CA",Other,https://avav.wd1.myworkdayjobs.com/en-US/avav/job/Moorpark-CA/Summer-2027-Autonomy---Robotics-Engineering-Intern_8551
2026-09-21-1923,simplify,Zimmer Biomet Holdings,Summer Intern - Data Mesh Platform,Summer 2027,Remote in USA,Other,https://careers.zimmerbiomet.com/us/en/job/12688
2026-09-21-1923,simplify,Zimmer Biomet Holdings,Data Management Intern,Summer 2027,"Warsaw, IN",Other,https://careers.zimmerbiomet.com/us/en/job/12746
2026-09-21-1923,simplify,Boston Scientific,Data Science Engineer Intern,Summer 2027,"Arden Hills, MN",Other,https://bostonscientific.eightfold.ai/careers/job/563602813600504
2026-09-21-1923,simplify,GE Healthcare,Software Engineer Intern,Summer 2027,"Salt Lake City, UT",Other,https://gehc.wd5.myworkdayjobs.com/GEHC_ExternalSite/job/Salt-Lake-City/Software-Engineering-Summer-Intern-2027_R4046481-1
2026-09-21-1923,simplify,Lazard,Data Scientist Intern,Summer 2027,NYC,Other,https://icbpjb.fa.ocs.oraclecloud.com/hcmUI/CandidateExperience/en/sites/LazardProfessionalCareers/job/6604
2026-09-21-1923,simplify,Commerce Bank,Data Science Intern,Summer 2027,"Kansas City, MO",Other,https://commercebank.wd1.myworkdayjobs.com/CommerceJobs/job/MO---Kansas-City-DowntownPlaza---Kansas-City---KC-Downtown-Trust-Building-922-Walnut-64106/Intern-EABI---Data-Science-Summer-2027_38483
2026-09-21-1923,simplify,Erie Insurance Group,Data Intern 2,Summer 2027,"Erie, PA",Other,https://jobs.erieinsurance.com/job/Erie-Intern-II-(Data)-PA-16506/1432176200/?ats=successfactors
2026-09-21-1923,simplify,Nebraska Medicine,Forward Deployed AI Engineer Intern,Summer 2027,"Omaha, NE",Other,https://nebraskamed.wd5.myworkdayjobs.com/nm/job/Omaha-NE/Intern---Forward-Deployed-AI-Engineer_REQ-38924
2026-09-21-1923,simplify,Live Oak Bank,Software Engineering Intern - Summer Internship Program,Summer 2027,"Wilmington, NC",Other,https://liveoakbancshares.wd1.myworkdayjobs.com/en-US/Live_Oak/job/Wilmington-NC/Summer-2027-Intern--Software-Engineering_R-002643
2026-09-21-1923,simplify,Live Oak Bank,Data Engineer Intern - Multiple Teams,Summer 2027,"Wilmington, NC",Other,https://liveoakbancshares.wd1.myworkdayjobs.com/en-US/Live_Oak/job/Wilmington-NC/Summer-2027-Intern--Data-Engineering_R-002634
2026-09-21-1923,simplify,Live Oak Bank,Data Science Intern,Summer 2027,"Wilmington, NC",Other,https://liveoakbancshares.wd1.myworkdayjobs.com/en-US/Live_Oak/job/Wilmington-NC/Summer-2027-Intern--Data-Science_R-002664
2026-09-21-1923,simplify,Philips,AI Engineer Intern - Enterprise AI & Workflow Automation,Summer 2027,"Colorado Springs, CO; Plymouth, MN; Bedford, MA; San Diego, CA",Other,https://philips.wd3.myworkdayjobs.com/jobs-and-careers/job/Plymouth-Minnesota-United-States/Intern---AI-Engineer--Enterprise-AI---Workflow-Automation---Plymouth--MN---Summer-2027_591991
2026-09-21-1923,zshah,G2,"Intern, AI Agent Evaluations",Fall 2026,"San Francisco, CA",unknown,https://jobs.ashbyhq.com/g2/64dcc04a-a0e7-493b-b899-dd4c56e561fd
2026-09-21-1923,zshah,Epic Games,Data Science Intern,,"Cary,North Carolina,United States",unknown,https://epicgames.com/careers/jobs/6202675004?gh_jid=6202675004
2026-09-21-1923,zshah,Waymo,"2027 Summer Intern, BS/MS, Embedded, Software Engineer",Summer 2027,"Mountain View, CA, USA",unknown,https://careers.withwaymo.com/jobs?gh_jid=8221198
2026-09-21-1923,zshah,CSC Generation,Software Engineer - Legacy Applications & Modernization - Intern/Part Time,,"Houston, TX",unknown,https://jobs.lever.co/cscgeneration-2/3a04b45f-a2eb-438a-a8ac-b07324223813
2026-09-21-1923,jobright,Farm Credit Services of America,Application Developer - Intern Job Details / Farm Credit Services of America,,"Omaha, NE, United States",,https://jobright.ai/jobs/info/6ab19ac7d2a93d5a97ebbcd9?utm_campaign=1079&utm_source=git
2026-09-21-1923,jobright,IQT,"Engineering Intern, Rapid Prototyping Group",,"Washington, DC, United States",,https://jobright.ai/jobs/info/6ab1990ff9692ca98b04a99f?utm_campaign=1079&utm_source=git
2026-09-21-1923,jobright,RentVision,Software Engineering Intern,,"Lincoln, NE, United States",,https://jobright.ai/jobs/info/6ab19b65d43eb922ca0c00de?utm_campaign=1079&utm_source=git
2026-09-21-1923,jobright,Williams AV,Software Engineer Internship,,"Eden Prairie, MN, United States",,https://jobright.ai/jobs/info/6ab1960af9692ca98b04a80b?utm_campaign=1079&utm_source=git
2026-09-21-1923,jobright,News Corp,Summer 2027 Internship - Software Engineering Tracks,,"Austin, TX, United States",,https://jobright.ai/jobs/info/6ab18f1223005eee3545b211?utm_campaign=1079&utm_source=git
2026-09-21-1923,jobright,Trane Technologies,Software Engineer Intern,,"La Crosse, WI, United States",,https://jobright.ai/jobs/info/6ab1a2acd43eb922ca0c03d1?utm_campaign=1079&utm_source=git
2026-09-21-1923,jobright,The Walt Disney Company,"WDI Show Control Software Engineering Intern, Spring 2027",,"Lake Buena Vista, FL, United States",,https://jobright.ai/jobs/info/6ab197e1d43eb922ca0bfee4?utm_campaign=1079&utm_source=git
2026-09-21-1923,jobright,Premier Inc.,Software Engineer Intern,,"Charlotte, NC, United States",,https://jobright.ai/jobs/info/6ab199def9692ca98b04a9fe?utm_campaign=1079&utm_source=git
2026-09-21-2026,jobright,Cowboy Space Corporation,"Intern, Software Engineering, 2027",,"San Carlos, CA, United States",,https://jobright.ai/jobs/info/6ab1bda532552369083e418e?utm_campaign=1079&utm_source=git
2026-09-21-2123,simplify,ONE Finance,Software Engineer Intern,Summer 2027,Remote in USA,Other,https://jobs.ashbyhq.com/oneapp/ba18d004-3212-44e4-8a0c-bd1215bae770/application?embed=true
2026-09-21-2123,simplify,Epic Games,Engine Programmer Intern,Summer 2027,"Cary, NC",Other,https://epicgames.com/careers/jobs/6202659004?gh_jid=6202659004
2026-09-21-2123,simplify,Rivian,Software Engineer Intern Co-op - Product Lifecycle Management,Winter 2027,"Palo Alto, CA",Other,https://careers.rivian.com/jobs/33746?icims=1
2026-09-21-2123,simplify,Symbotic,Bot Controls Intern,,"Wilmington, MA",Other,https://symbotic.wd504.myworkdayjobs.com/Symbotic/job/USA-Wilmington--MA---HQ/Bot-Controls_R7965
2026-09-21-2123,simplify,Symbotic,Data Engineer,,"Wilmington, MA",Other,https://symbotic.wd504.myworkdayjobs.com/Symbotic/job/USA-Wilmington--MA---HQ/Data-Engineer_R7967
2026-09-21-2123,simplify,Tesla,Residential Energy Device Software Engineer Intern - Energy Engineering,Winter 2027; Spring 2027,"Palo Alto, CA",Other,https://www.tesla.com/careers/search/job/284275
2026-09-21-2123,simplify,Wellington Management,Investment Platform Technology Co-op,Winter 2026; Winter 2027,"Boston, MA",Other,https://wellington.wd5.myworkdayjobs.com/external/job/Boston-MA-United-States/Investment-Platform-Technology-Co-op_R94902-1
2026-09-21-2223,jobright,Boston Scientific,Software Engineer Intern,,"Arden Hills, MN, United States",,https://jobright.ai/jobs/info/6ab1c7f7d2a93d5a97ebcd01?utm_campaign=1079&utm_source=git
2026-09-21-2223,jobright,General Motors,2027 Summer Intern - Digital Product: Software Engineering,,"Warren, MI, United States",,https://jobright.ai/jobs/info/6ab197da23005eee3545b68a?utm_campaign=1079&utm_source=git
2026-09-21-2223,applyguy,Bcbsks,Application Developer - Intern,,"Topeka, KS",,https://bcbsks.wd1.myworkdayjobs.com/external/job/Topeka/Application-Developer---Intern_R2026355
2026-09-21-2223,applyguy,BERKLEY W R CORP,Software Developer (.NET) Intern,,"Urbandale, IA",,https://careers-berkley.icims.com/jobs/14444/software-developer-%28.net%29-intern/job
2026-09-21-2323,jobright,Tesla,"Internship, Supercharger SIL Test Infrastructure Software Engineer, Energy Engineering (Winter/Spring 2027)",,"Palo Alto, CA, United States",,https://jobright.ai/jobs/info/6ab1dbced2a93d5a97ebd100?utm_campaign=1079&utm_source=git
2026-09-21-2323,jobright,North Carolina Department of Agriculture and Consumer Services,Front-End Developer Intern,,"San Diego, CA, United States",,https://jobright.ai/jobs/info/6ab1cc6e32552369083e44d3?utm_campaign=1079&utm_source=git
2026-09-22-0024,jobright,Scot Forge,IT Software Development Intern,,"Spring Grove, IL, United States",,https://jobright.ai/jobs/info/6ab1ecbc191d8c340dbdd393?utm_campaign=1079&utm_source=git
2026-09-22-0124,jobright,Cisco,Software Engineer Embedded Systems I (Intern) – United States,,"Milpitas, CA, United States",,https://jobright.ai/jobs/info/6ab1fd7c23005eee3545d297?utm_campaign=1079&utm_source=git
2026-09-22-0124,jobright,AV,Software Engineering Intern,,"Centreville, VA, United States",,https://jobright.ai/jobs/info/6aa426f4c1928370a285cc61?utm_campaign=1079&utm_source=git
2026-09-22-0825,simplify,Vialto Partners,Client Technology Intern,Winter 2027,"Campbell, CA; NYC",Other,https://vialto.wd107.myworkdayjobs.com/vialtoexternalcareers/job/Manhattan/Client-Technology-Services---Intern_REQ908939
2026-09-22-0825,simplify,Northrop Grumman,Software Engineer Intern - Navigation Intelligence and Connectivity Division,Summer 2027,"San Diego, CA",Other,https://ngc.wd1.myworkdayjobs.com/Northrop_Grumman_External_Site/job/United-States-California-San-Diego/XMLNAME-2027-Software-Engineer-Intern---San-Diego-CA_R10252150
2026-09-22-0825,jobright,"Seven Research, LLC",Core Developer - Intern,,"New York, NY, United States",,https://jobright.ai/jobs/info/6a4572614f64ba41dcb4d649?utm_campaign=1079&utm_source=git
2026-09-22-0825,jobright,Emerson,Software Engineering Co-op (Jun-Dec 2027),,"Eden Prairie, MN, United States",,https://jobright.ai/jobs/info/6aa3b3ec4238ea18d430d91a?utm_campaign=1079&utm_source=git
2026-09-22-0825,jobright,Trane Technologies,2027 Information Technology Intern,,"Davidson, NC, United States",,https://jobright.ai/jobs/info/6aa8b1813387a3d9b67d28d9?utm_campaign=1079&utm_source=git
2026-09-22-0825,jobright,Phillips Edison & Company,Information Technology Intern - Software Development (Spring 2027),,"Cincinnati, OH, United States",,https://jobright.ai/jobs/info/6a95c2c69fcec5442372eec4?utm_campaign=1079&utm_source=git
2026-09-22-0825,jobright,Gesture,Mobile App Engineer Intern,,"Denver, CO, United States",,https://jobright.ai/jobs/info/6a7a69549ee17f276dbf2f1c?utm_campaign=1079&utm_source=git
2026-09-22-0825,jobright,CCI Systems,MTU Career Fair-Software Developer Internship,,"Houghton, MI, United States",,https://jobright.ai/jobs/info/6ab20713d2a93d5a97ebd878?utm_campaign=1079&utm_source=git
2026-09-22-0825,jobright,Rivian,Software Engineering Intern - Product Development Portal (Spring Co-Op),,"Palo Alto, CA, United States",,https://jobright.ai/jobs/info/6ab1bda632552369083e418f?utm_campaign=1079&utm_source=git
2026-09-22-1723,simplify,GuideStone,Software Developer Intern - Software Development,Summer 2027,"Dallas, TX",Other,https://guidestone.wd1.myworkdayjobs.com/guidestone/job/Dallas-TX/Summer-Intern---Software-Developer_R2129
2026-09-22-1723,simplify,Verizon Communications,AI Science Intern - Network and Technology,Summer 2027,"Basking Ridge, Bernards, NJ",Other,https://verizon.wd12.myworkdayjobs.com/verizon-careers/job/Basking-Ridge-New-Jersey/Verizon-Network-and-Technology--AI-Science-2027-Internship_R-1101167
2026-09-22-1723,simplify,Verizon Communications,AI Science Intern - Multiple Teams,Summer 2027,"Basking Ridge, Bernards, NJ",Other,https://verizon.wd12.myworkdayjobs.com/verizon-careers/job/Basking-Ridge-New-Jersey/Verizon-Network-and-Technology--AI-Science-2027-Internship--Rutgers--NJIT--NYU--UT-Dallas--UT-Arlington--Texas-A-M_R-1101169
2026-09-22-1723,simplify,Udig,Software Engineer Intern,Summer 2027,"Nashville, TN; Richmond, VA",Other,https://udig.com/careers/job-listing/?gh_jid=7999436003
2026-09-22-1723,simplify,Optiver,Software Engineer Co-op,Winter 2027; Spring 2027,"Chicago, IL",Other,https://job-boards.greenhouse.io/optiverprivate/jobs/8784302002
2026-09-22-1723,zshah,The Aerospace Corporation,2027 Software Tools and Assurance Intern,Summer 2027,"El Segundo, CA",citizens-only,https://aero.wd5.myworkdayjobs.com/external/job/El-Segundo-CA/XMLNAME-2027-Software-Tools-and-Assurance-Intern_R016429
2026-09-22-1723,zshah,Vantor,AI Engineer Intern,,Remote (United States),citizens-only,https://maxar.wd1.myworkdayjobs.com/Vantor/job/Remote-United-States/AI-Engineer-Intern_R24605
2026-09-22-1723,zshah,Allegion,Summer Intern - Software Engineer,,"Carmel, IN",unknown,https://allegion.wd5.myworkdayjobs.com/careers/job/Carmel-IN/Summer-Intern---Software-Engineer_JR37747-2
2026-09-22-1723,zshah,EMC Insurance,Intern - Software Engineering,,Iowa,unknown,https://emcins.wd5.myworkdayjobs.com/EMC_Careers/job/Iowa/Intern---Software-Engineering_R6557-1
2026-09-22-1723,zshah,GuideStone,Summer Intern - Software Developer,,"Dallas, TX",no-sponsorship,https://guidestone.wd1.myworkdayjobs.com/guidestone/job/Dallas-TX/Summer-Intern---Software-Developer_R2129
2026-09-22-1723,zshah,Northrop Grumman,2027 Cyber Software Engineer Intern - Tampa FL,Summer 2027,United States-Florida-Tampa,citizens-only,https://ngc.wd1.myworkdayjobs.com/Northrop_Grumman_External_Site/job/United-States-Florida-Tampa/XMLNAME-2027-Cyber-Software-Engineer-Intern---Tampa-FL_R10249530
2026-09-22-1723,zshah,Northrop Grumman,2027 Cyber Systems Engineer Intern-Tampa FL,Summer 2027,United States-Florida-Tampa,citizens-only,https://ngc.wd1.myworkdayjobs.com/Northrop_Grumman_External_Site/job/United-States-Florida-Tampa/XMLNAME-2027-Cyber-Systems-Engineer-Intern-Tampa-FL_R10249196
2026-09-22-1723,zshah,Tencent,Site Reliability Engineer (SRE) Intern — AI Infrastructure,,US-California-Palo Alto,unknown,https://tencent.wd1.myworkdayjobs.com/Tencent_Careers/job/US-California-Palo-Alto/Site-Reliability-Engineer--SRE--Intern---AI-Infrastructure_R108158-1
2026-09-22-1723,zshah,Verizon Communications,Verizon Network and Technology: AI Science 2027 Internship,Summer 2027,"Basking Ridge, New Jersey",unknown,https://verizon.wd12.myworkdayjobs.com/verizon-careers/job/Basking-Ridge-New-Jersey/Verizon-Network-and-Technology--AI-Science-2027-Internship_R-1101167
2026-09-22-1723,zshah,Howmet Aerospace,Cybersecurity Intern,,"Pittsburgh, PA, United States",no-sponsorship,https://fa-exty-saasfaprod1.fa.ocs.oraclecloud.com/hcmUI/CandidateExperience/en/sites/CX_1/job/119551
2026-09-22-1723,zshah,Mass General Brigham,Information Security Intern,,Somerville-MA,unknown,https://massgeneralbrigham.wd1.myworkdayjobs.com/mgbexternal/job/Somerville-MA/Information-Security-Intern_RQ4078693
2026-09-22-1723,zshah,Cowboy Space,"Intern, Software Engineering, 2027",Summer 2027,"San Carlos, California",citizens-only,https://jobs.ashbyhq.com/cowboyspace/56d1d7e4-fa7e-4c25-aa8b-6828447fc64a
2026-09-22-1723,zshah,Nebraska Medicine,Intern - Forward Deployed AI Engineer,,"Omaha, NE",unknown,https://nebraskamed.wd5.myworkdayjobs.com/nm/job/Omaha-NE/Intern---Forward-Deployed-AI-Engineer_REQ-38924
2026-09-22-1723,zshah,SingleStore,Software Engineer Intern- Helios- 2027,Summer 2027,United States,offers,https://job-boards.greenhouse.io/singlestore/jobs/8205514
2026-09-22-1723,zshah,SingleStore,Software Engineer Intern- Engine-2027,Summer 2027,United States,offers,https://job-boards.greenhouse.io/singlestore/jobs/8154399
2026-09-22-1723,zshah,Rippling,Software Engineer Intern - Backend Focused - Summer 2027,Summer 2027,"Seattle, WA",unknown,https://ats.rippling.com/rippling/jobs/a07e4e46-3721-4934-b57b-0d58412e22ba
2026-09-22-1723,zshah,Rippling,Data Science Intern - Summer 2027,Summer 2027,"San Francisco, CA",unknown,https://ats.rippling.com/rippling/jobs/f255bf03-9173-4c0a-8a18-7cc43c27ded8
2026-09-22-1723,zshah,Rippling,Full Stack Software Engineer Intern - Summer 2027,Summer 2027,"San Francisco, CA",unknown,https://ats.rippling.com/rippling/jobs/f64b6158-9534-4bab-9457-45556166b262
2026-09-22-1723,zshah,Rippling,Machine Learning Software Engineer Intern - Summer 2027,Summer 2027,"San Francisco, CA",unknown,https://ats.rippling.com/rippling/jobs/f9de04c3-e2c5-41f9-8e46-a0684707f89d
2026-09-22-1723,jobright,GE HealthCare,Full-Stack Software Engineering Intern – MIM Commercialized Web Applications,,"Beachwood, OH, United States",,https://jobright.ai/jobs/info/6ab28f271e4847ddae914c5b?utm_campaign=1079&utm_source=git
2026-09-22-1723,jobright,Touchpoints,Software Engineer Intern,,"Sacramento, CA, United States",,https://jobright.ai/jobs/info/6ab2c1cd1e4847ddae9163c5?utm_campaign=1079&utm_source=git
2026-09-22-1723,jobright,Mesirow,"Summer 2027 Intern - IT, Cloud Engineering",,"Chicago, IL, United States",,https://jobright.ai/jobs/info/6ab2db5930340229a32301c4?utm_campaign=1079&utm_source=git
2026-09-22-1723,jobright,Bessemer Trust,Software Engineering Intern,,"Woodbridge, NJ, United States",,https://jobright.ai/jobs/info/6ab2d2b28254c44790e57948?utm_campaign=1079&utm_source=git
2026-09-22-1723,jobright,Enhance IT,Intern,,"Washington, District of Columbia, United States",,https://jobright.ai/jobs/info/6ab2d08830340229a322fe4c?utm_campaign=1079&utm_source=git
2026-09-22-1723,jobright,FM,Software Engineering Co-op,,United States,,https://jobright.ai/jobs/info/6ab28b498254c44790e55955?utm_campaign=1079&utm_source=git
2026-09-22-1723,jobright,Elevated Web Design,GTM Software Engineering Internship,,United States,,https://jobright.ai/jobs/info/6ab2cf34326574570a003426?utm_campaign=1079&utm_source=git
2026-09-22-1723,jobright,Netrolynx AI,Software Developer Intern,,United States,,https://jobright.ai/jobs/info/6ab2cf0c1e4847ddae916979?utm_campaign=1079&utm_source=git
2026-09-22-1723,jobright,Amtrak,Fall 2026/Spring 2027 - IT and Ops Engineering Intern - 90413021 - Philadelphia Job Details / Amtrak,,"Philadelphia, PA, United States",,https://jobright.ai/jobs/info/6aa7baea654b2a9424cf94c3?utm_campaign=1079&utm_source=git
2026-09-22-1723,jobright,Amtrak,Fall 2026/Spring 2027 - Software Engineering Intern - 90413033 - Washington,,"Washington, DC, United States",,https://jobright.ai/jobs/info/6aacc61e3d96632d741abda5?utm_campaign=1079&utm_source=git
2026-09-22-1723,jobright,"Mission Technologies, a division of HII",Software Engineer Intern (Multiple Levels) - 30069,,"Columbia, Maryland, United States",,https://jobright.ai/jobs/info/6a970506455eaf6a08c1a1a2?utm_campaign=1079&utm_source=git
2026-09-22-1723,jobright,APi Group,2027 Summer Internship Program - Application Development Intern,,"New Brighton, MN, United States",,https://jobright.ai/jobs/info/6ab2a6471e4847ddae9156b3?utm_campaign=1079&utm_source=git
2026-09-22-1723,jobright,A Igreja de Jesus Cristo dos Santos dos Últimos Dias,2026 Software Engineer Technical Intern (Jan and May 2027 hires),,"Bluffdale, UT, United States",,https://jobright.ai/jobs/info/6aa8fb5117ddad6a8a47d985?utm_campaign=1079&utm_source=git
2026-09-22-1723,jobright,Eaton,Internship: Software Quality Assurance Engineering,,"Plymouth, Minnesota, United States",,https://jobright.ai/jobs/info/6ab2c038326574570a002dfc?utm_campaign=1079&utm_source=git
2026-09-22-1723,jobright,"Mission Technologies, a division of HII",Summer 2027 Internship - Software Engineer (Hybrid) - 30268,,"Columbia, MD, United States",,https://jobright.ai/jobs/info/6ab2b58230340229a322f4b5?utm_campaign=1079&utm_source=git
2026-09-22-1723,jobright,The Church of Jesus Christ of Latter-day Saints,2026 Web Development Technical Intern (Jan and May 2027 hires),,"Riverton, UT, United States",,https://jobright.ai/jobs/info/6a968012b22f636c81412f63?utm_campaign=1079&utm_source=git
2026-09-22-1723,jobright,William Blair,Working in Technology (WiT) Software Engineering - Summer 2027,,"Chicago, IL, United States",,https://jobright.ai/jobs/info/6ab2b6aa1508734c1530b842?utm_campaign=1079&utm_source=git
2026-09-22-1723,jobright,SRC,Engineering Intern (Summer 2027),,"Syracuse, NY, United States",,https://jobright.ai/jobs/info/6a96c049246d697dcee01222?utm_campaign=1079&utm_source=git
2026-09-22-1723,jobright,Sandia National Laboratories,"Intern, R&D Undergraduate Summer - TITANS Software, Onsite",,"Albuquerque, NM, United States",,https://jobright.ai/jobs/info/6ab2aee178c69ff506c3fd58?utm_campaign=1079&utm_source=git
2026-09-22-1723,jobright,The Church of Jesus Christ of Latter-day Saints,2026 QA/Soft Dev in Test Technical Intern (Jan and May 2027 hires),,"Lehi, UT, United States",,https://jobright.ai/jobs/info/6a96809eb22f636c81412f92?utm_campaign=1079&utm_source=git
2026-09-22-1723,jobright,The Church of Jesus Christ of Latter-day Saints,2026 Mobile Software Engineer Technical Intern (Jan and May 2027 hires),,"Riverton, UT, United States",,https://jobright.ai/jobs/info/6a96802ab22f636c81412f68?utm_campaign=1079&utm_source=git
2026-09-22-1723,jobright,xchange,"Salesforce QA Intern in Pleasanton, CA/Hybrid",,"Pleasanton, CA, United States",,https://jobright.ai/jobs/info/6ab2a6a778c69ff506c3f887?utm_campaign=1079&utm_source=git
2026-09-22-1723,jobright,KPMG Financial Reporting View (FRV),"Advisory Intern, Federal Technology Enablement Application Developer/Software Engineer / McLean Summer 2027",,"McLean, VA, United States",,https://jobright.ai/jobs/info/6ab2a6448254c44790e56482?utm_campaign=1079&utm_source=git
2026-09-22-1723,jobright,FM,Infrastructure Engineering - Co-Op,,United States,,https://jobright.ai/jobs/info/6ab28b8630340229a322dfb2?utm_campaign=1079&utm_source=git
2026-09-22-1723,jobright,IBM,"Power Backend Developer Intern - Rochester, MN & Austin, TX - 2027",,"Rochester, Minnesota, United States",,https://jobright.ai/jobs/info/6a9e30db2c964816f65ebe38?utm_campaign=1079&utm_source=git
2026-09-22-1723,jobright,Layup Parts,Software Engineering Intern,,"Huntington Beach, CA, United States",,https://jobright.ai/jobs/info/6a51c2058d7d3e6cf1cc2738?utm_campaign=1079&utm_source=git
2026-09-22-1723,jobright,Vermeer Corporation,Embedded Software Engineer Internship Summer 2027,,"Pella, IA, United States",,https://jobright.ai/jobs/info/6a9666ead13b4819f39db95a?utm_campaign=1079&utm_source=git
2026-09-22-1723,jobright,DV Trading LLC,Software Engineer Intern - Summer 2027 (DV Commodities),,New York,,https://jobright.ai/jobs/info/6a7a560c67a1ad0bc53d3024?utm_campaign=1079&utm_source=git
2026-09-22-1723,jobright,IBM,Quantum Control Pulse-Level Compiler Intern 2027,,"Yorktown Heights, New York, United States",,https://jobright.ai/jobs/info/6ab296aa326574570a0019a1?utm_campaign=1079&utm_source=git
2026-09-22-1723,jobright,Amtrak,Spring 2027 - Software Engineering Intern - 90413037 - Washington,,"Washington, DC, United States",,https://jobright.ai/jobs/info/6ab1d1cef9692ca98b04beaf?utm_campaign=1079&utm_source=git
2026-09-22-1723,jobright,Geneva Trading,Python Developer Intern,,"Chicago, Illinois, United States",,https://jobright.ai/jobs/info/6ab2960e78c69ff506c3f106?utm_campaign=1079&utm_source=git
2026-09-22-1723,jobright,Heartland Business Systems,Cloud Infrastructure Engineering Associate - Summer 2027 Internship Program,,"Little Chute, WI, United States",,https://jobright.ai/jobs/info/6a96cecfe4e60e4b8da5a09d?utm_campaign=1079&utm_source=git
2026-09-22-1723,jobright,UDig,Software Engineering Intern,,"Nashville, TN, United States",,https://jobright.ai/jobs/info/6ab295251508734c1530a626?utm_campaign=1079&utm_source=git
2026-09-22-1723,jobright,Cadence,Software Engineering Intern,,United States,,https://jobright.ai/jobs/info/6aa01b9a5b2d5633ef3bc703?utm_campaign=1079&utm_source=git
2026-09-22-1723,jobright,Eaton,Internship: Software Engineering,,"Franksville, WI, United States",,https://jobright.ai/jobs/info/6ab19fe0f9692ca98b04ac8a?utm_campaign=1079&utm_source=git
2026-09-22-1723,jobright,Eaton,Internship: Embedded Software Engineering,,"Franksville, WI, United States",,https://jobright.ai/jobs/info/6ab19fe9d43eb922ca0c0283?utm_campaign=1079&utm_source=git
2026-09-22-1723,jobright,HAI Group,Software Development Intern,,"Cheshire, CT, United States",,https://jobright.ai/jobs/info/6ab275901e4847ddae914681?utm_campaign=1079&utm_source=git
2026-09-22-1723,jobright,Talcott Financial Group,IT Software Engineering Internship,,"Hartford, CT, United States",,https://jobright.ai/jobs/info/6a95d1c53843db01599076e3?utm_campaign=1079&utm_source=git
2026-09-22-1723,jobright,Optiver,Software Engineer Co-Op (January - April 2027),,"Chicago, IL, United States",,https://jobright.ai/jobs/info/6ab284ed78c69ff506c3ec4f?utm_campaign=1079&utm_source=git
2026-09-22-1723,jobright,Merchants Capital,Business Technology (Application Development) Intern - Summer 2027,,"Carmel, IN, United States",,https://jobright.ai/jobs/info/6aa7fbab654b2a9424cf9fec?utm_campaign=1079&utm_source=git
2026-09-22-1723,jobright,Tigbourne Capital Ltd,Private Equity Intern - Software Engineer,,"Utah, United States",,https://jobright.ai/jobs/info/6ab278cc8254c44790e5556f?utm_campaign=1079&utm_source=git
2026-09-22-1723,jobright,Foundation Finance Company Careers,Full Stack Developer Intern,,"Rothschild, WI, United States",,https://jobright.ai/jobs/info/6a95c7524c22023a07935b44?utm_campaign=1079&utm_source=git
2026-09-22-1723,jobright,Vertiv,IT Quality Assurance Intern (Summer 2027),,"Westerville, OH, United States",,https://jobright.ai/jobs/info/6a95c56bcabc9f6703e19bc1?utm_campaign=1079&utm_source=git
2026-09-22-1723,speedyapply,GPC,Software Developer Intern,,"Birmingham, AL",,https://genpt.wd1.myworkdayjobs.com/en-US/careers/job/Birmingham-AL-USA/Software-Developer-Intern_R26_0000029140
2026-09-22-1723,applyguy,Cotiviti,"Intern - Data Engineer AI (Databricks, SQL, Python, Governance)",,"Remote, U.S.",,https://careers-cotiviti.icims.com/jobs/20383/intern---data-engineer-ai-%28databricks%2c-sql%2c-python%2c-governance%29/job
2026-09-22-1723,applyguy,Emcins,Intern - Software Engineering,,Iowa,,https://emcins.wd5.myworkdayjobs.com/emc_careers/job/Iowa/Intern---Software-Engineering_R6557-1
2026-09-22-1723,applyguy,Propio,Software Engineering Intern,,"Overland Park, KS",,https://recruiting.paylocity.com/Recruiting/Jobs/Details/4527240
2026-09-22-1723,applyguy,Cisco,Software Engineer Full Stack / Backend I (Intern) – United States,,San Jose California,,https://cisco.wd5.myworkdayjobs.com/cisco_careers/job/San-Jose-California-US/Software-Engineer-Full-Stack---Backend-I--Intern----United-States_2025924
2026-09-22-1923,simplify,West Bend Insurance,IT Data Engineer Intern,Summer 2027,"Madison, WI; West Bend, WI",Other,https://careers-thesilverlining.icims.com/jobs/3759/job?mobile=true&needsRedirect=false
2026-09-22-1923,simplify,Royal Bank of Canada,Software Development Intern - Wealth Management Technology,Summer 2027,"Minneapolis, MN",Other,https://rbc.wd3.myworkdayjobs.com/RBCEARLYTALENT1/job/Minneapolis-Minnesota-United-States-of-America/Summer-2027-Wealth-Management-Technology-Internship_R-0000187852-1
2026-09-22-1923,simplify,Grow Therapy,Software Engineer Intern,Summer 2027,NYC,Other,https://jobs.ashbyhq.com/grow-therapy/92bfe88a-4c23-48c8-8f7b-4959ab6cd8d8/application?embed=true
2026-09-22-1923,simplify,Charter Manufacturing,Digital Integration Intern,Summer 2027,"Mequon, WI",Other,https://chartermfg.wd5.myworkdayjobs.com/Charter_Careers/job/Charter-Manufacturing-Company-Inc---Mequon-WI/Digital-Integration-Intern--Year-Round-_R08129
2026-09-22-1923,simplify,Leidos,Software Developer Intern - Cyber & Analytics Business Area,Summer 2027,"Annapolis Junction, MD",Other,https://leidos.wd5.myworkdayjobs.com/External/job/Annapolis-Junction-MD/Software-Developer-Intern_R-00192858
2026-09-22-1923,simplify,F5,Software Engineer Intern - Digital,,"Seattle, WA",Other,https://ffive.wd5.myworkdayjobs.com/en-US/f5jobs/job/Seattle/Software-Engineer-II_RP1038826
2026-09-22-1923,simplify,Rippling,Software Engineer Intern - Backend Focused,Summer 2027,"Seattle, WA; SF; NYC",Other,https://ats.rippling.com/rippling/jobs/a07e4e46-3721-4934-b57b-0d58412e22ba
2026-09-22-1923,simplify,Rippling,Full Stack Software Engineer Intern,Summer 2027,"Seattle, WA; SF; NYC",Other,https://ats.rippling.com/rippling/jobs/f64b6158-9534-4bab-9457-45556166b262
2026-09-22-1923,simplify,USAA,Visualization Engineer Intern,Summer 2027,"San Antonio, TX",Other,https://usaa.wd1.myworkdayjobs.com/en-US/USAAJOBSWD/job/San-Antonio-Home-Office-I/Visualization-Engineer-Intern_R0121201
2026-09-22-1923,simplify,RTX,Operations Software Engineering Intern - Summer 2027,Summer 2027,"Burnsville, MN",Other,https://globalhr.wd5.myworkdayjobs.com/rec_rtx_ext_gateway/job/US-MN-BURNSVILLE-WEST--14300-Judicial-Rd--WEST-BLDG/Operations-Software-Engineering-Intern--Summer-2027-_01874620
2026-09-22-1923,simplify,USAA,AI/ML Engineer Intern,Summer 2027,"Plano, TX",Other,https://usaa.wd1.myworkdayjobs.com/en-US/USAAJOBSWD/job/Plano-Legacy/AI-ML-Engineer-Intern_R0121196
2026-09-22-1923,simplify,USAA,Data Scientist Intern,Summer 2027,"Plano, TX",Other,https://usaa.wd1.myworkdayjobs.com/en-US/USAAJOBSWD/job/Plano-Legacy/Data-Scientist-Intern_R0121200
2026-09-22-1923,simplify,Cox,Technical Intern,Summer 2027,"Atlanta, GA",Other,https://cox.wd1.myworkdayjobs.com/Cox_External_Career_Site_1/job/Atlanta-GA/Cox-Conserves-Technical-Intern---Summer-2027_R202682337
2026-09-22-1923,simplify,USAA,Context Developer Modeler,,"San Antonio, TX",Other,https://usaa.wd1.myworkdayjobs.com/en-US/USAAJOBSWD/job/San-Antonio-Home-Office-I/Context-Developer-Modeler_R0121199
2026-09-22-1923,simplify,Stryker,Data Analytics Intern,Summer 2027,"Fort Wayne, IN",Other,https://stryker.wd1.myworkdayjobs.com/StrykerCareers/job/Fort-Wayne-Indiana/Data-Engineering-Intern_R572901
2026-09-22-1923,simplify,William Blair,Application Development Intern - Multiple Teams,,"Chicago, IL",Other,https://www.williamblair.com/Careers/job-description?gh_jid=5242285007
2026-09-22-1923,simplify,Delta Dental,Knowledge Science Intern,Fall 2026,"Okemos, MI",Other,https://rhsc.wd5.myworkdayjobs.com/delta_dental_of_michigan/job/Okemos-MI/Internship---Knowledge-Science_JR101462
2026-09-22-1923,simplify,Procter & Gamble,R&D Intern - AI Research Engineer,Summer 2027; Summer 2026,"Mason, OH",Other,https://pg.wd5.myworkdayjobs.com/1000/job/MASON-BUS-AND-INNOVATION-CTR/R-D-PhD-Summer-Intern---AI-Research-Engineer_R000159371
2026-09-22-1923,zshah,Amazon,Security Engineer Internship – 2027 (US),Summer 2027,"Seattle, Washington, USA",unknown,https://www.amazon.jobs/en/jobs/10557133/security-engineer-internship-2027-us
2026-09-22-1923,zshah,American Express,"Campus Undergraduate Summer Internship Program - 2027 Software Engineer, Enterprise Technology Services- Salt Lake City, UT",Summer 2027,"Salt Lake City, UT, United States",unknown,https://egug.fa.us2.oraclecloud.com/hcmUI/CandidateExperience/en/sites/CX_1/job/26014224
2026-09-22-1923,zshah,Allegion,Summer Intern – Software Operations Engineer,,"Carmel, IN",unknown,https://allegion.wd5.myworkdayjobs.com/careers/job/Carmel-IN/Summer-Intern---Software-Operations-Engineer_JR37722-1
2026-09-22-1923,zshah,Astranis,Software Engineer Backend Intern (Summer 2027),Summer 2027,"San Francisco, CA",citizens-only,https://job-boards.greenhouse.io/astranis/jobs/4705214006
2026-09-22-1923,zshah,Astranis,Software Engineer - Enterprise Systems Intern (Summer 2027),Summer 2027,"San Francisco, CA",citizens-only,https://job-boards.greenhouse.io/astranis/jobs/4705610006
2026-09-22-1923,zshah,Northrop Grumman,2027 Intern - Systems Security/Cybersecurity Engineer,Summer 2027,United States-Florida-Melbourne,citizens-only,https://ngc.wd1.myworkdayjobs.com/Northrop_Grumman_External_Site/job/United-States-Florida-Melbourne/XMLNAME-2027-Intern---Systems-Security-Cybersecurity-Engineer_R10252418
2026-09-22-1923,jobright,Moody's Corporation,Ratings Technology Summer Intern,,"Charlotte, NC, United States",,https://jobright.ai/jobs/info/6ab2bd691e4847ddae9162a3?utm_campaign=1079&utm_source=git
2026-09-22-1923,jobright,AMETEK,"Intern, Junior Python Developer",,"Wayne, NJ, United States",,https://jobright.ai/jobs/info/6ab2ec691508734c1530c8cb?utm_campaign=1079&utm_source=git
2026-09-22-1923,jobright,BMW Group,"Intern, Intelligent Car - Spring 2027 - Summer 2027",,"Mountain View, CA, United States",,https://jobright.ai/jobs/info/6ab2ebe630340229a3230501?utm_campaign=1079&utm_source=git
2026-09-22-1923,jobright,Grow Therapy,Software Engineering Intern (Summer 2027),,"New York, NY, United States",,https://jobright.ai/jobs/info/6ab2ea9a326574570a003ae7?utm_campaign=1079&utm_source=git
2026-09-22-1923,jobright,GuideStone Financial Resources,Summer Intern - Software Developer,,"Dallas, TX, United States",,https://jobright.ai/jobs/info/6ab2a6708254c44790e5649b?utm_campaign=1079&utm_source=git
2026-09-22-1923,jobright,Lean TECHniques,Software Engineer Intern - Hybrid,,"Johnston, IA, United States",,https://jobright.ai/jobs/info/6ab2dfc178c69ff506c40fad?utm_campaign=1079&utm_source=git
2026-09-22-1923,jobright,Entergy,"Student, Intern Information Technology Summer 2027",,"New Orleans, LA, United States",,https://jobright.ai/jobs/info/6ab2b56d326574570a002a9a?utm_campaign=1079&utm_source=git
2026-09-22-1923,jobright,Menasha Corporation,Application & Design Integration Intern,,"Mentor, OH, United States",,https://jobright.ai/jobs/info/6a54c751b361d54aceab72db?utm_campaign=1079&utm_source=git
2026-09-22-1923,jobright,"Mission Technologies, a division of HII",Summer 2027 Internship - Software Engineer (Hybrid) - 30267,,"San Antonio, TX, United States",,https://jobright.ai/jobs/info/6ab2aeb11e4847ddae915bd3?utm_campaign=1079&utm_source=git
2026-09-22-1923,jobright,AIG,"2027 Early Careers: Summer Intern, Technology – United States, Charlotte, NC, Houston, TX, & Jersey City, NJ",,"Charlotte, NC, United States",,https://jobright.ai/jobs/info/6a96f35cb22f636c81414ab4?utm_campaign=1079&utm_source=git
2026-09-22-1923,jobright,Allianz Technology,Summer Intern - 2027,,"Minneapolis, MN, United States",,https://jobright.ai/jobs/info/6ab2f3998254c44790e583c4?utm_campaign=1079&utm_source=git
2026-09-22-1923,applyguy,Symbotic,Intern- Software Engineer,,"USA Wilmington, MA",,https://symbotic.wd504.myworkdayjobs.com/Symbotic/job/USA-Wilmington--MA---HQ/Software-Engineer_R7963
2026-09-22-1923,applyguy,Symbotic,Intern- Data Engineer,,"USA Wilmington, MA",,https://symbotic.wd504.myworkdayjobs.com/Symbotic/job/USA-Wilmington--MA---HQ/Data-Engineer_R7967
2026-09-22-2124,simplify,Capital Group,Data & Technology Summer Associate,Summer 2027,LA,Other,https://capgroup.wd1.myworkdayjobs.com/en-US/capitalgroupcareers/job/Los-Angeles/CAMPUS--Data---Technology-Summer-Associate--Los-Angeles--2027-_JR7382
2026-09-22-2124,simplify,Astranis,Backend Software Engineer Intern - Summer 2027,Summer 2027,SF,Other,https://job-boards.greenhouse.io/astranis/jobs/4705214006
2026-09-22-2124,simplify,The Aerospace Corporation,Software Tools and Assurance Intern - Information Systems and Cyber Division,Summer 2027,"El Segundo, CA",Other,https://aero.wd5.myworkdayjobs.com/external/job/El-Segundo-CA/XMLNAME-2027-Software-Tools-and-Assurance-Intern_R016429
2026-09-22-2124,jobright,Astranis Space Technologies,Flight Software Intern (Winter 2027),,"San Francisco, CA, United States",,https://jobright.ai/jobs/info/6ab30d0d8254c44790e59011?utm_campaign=1079&utm_source=git
2026-09-22-2124,jobright,Astranis Space Technologies,Flight Software Intern (Summer 2027),,San Francisco,,https://jobright.ai/jobs/info/6ab30c0a326574570a004b90?utm_campaign=1079&utm_source=git
2026-09-22-2124,jobright,Enlighten,Summer 2027 Internship - Software Engineer (Hybrid) - 30268,,"Columbia, MD, United States",,https://jobright.ai/jobs/info/6ab3077a326574570a004a16?utm_campaign=1079&utm_source=git
2026-09-22-2124,jobright,Enlighten,Summer 2027 Internship - Software Engineer (Hybrid) - 30267,,"San Antonio, TX, United States",,https://jobright.ai/jobs/info/6ab303e41508734c1530d4f9?utm_campaign=1079&utm_source=git
2026-09-22-2124,jobright,Advanced Energy,Intern - Firmware Engineer - Fall 2026,,"Fort Collins, CO, United States",,https://jobright.ai/jobs/info/6ab2ecde326574570a003b99?utm_campaign=1079&utm_source=git
2026-09-22-2124,jobright,Amtrak,Fall 2026/Spring 2027 - Software Engineering Intern - 90413041 - Washington Job Details / Amtrak,,"Washington, DC, United States",,https://jobright.ai/jobs/info/6aa7b8c242411952ff9ad8ac?utm_campaign=1079&utm_source=git
2026-09-22-2224,jobright,Classifiedy,PHP Developer - Unpaid Internship,,"California, United States",,https://jobright.ai/jobs/info/6ab3240b30340229a3231a41?utm_campaign=1079&utm_source=git
2026-09-22-2224,jobright,Quadric,Deep Learning Compiler Intern,,"Burlingame, CA, United States",,https://jobright.ai/jobs/info/6ab321b81e4847ddae91853f?utm_campaign=1079&utm_source=git
2026-09-22-2224,jobright,Thrive Therapies,Remote - Full-Stack Engineer Intern,,United States,,https://jobright.ai/jobs/info/6ab319ae78c69ff506c42596?utm_campaign=1079&utm_source=git
2026-09-22-2224,jobright,Intrepid Control Systems,Software Intern,,"Troy, MI, United States",,https://jobright.ai/jobs/info/6ab31cb51508734c1530dbcc?utm_campaign=1079&utm_source=git
2026-09-22-2224,applyguy,Astranis,Flight Software Intern (Winter 2027),Winter 2027,"San Francisco, CA",,https://job-boards.greenhouse.io/astranis/jobs/4704595006
2026-09-22-2324,jobright,Hypertherm Associates,Intern,,"Hanover, NH, United States",,https://jobright.ai/jobs/info/6ab2f1d9326574570a003eb8?utm_campaign=1079&utm_source=git
2026-09-22-2324,jobright,Propio Language Services,"Intern, Software Engineering",,"Overland Park, KS, United States",,https://jobright.ai/jobs/info/6ab2df7e30340229a3230284?utm_campaign=1079&utm_source=git
2026-09-22-2324,jobright,"Hakkōda, an IBM Company",Design Engineer Intern 2027 - Design and Build AI-Native Interfaces,,"Yorktown Heights, NY, United States",,https://jobright.ai/jobs/info/6ab33a778254c44790e59959?utm_campaign=1079&utm_source=git
2026-09-22-2324,applyguy,West Bend,Summer 2027 Intern - IT Data Engineer,Summer 2027,"West Bend, WI",,https://careers-thesilverlining.icims.com/jobs/3759/summer-2027-intern---it-data-engineer/job
2026-09-23-0024,zshah,KLA,"Software Engineering Intern (C++, Unix)",,"Milpitas, CA",unknown,https://kla.wd1.myworkdayjobs.com/Search/job/Milpitas-CA/Software-Engineering-Intern--C----Unix-_2641325-1
2026-09-23-0024,zshah,KLA,"Algorithm Engineering Intern (AI, Computer Vision & Software Engineering)",,"Milpitas, CA",unknown,https://kla.wd1.myworkdayjobs.com/Search/job/Milpitas-CA/Algorithm-Engineering-Intern--AI--Computer-Vision---Software-Engineering-_2641392-2
2026-09-23-0024,jobright,Astranis Space Technologies,Software Engineer Backend Intern (Summer 2027),,"San Francisco, CA, United States",,https://jobright.ai/jobs/info/6ab30bdc30340229a323159f?utm_campaign=1079&utm_source=git
2026-09-23-0024,jobright,GenPark,Application Developer Intern,,"Los Angeles, CA, United States",,https://jobright.ai/jobs/info/6ab340311e4847ddae918c24?utm_campaign=1079&utm_source=git
2026-09-23-0923,jobright,Covestro,IT&D Intern,,"Pittsburgh, PA, United States",,https://jobright.ai/jobs/info/6a970e35b22f636c81415950?utm_campaign=1079&utm_source=git
2026-09-23-0923,jobright,Palantir Technologies,"Forward Deployed Software Engineer, Internship - Commercial",,"Chicago, IL, United States",,https://jobright.ai/jobs/info/6a56ce6210c4d945d864c0bb?utm_campaign=1079&utm_source=git
2026-09-23-0923,jobright,Michelin,"Summer 2027 Internship: IT/ IS Greenville, SC",,"Greenville, SC, United States",,https://jobright.ai/jobs/info/6aaa1e5a10b1cd4f41609e94?utm_campaign=1079&utm_source=git
2026-09-23-0923,jobright,Nationwide,Summer 2027 Technology Internship,,"Columbus, OH, United States",,https://jobright.ai/jobs/info/6a96cefbf5337b2cf731e03f?utm_campaign=1079&utm_source=git
2026-09-23-0923,jobright,US Foods,Intern – Technology Strategy & Architecture (Hybrid: Onsite & Remote),,"Rosemont, IL, United States",,https://jobright.ai/jobs/info/6a9eb033a7ba386c5d673327?utm_campaign=1079&utm_source=git
2026-09-23-0923,jobright,Eaton,Firmware Engineer Intern / Co-op,,"Moon Township, PA, United States",,https://jobright.ai/jobs/info/6ab2c05230340229a322f7fd?utm_campaign=1079&utm_source=git
2026-09-23-0923,jobright,Union Home Mortgage Corp.,IT Quality Assurance Intern,,"Strongsville, OH, United States",,https://jobright.ai/jobs/info/6a97563f246d697dcee04fb6?utm_campaign=1079&utm_source=git
2026-09-23-0923,jobright,Hex,Product Engineer Intern,,"San Francisco, CA, United States",,https://jobright.ai/jobs/info/6aa0f6cd3b5aa83237b0b792?utm_campaign=1079&utm_source=git
2026-09-23-0923,jobright,Lynco Products,Full Stack Software Development Intern - Spring or Summer 2027,,"Milan, IL, United States",,https://jobright.ai/jobs/info/6a8dff6a47679c68bf5e60f3?utm_campaign=1079&utm_source=git
2026-09-23-0923,jobright,Logistics Plus Inc.,Internship: Information Technology,,"Erie, PA, United States",,https://jobright.ai/jobs/info/6ab3593e835ccf4a281179e1?utm_campaign=1079&utm_source=git
2026-09-23-0923,jobright,K2 Space Corporation,Simulation Software Engineering Intern - Summer 2027,,"Torrance, CA, United States",,https://jobright.ai/jobs/info/6aa0d339ea127c3794699159?utm_campaign=1079&utm_source=git
2026-09-23-0923,jobright,"Allergan Aesthetics, an AbbVie Company",2027 Business Technology Solutions Intern - Cloud Engineering (Undergraduate),,"Irvine, CA, United States",,https://jobright.ai/jobs/info/6a8e3d1c4b1bf45646962703?utm_campaign=1079&utm_source=git
2026-09-23-1023,simplify,CACI,AI Systems Engineer Intern - Summer 2027,Summer 2027,"Annapolis Junction, MD; Fort Meade, MD",Other,https://caci.wd1.myworkdayjobs.com/external/job/Annapolis-Junction-MD-US/AI-Systems-Engineering-Intern----Summer-2027_332506
2026-09-23-1023,simplify,Excellus BCBS,Software Engineering Intern,Summer 2027,"Rochester, NY; De Witt, NY; Utica, NY; Albany, NY; Binghamton, NY; Buffalo, NY",Other,https://lthc.wd1.myworkdayjobs.com/en-US/ExcellusBCBSCareers/job/Rochester/College-Intern---Summer-2027---Software-Engineering--Multiple-Openings-Available-_JR104022-1
2026-09-23-1023,simplify,Excellus BCBS,College Intern - Mobile Software Engineering Team,Summer 2027,"Rochester, NY; De Witt, NY; Utica, NY; Albany, NY; Binghamton, NY; Buffalo, NY",Other,https://lthc.wd1.myworkdayjobs.com/en-US/ExcellusBCBSCareers/job/Rochester/College-Intern---Summer-2027---Mobile-Software-Engineering-Team_JR104025-3
2026-09-23-1023,simplify,Bedrock Robotics,Evaluation Engineer Intern - Metric Prototyping,Summer 2027,SF,Other,https://jobs.ashbyhq.com/bedrock-robotics/07b55743-d5c4-4347-bfac-000821317b13/application?embed=true
2026-09-23-1023,zshah,Keenfinity,Software Test Automation Co-Op,,"Fairport, NY, United States",unknown,https://jobs.smartrecruiters.com/Keenfinity/744000151395769
2026-09-23-1023,zshah,Northrop Grumman,2027 Software Engineer Intern – Woodland Hills CA,Summer 2027,United States-California-Woodland Hills,citizens-only,https://ngc.wd1.myworkdayjobs.com/Northrop_Grumman_External_Site/job/United-States-California-Woodland-Hills/XMLNAME-2027-Software-Engineer-Intern---Woodland-Hills-CA_R10249359
2026-09-23-1023,zshah,SWBC,Application Security Intern,,"San Antonio, TX",unknown,https://swbc.wd1.myworkdayjobs.com/swbccareers/job/San-Antonio-TX/Application-Security-Intern_R0015572-2
2026-09-23-1023,jobright,GE HealthCare,Information Technology Development Program - Internship,,"Waukesha, WI, United States",,https://jobright.ai/jobs/info/6a96d629d13b4819f39dd2a6?utm_campaign=1079&utm_source=git
2026-09-23-1023,jobright,Union Pacific Railroad,Year Round Intern - Technology,,"Omaha, NE, United States",,https://jobright.ai/jobs/info/6a9703f8d13b4819f39de7f8?utm_campaign=1079&utm_source=git
2026-09-23-1023,jobright,Eaton,Firmware Engineer Internship / Co-op,,"Moon Township, PA, United States",,https://jobright.ai/jobs/info/6a9607b14c22023a07937ad7?utm_campaign=1079&utm_source=git
2026-09-23-1023,jobright,"Lifetime Benefit Solutions, Inc.",College Intern - Summer 2027 - Mobile Software Engineering Team,,"Rochester, MN, United States",,https://jobright.ai/jobs/info/6ab3c0e90e0ae54eeea44a8d?utm_campaign=1079&utm_source=git
2026-09-23-1123,jobright,Genius AI,Engineering Intern (Summer 2027),,"New York, NY, United States",,https://jobright.ai/jobs/info/6a97cdce1e082875c173e93a?utm_campaign=1079&utm_source=git
2026-09-23-1123,jobright,IBM,"Back-End Developer Intern 2027 -Tucson, AZ",,"Tucson, AZ, United States",,https://jobright.ai/jobs/info/6a9e242bdacf777321a90a03?utm_campaign=1079&utm_source=git
2026-09-23-1123,jobright,"Mission Technologies, a division of HII",Summer 2027 Internship - Software Engineer (Hybrid) - 30267 Job Details / HII's Mission Technologies division,,"San Antonio, TX, United States",,https://jobright.ai/jobs/info/6ab3ceb655e9168cf5ea2c94?utm_campaign=1079&utm_source=git
2026-09-23-1123,jobright,Motion,Customer Software Development Intern,,"Birmingham, AL, United States",,https://jobright.ai/jobs/info/6ab3cdca64816213f2d9590d?utm_campaign=1079&utm_source=git
2026-09-23-1123,jobright,tms,Software Engineer Intern Job Details / Morgan Street Holdings,,"Chicago, IL, United States",,https://jobright.ai/jobs/info/6a9a699f6c308f08f89c5d1a?utm_campaign=1079&utm_source=git
2026-09-23-1123,jobright,Clearwater Analytics,Gen AI Intern,,"Seattle, WA, United States",,https://jobright.ai/jobs/info/6a975484e4e60e4b8da5da23?utm_campaign=1079&utm_source=git
2026-09-23-1123,chieler,Stripe,"Integration Reliability Engineer Intern, Technical Operations",,,,https://stripe.com/jobs/search?gh_jid=8186367
2026-09-23-1123,applyguy,West Bend,Summer 2027 IT Internship - Software Engineer,Summer 2027,"West Bend, WI",,https://careers-thesilverlining.icims.com/jobs/3754/summer-2027-it-internship---software-engineer/job
2026-09-23-1123,applyguy,West Bend,Summer 2027 Internship - IT Data Engineer,Summer 2027,"West Bend, WI",,https://careers-thesilverlining.icims.com/jobs/3759/summer-2027-internship---it-data-engineer/job
2026-09-23-1223,jobright,Vermeer Corporation,IT Software Engineer Internship Summer 2027,,"Pella, IA, United States",,https://jobright.ai/jobs/info/6a972a75b22f636c8141639a?utm_campaign=1079&utm_source=git
2026-09-23-1223,jobright,IBM,Back-End Developer Intern 2027 - Austin,,"Austin, TX, United States",,https://jobright.ai/jobs/info/6a9e2417dacf777321a90a01?utm_campaign=1079&utm_source=git
2026-09-23-1223,jobright,Medpace,Software QA Test Engineer Intern - Spring 2027,,"Cincinnati, OH, United States",,https://jobright.ai/jobs/info/6a7a7e58a26ccc369f83e88e?utm_campaign=1079&utm_source=git
2026-09-23-1223,speedyapply,Astranis Space Technologies,Software Engineer - Enterprise Systems Intern - Summer 2027,,"San Francisco, CA",,https://job-boards.greenhouse.io/astranis/jobs/4705610006
2026-09-23-1223,speedyapply,Formlabs,Desktop Software Intern - Winter/Spring 2027,,"Somerville, MA",,https://job-boards.greenhouse.io/formlabsinternships/jobs/8188725
2026-09-23-1223,speedyapply,EMC,Intern - Software Engineering,,"Iowa, USA",,https://emcins.wd5.myworkdayjobs.com/en-US/emc_careers/job/Iowa/Intern---Software-Engineering_R6557-1
2026-09-23-1223,speedyapply,Formlabs,Embedded Software Intern - Summer 2027,,"Somerville, MA",,https://job-boards.greenhouse.io/formlabsinternships/jobs/8222268
2026-09-23-1223,speedyapply,Raytheon,Summer 2027 Software Engineering Intern - Onsite,,"EAST HARTFORD-G, CT",,https://globalhr.wd5.myworkdayjobs.com/en-US/rec_rtx_ext_gateway/job/US-CT-EAST-HARTFORD-G--400-Main-St--BLDG-G/Summer-2027-Software-Engineering-Intern--Onsite-_01873645
2026-09-23-1223,speedyapply,Raytheon,Operations Software Engineering Intern - Summer 2027,,"BURNSVILLE-WEST, MN",,https://globalhr.wd5.myworkdayjobs.com/en-US/rec_rtx_ext_gateway/job/US-MN-BURNSVILLE-WEST--14300-Judicial-Rd--WEST-BLDG/Operations-Software-Engineering-Intern--Summer-2027-_01874620
2026-09-23-1223,speedyapply,Tanium,Cloud Security Intern,,"Durham, NC",,https://job-boards.greenhouse.io/tanium/jobs/8176398
2026-09-23-1223,speedyapply,General Motors,2027 Summer Intern - Digital Product: Embedded and Systems Engineering,,"Warren, MI +2",,https://generalmotors.wd5.myworkdayjobs.com/en-US/careers_gm/job/Warren-Michigan-United-States-of-America/XMLNAME-2027-Summer-Intern---Digital-Product--Embedded-and-Systems-Engineering_JR-202620513
2026-09-23-1223,speedyapply,SRI International,Drexel University Co-op: Embedded Software Engineering,,"Princeton, NJ",,https://careers-sri.icims.com/jobs/6431/drexel-university-co-op%3a-embedded-software-engineering/job
2026-09-23-1223,speedyapply,TD SYNNEX,Summer 2027 Internship Program - Technical - Applied Innovation Track: • Information Technology • Supply Chain • Systems and Cloud • Artificial Intelligence,,"Greenville, SC +1",,https://synnex.wd5.myworkdayjobs.com/en-US/tdsynnexcareers/job/Greenville-SC/Summer-2027-Internship-Program---Technical--Applied-Innovation-Track----Information-Technology---Supply-Chain---Systems-and-Cloud---Artificial-Intelligence_R56571
2026-09-23-1223,speedyapply,Berkley Insurance,Software Developer - .NET Intern,,"Urbandale, IA",,https://careers-berkley.icims.com/jobs/14444/software-developer-%28.net%29-intern/job
2026-09-23-1223,applyguy,lthc,College Intern - Summer 2027 - Mobile Software Engineering Team,Summer 2027,"Rochester, NY",,https://lthc.wd1.myworkdayjobs.com/excellusbcbscareers/job/Rochester/College-Intern---Summer-2027---Mobile-Software-Engineering-Team_JR104025-3
2026-09-23-1223,applyguy,lthc,College Intern - Summer 2027 - Software Testing and Automation,Summer 2027,"Rochester, NY",,https://lthc.wd1.myworkdayjobs.com/excellusbcbscareers/job/Rochester/College-Intern---Summer-2027---Software-Testing-and-Automation_JR104024-2
2026-09-23-1223,applyguy,lthc,College Intern - Summer 2027 - Software Engineering (Multiple Openings Available),Summer 2027,"Rochester, NY",,https://lthc.wd1.myworkdayjobs.com/excellusbcbscareers/job/Rochester/College-Intern---Summer-2027---Software-Engineering--Multiple-Openings-Available-_JR104022-1
2026-09-23-1223,applyguy,Rexa,Software Engineering Intern,,"Middleboro, MA",,https://rexa.bamboohr.com/careers/134
2026-09-23-1323,jobright,Southern Glazer's Wine & Spirits,"2027 Summer Internship Domain (OneTech)- Miramar, FL",,"Miramar, FL, United States",,https://jobright.ai/jobs/info/6ab3ff3fef911c35dffa28da?utm_campaign=1079&utm_source=git
2026-09-23-1323,jobright,HP,Software Internship Roles - HP Solutions (HPS),,"Spring, TX, United States",,https://jobright.ai/jobs/info/6a9b4246d5ff1f3f1c39e78a?utm_campaign=1079&utm_source=git
2026-09-23-1323,jobright,Excellus BCBS,College Intern - Summer 2027 - Software Testing and Automation,,"Rochester, NY, United States",,https://jobright.ai/jobs/info/6ab3d5ecef911c35dffa1bf8?utm_campaign=1079&utm_source=git
2026-09-23-1323,jobright,Qumulo,Software Development Engineer (Seattle) - Internship 2027,,"Seattle, WA, United States",,https://jobright.ai/jobs/info/6ab3fbaaef911c35dffa2672?utm_campaign=1079&utm_source=git
2026-09-23-1323,jobright,Surlamer Investments,Software Engineering Intern,,"Newport Beach, CA, United States",,https://jobright.ai/jobs/info/6ab3faa555e9168cf5ea3807?utm_campaign=1079&utm_source=git
2026-09-23-1323,jobright,Indiana Farm Bureau Insurance,Software Development Intern - Summer 2027,,"Indianapolis, IN, United States",,https://jobright.ai/jobs/info/6ab3faa47bd0813713314c4f?utm_campaign=1079&utm_source=git
2026-09-23-1323,jobright,IBM,Back End Developer Intern 2027 - Dallas,,"Dallas, TX, United States",,https://jobright.ai/jobs/info/6a9e24182c964816f65ebcbb?utm_campaign=1079&utm_source=git
2026-09-23-1323,jobright,Southern Glazer's Wine & Spirits,"2027 Summer Internship QA (OneTech)- Miramar, FL",,"Miramar, FL, United States",,https://jobright.ai/jobs/info/6ab3f82e0e0ae54eeea45964?utm_campaign=1079&utm_source=git
2026-09-23-1323,jobright,IBM,"Back-End Developer Intern 2027 -Houston, TX",,"Houston, TX, United States",,https://jobright.ai/jobs/info/6a9e242d27c94c3d5a1cb56e?utm_campaign=1079&utm_source=git
2026-09-23-1323,jobright,OSI Systems,Quality Assurance Summer Internship 2027 - Chicago (R),,"Chicago, IL, United States",,https://jobright.ai/jobs/info/6ab3f2ecd2f5fbd604be06e9?utm_campaign=1079&utm_source=git
2026-09-23-1323,jobright,tms,Software Engineer Intern,,"Chicago, IL, United States",,https://jobright.ai/jobs/info/6a9738dce4e60e4b8da5cd83?utm_campaign=1079&utm_source=git
2026-09-23-1423,zshah,AXS,"Fall Intern, Data Science (AXS)",,"Los Angeles, CA",no-sponsorship,https://job-boards.greenhouse.io/axs/jobs/8797388002
2026-09-23-1423,zshah,CAE,Weapons Simulation Software Co-Op,,"Arlington, TX",citizens-only,https://cae.wd3.myworkdayjobs.com/career/job/Arlington-TX/Weapons-Simulation-Software-Co-Op_123873
2026-09-23-1423,zshah,General Dynamics Information Technology,GDIT Summer Internship Program – Summer 2027 Software Development Internship,Summer 2027,USA LA Bossier City,citizens-only,https://gdit.wd5.myworkdayjobs.com/gdit_earlytalent/job/USA-LA-Bossier-City/GDIT-Summer-Internship-Program---Summer-2027-Software-Development-Internship_RQ228931-2
2026-09-23-1423,zshah,General Dynamics Information Technology,GDIT Summer Internship Program – Summer 2027 Cybersecurity Associate Internship,Summer 2027,USA LA Bossier City,citizens-only,https://gdit.wd5.myworkdayjobs.com/gdit_earlytalent/job/USA-LA-Bossier-City/GDIT-Summer-Internship-Program---Summer-2027-Cybersecurity-Associate-Internship_RQ228929-2
2026-09-23-1423,zshah,General Dynamics Information Technology,GDIT Summer Internship Program – Summer 2027 AI Network Engineering Internship,Summer 2027,USA LA Bossier City,citizens-only,https://gdit.wd5.myworkdayjobs.com/gdit_earlytalent/job/USA-LA-Bossier-City/GDIT-Summer-Internship-Program---Summer-2027-AI-Network-Engineering-Internship_RQ228934-2
2026-09-23-1423,zshah,General Dynamics Information Technology,GDIT Summer Internship Program – Summer 2027 Generative AI Software Development Internship,Summer 2027,USA LA Bossier City,citizens-only,https://gdit.wd5.myworkdayjobs.com/gdit_earlytalent/job/USA-LA-Bossier-City/GDIT-Summer-Internship-Program---Summer-2027-Generative-AI-Software-Development-Internship_RQ228933-1
2026-09-23-1423,zshah,Insulet Corporation,"Intern, DevOps Engineer: June-August 2027 (Onsite)",Summer 2027,"San Diego, California",unknown,https://insulet.wd5.myworkdayjobs.com/insuletcareers/job/San-Diego-California/Intern--DevOps-Engineer--June-August-2027--Onsite-_REQ-2026-18202
2026-09-23-1423,zshah,Klaviyo,Machine Learning Engineer Internship-Summer 2027,Summer 2027,"Palo Alto, CA",unknown,https://job-boards.greenhouse.io/klaviyocampus/jobs/7999274003
2026-09-23-1423,zshah,Axon,2027 US Software Engineering Internship,Summer 2027,"Seattle, Washington, United States",unknown,https://job-boards.greenhouse.io/axontalentcommunity/jobs/7837133003
2026-09-23-1423,applyguy,Microsoft,Software Engineer: Intern Opportunity for University Students,,"United States, California, Mountain View",,https://apply.careers.microsoft.com/careers/job/1970393557004819
2026-09-23-1524,jobright,"Lifetime Benefit Solutions, Inc.",College Intern - Summer 2027 - Software Engineering (Multiple Openings Available),,"DeWitt, NY, United States",,https://jobright.ai/jobs/info/6ab40cdb7bd08137133156ab?utm_campaign=1079&utm_source=git
2026-09-23-1524,jobright,Excellus BCBS,College Intern - Summer 2027 - Software Engineering (Multiple Openings Available),,"Utica, NY, United States",,https://jobright.ai/jobs/info/6ab40cbeef911c35dffa3053?utm_campaign=1079&utm_source=git
2026-09-23-1524,jobright,Ticket Tree,Mobile Product Engineer Intern (React Native),,"Boston, MA, United States",,https://jobright.ai/jobs/info/6ab40b1364816213f2d96e2d?utm_campaign=1079&utm_source=git
2026-09-23-1524,jobright,Indiana Farm Bureau Insurance,Application Development Intern - Summer 2027,,"Indianapolis, IN, United States",,https://jobright.ai/jobs/info/6ab3fa8ed2f5fbd604be0927?utm_campaign=1079&utm_source=git
2026-09-23-1524,jobright,State Farm,Summer 2027 Intern - HR&D - Software Developer,,"Bloomington, IL, United States",,https://jobright.ai/jobs/info/6ab4060ad2f5fbd604be1033?utm_campaign=1079&utm_source=git
2026-09-23-1524,jobright,SRC,Software Engineer (Intern - Summer 2027),,"Fairborn, OH, United States",,https://jobright.ai/jobs/info/6a96c047455eaf6a08c1874c?utm_campaign=1079&utm_source=git
2026-09-23-1524,jobright,Excellus BCBS,College Intern - Summer 2027 - Mobile Software Engineering Team,,"Rochester, NY, United States",,https://jobright.ai/jobs/info/6ab3d5f764816213f2d95ace?utm_campaign=1079&utm_source=git
2026-09-23-1524,jobright,Stellantis,2027 Business Software Internship,,"Auburn Hills, MI, United States",,https://jobright.ai/jobs/info/6a96ff9dd13b4819f39de4f5?utm_campaign=1079&utm_source=git
2026-09-23-1524,jobright,"Lifetime Benefit Solutions, Inc.",College Intern - Summer 2027 - Software Testing and Automation,,"Rochester, United States of America",,https://jobright.ai/jobs/info/6ab3c0c064816213f2d95560?utm_campaign=1079&utm_source=git
2026-09-23-1524,jobright,IBM,"Cloud Developer Intern - Network - Austin, TX - 2027",,"Austin, TX, United States",,https://jobright.ai/jobs/info/6a9e24ff68f82b4036738c07?utm_campaign=1079&utm_source=git
2026-09-23-1624,jobright,Armadin,"Frontend Engineer, Internship",,"Palo Alto, CA, United States",,https://jobright.ai/jobs/info/6a979040455eaf6a08c1d14d?utm_campaign=1079&utm_source=git
2026-09-23-1624,jobright,Oceaneering,ROV Software Intern,,"Austin, TX, United States",,https://jobright.ai/jobs/info/6ab412d47bd0813713315936?utm_campaign=1079&utm_source=git
2026-09-23-1624,jobright,Univera Healthcare,College Intern - Summer 2027 - Software Engineering (Multiple Openings Available),,"Rochester, NY, United States",,https://jobright.ai/jobs/info/6ab3f34e64816213f2d9627b?utm_campaign=1079&utm_source=git
2026-09-23-1624,jobright,Oceaneering,C++ Software Intern,,"Austin, TX, United States",,https://jobright.ai/jobs/info/6ab412dc7bd081371331593c?utm_campaign=1079&utm_source=git
2026-09-23-1624,jobright,Elevated Web Design,Startup Software Engineering Internship,,United States,,https://jobright.ai/jobs/info/6ab411e37bd08137133158de?utm_campaign=1079&utm_source=git
2026-09-23-1624,jobright,Regal Rexnord,Information Technology Summer Intern,,"Grafton, WI, United States",,https://jobright.ai/jobs/info/6a970421246d697dcee02c94?utm_campaign=1079&utm_source=git
2026-09-23-1724,jobright,Wellington Management,Technology Undergraduate Summer Internship,,"Boston, MA, United States",,https://jobright.ai/jobs/info/6aa2ef38dc6eda1eafd324f8?utm_campaign=1079&utm_source=git
2026-09-23-1724,jobright,Pilot Company,"Program Intern, Applications Development",,"Knoxville, TN, United States",,https://jobright.ai/jobs/info/6ab42e0e64816213f2d97ade?utm_campaign=1079&utm_source=git
2026-09-23-1724,jobright,ZipRecruiter,Software Engineer - Intern,,"Santa Monica, CA, United States",,https://jobright.ai/jobs/info/6ab426190e0ae54eeea46e6d?utm_campaign=1079&utm_source=git
2026-09-23-1724,jobright,"Sonos, Inc.",Software Engineering Co-op (Cloud),,"Boston, MA, United States",,https://jobright.ai/jobs/info/6ab419f40e0ae54eeea46a56?utm_campaign=1079&utm_source=git
2026-09-23-1724,applyguy,West Bend,Summer 2027 Internship - IT Software Engineer,Summer 2027,"West Bend, WI",,https://careers-thesilverlining.icims.com/jobs/3759/summer-2027-internship---it-software-engineer/job
2026-09-23-1724,applyguy,Hypertherm,Firmware Developer - Internship,,"Hanover, NH",,https://hypertherm.wd503.myworkdayjobs.com/hypertherm-careers/job/Hanover-NH/Intern_R4100
2026-09-23-1823,simplify,Axon,Software Engineer Intern,Summer 2027,"Boston, MA; Seattle, WA",Other,https://job-boards.greenhouse.io/axontalentcommunity/jobs/7837133003
2026-09-23-1823,simplify,West Bend Insurance,Data Scientist Intern,Summer 2027,"Madison, WI; West Bend, WI",Other,https://careers-thesilverlining.icims.com/jobs/3785/job?mobile=true&needsRedirect=false
2026-09-23-1823,simplify,West Bend Insurance,Data Solution Engineer Intern,Summer 2027,"Madison, WI; West Bend, WI",Other,https://careers-thesilverlining.icims.com/jobs/3786/job?mobile=true&needsRedirect=false
2026-09-23-1823,simplify,State Farm,Software Developer Intern - HR&D,Summer 2027,"Tempe, AZ; Dunwoody, GA; Richardson, TX; Bloomington, IL",Other,https://jobs.statefarm.com/jobs/45689?icims=1
2026-09-23-1823,simplify,Jabil,Data Engineer Intern,Summer 2027,"Tampa, FL; St. Petersburg, FL",Other,https://jabil.wd5.myworkdayjobs.com/Jabil_Careers/job/St-PetersburgTampa-FL/Data-Engineering-Intern_J2465581
2026-09-23-1823,simplify,TC Energy,Work Management Capabilities & Platforms Intern,Summer 2027,"Houston, TX",Other,https://tcenergy.wd3.myworkdayjobs.com/CAREER_SITE_TC/job/Houston-Texas/Intern--Work-Management-Capabilities---Platforms_JR-10951
2026-09-23-1823,simplify,Qumulo,Software Development Engineer Intern,Winter 2027; Spring 2027; Summer 2027,"Seattle, WA",Other,https://jobs.ashbyhq.com/qumulo/43855947-3a85-4d1c-8b8e-e0c0ddcaf183/application?embed=true
2026-09-23-1823,simplify,General Dynamics Information Technology,AI Network Engineering Intern,Summer 2027,"Bossier City, LA",Other,https://gdit.wd5.myworkdayjobs.com/gdit_earlytalent/job/USA-LA-Bossier-City/GDIT-Summer-Internship-Program---Summer-2027-AI-Network-Engineering-Internship_RQ228934-2
2026-09-23-1823,simplify,General Dynamics Information Technology,Generative AI Software Development Intern,Summer 2027,"Bossier City, LA",Other,https://gdit.wd5.myworkdayjobs.com/gdit_earlytalent/job/USA-LA-Bossier-City/GDIT-Summer-Internship-Program---Summer-2027-Generative-AI-Software-Development-Internship_RQ228933-1
2026-09-23-1823,zshah,Klaviyo,AI Engineer Intern,,"Boston, MA",unknown,https://job-boards.greenhouse.io/klaviyocampus/jobs/8003260003
2026-09-23-1823,jobright,RTX,Test Engineering Co-Op (Summer/Fall 2027),,"Melbourne, FL, United States",,https://jobright.ai/jobs/info/6ab41e8164816213f2d97654?utm_campaign=1079&utm_source=git
2026-09-23-1823,jobright,SeatGeek,Software Engineer - Internship,,"New York, NY, United States",,https://jobright.ai/jobs/info/6ab43f12ef911c35dffa42b7?utm_campaign=1079&utm_source=git
2026-09-23-1823,jobright,General Dynamics,Intern Engineer,,"Pittsfield, MA, United States",,https://jobright.ai/jobs/info/6aa19dcfef23570cae2451c8?utm_campaign=1079&utm_source=git
2026-09-23-1823,jobright,Georgia Tech Research Institute,Student Intern - Software Developer - Spring 2027 - ASL,,"Huntsville, AL, United States",,https://jobright.ai/jobs/info/6ab43c4e0e0ae54eeea47617?utm_campaign=1079&utm_source=git
2026-09-23-1823,jobright,USAA,Infrastructure Engineer Intern,,"San Antonio, TX, United States",,https://jobright.ai/jobs/info/6ab309e030340229a3231517?utm_campaign=1079&utm_source=git
2026-09-23-1823,jobright,Univera Healthcare,College Intern - Summer 2027 - Mobile Software Engineering Team,,"Rochester, NY, United States",,https://jobright.ai/jobs/info/6ab3f3a97bd0813713314a56?utm_campaign=1079&utm_source=git
2026-09-23-2023,zshah,Ramp,"Software Engineer Internship, Frontend",,"New York, NY (HQ)",unknown,https://jobs.ashbyhq.com/ramp/a13ae586-f4cb-4385-8822-c42b9b54ed74
2026-09-23-2023,zshah,Ramp,"Software Engineering Intern, Android",,"New York, NY (HQ)",unknown,https://jobs.ashbyhq.com/ramp/fcf118cc-521a-4a62-9d13-945e5b6e3cb8
2026-09-23-2023,zshah,Sierra Nevada Corporation,Software Engineer I (For 2026 Interns Only),Fall 2026,"Plano, TX",citizens-only,https://snc.wd1.myworkdayjobs.com/snc_external_career_site/job/Plano-TX/Software-Engineer-I--For-2026-Interns-Only-_R0030584
2026-09-23-2023,jobright,SAIC,Intern Technical I,,"Virginia, United States",,https://jobright.ai/jobs/info/6ab44831ef911c35dffa46a1?utm_campaign=1079&utm_source=git
2026-09-23-2023,jobright,WD,Summer 2027 Intern - Software Engineering,,"Colorado Springs, CO, United States",,https://jobright.ai/jobs/info/6a7cd1d6d77e8156a8e34665?utm_campaign=1079&utm_source=git
2026-09-23-2023,jobright,Univera Healthcare,College Intern - Summer 2027 - Software Testing and Automation,,"Rochester, NY, United States",,https://jobright.ai/jobs/info/6ab3f36a0e0ae54eeea45816?utm_campaign=1079&utm_source=git
2026-09-23-2124,jobright,Ascend Learning,Intern - Software Engineering,,"Leawood, KS, United States",,https://jobright.ai/jobs/info/6ab4399d55e9168cf5ea51fd?utm_campaign=1079&utm_source=git
2026-09-23-2224,jobright,TC Energy,"Intern, Work Management Capabilities & Platforms",,"Houston, TX, United States",,https://jobright.ai/jobs/info/6ab44ece64816213f2d987f9?utm_campaign=1079&utm_source=git
2026-09-23-2224,jobright,Pilot Flying J,"Program Intern, Applications Development",,"Knoxville, TN 37909, United States",,https://jobright.ai/jobs/info/6aa1a7f8500b01124c77e3a1?utm_campaign=1079&utm_source=git
2026-09-23-2324,applyguy,RTX,Summer 2027 Software Engineering Intern (Onsite),Summer 2027,"East Hartford, CT",,https://globalhr.wd5.myworkdayjobs.com/rec_rtx_ext_gateway/job/US-CT-EAST-HARTFORD-G--400-Main-St--BLDG-G/Summer-2027-Software-Engineering-Intern--Onsite-_01873645
2026-09-24-0025,jobright,Tesla,"Internship, Software Engineer Industrial Firmware, Energy Engineering (Winter/Spring 2027)",,"Palo Alto, CA, United States",,https://jobright.ai/jobs/info/6ab4818bef911c35dffa56c6?utm_campaign=1079&utm_source=git
2026-09-24-0025,applyguy,Ramp,"Software Engineering Intern, iOS",,"New York City, NY (HQ)",,https://jobs.ashbyhq.com/ramp/b66be397-240b-41a6-9b05-493299b270a9
2026-09-24-1324,simplify,Enterprise Holdings,Data Engineer Intern - IT,Summer 2027,"St. Louis, MO",Other,https://us-erac.icims.com/jobs/567651/job?mobile=true&needsRedirect=false
2026-09-24-1324,simplify,Arconic,Software Developer Intern,Summer 2027; Spring 2028; Summer 2028; Spring 2029; Summer 2029,"Davenport, IA",Other,https://hdnn.fa.us6.oraclecloud.com/hcmUI/CandidateExperience/en/sites/CX/job/114233
2026-09-24-1324,zshah,ABB,IS Common Infrastructure Intern- Summer 2027,Summer 2027,"USA, NC, Cary",no-sponsorship,https://abb.wd3.myworkdayjobs.com/external_career_page/job/USA-NC-Cary/IS-Common-Infrastructure-Intern--Summer-2027_JR00047125
2026-09-24-1324,zshah,C.H. Robinson,Cyber Security Internship 2027,Summer 2027,"Eden Prairie, MN United States of America",unknown,https://chrobinson.wd5.myworkdayjobs.com/CHRobinson/job/Eden-Prairie-MN-United-States-of-America/Security-Internship-2027_R49322
2026-09-24-1324,zshah,Major League Baseball,"Software Engineer Intern, Baseball Systems",,"Cleveland, Ohio, United States",unknown,https://job-boards.greenhouse.io/clevelandguardiansbops/jobs/8827470002
2026-09-24-1324,zshah,Haigroup,Software Development Intern,,"Cheshire, CT",unknown,https://job-boards.greenhouse.io/haigroup/jobs/4409386009
2026-09-24-1324,zshah,Formlabsinternships,Embedded Software Intern (Summer 2027),Summer 2027,"Somerville, MA",unknown,https://job-boards.greenhouse.io/formlabsinternships/jobs/8222268
2026-09-24-1324,zshah,Zekelman Industries,AI Intern,Summer 2027,"Wheatland, PA - Council Ave",unknown,https://zekelman.wd12.myworkdayjobs.com/Careers/job/Wheatland-PA---Council-Ave/AI-Intern_JR002752
2026-09-24-1324,jobright,Builders FirstSource,IT Internship - Remote (Summer 2027),,"Irving, TX, United States",,https://jobright.ai/jobs/info/6a984be6af954907d65726d7?utm_campaign=1079&utm_source=git
2026-09-24-1324,jobright,Cisco,Software Engineer Full Stack / Backend II (Intern) – United States,,"San Jose, CA, United States",,https://jobright.ai/jobs/info/6ab538ee9d4843569fe487d1?utm_campaign=1079&utm_source=git
2026-09-24-1324,jobright,Viasat,Software Engineer,,"Duluth, GA, United States",,https://jobright.ai/jobs/info/6ab51991b3db59402d0faeb4?utm_campaign=1079&utm_source=git
2026-09-24-1324,jobright,IBM,Software Developer Intern 2027,,"Lowell, Massachusetts, United States",,https://jobright.ai/jobs/info/6a9e396468f82b4036738f88?utm_campaign=1079&utm_source=git
2026-09-24-1324,jobright,Elevated Web Design,Systems Software Engineering Internship,,United States,,https://jobright.ai/jobs/info/6ab543e6c6fe0dec811a008e?utm_campaign=1079&utm_source=git
2026-09-24-1324,jobright,ModMed,Software Engineer Intern,,"Boca Raton, FL, United States",,https://jobright.ai/jobs/info/6ab542a44873fd3fd8528726?utm_campaign=1079&utm_source=git
2026-09-24-1324,jobright,IBM,"Cloud Developer Intern - Storage - Austin, TX - 2027",,"Austin, TX, United States",,https://jobright.ai/jobs/info/6a9e250f68f82b4036738c08?utm_campaign=1079&utm_source=git
2026-09-24-1324,jobright,Hyliion,"Engineering Intern, Full Stack Software",,"Austin, TX, United States",,https://jobright.ai/jobs/info/6ab54000c6fe0dec8119ff26?utm_campaign=1079&utm_source=git
2026-09-24-1324,jobright,IPConfigure Inc.,Quality Assurance (QA) Intern for Browser-based Video Surveillance System,,"Norfolk, VA, United States",,https://jobright.ai/jobs/info/6ab53758b3db59402d0fb644?utm_campaign=1079&utm_source=git
2026-09-24-1324,jobright,SAP,SAP iXp Intern - Full-Stack AI Developer,,"Palo Alto, CA, United States",,https://jobright.ai/jobs/info/6ab4730b55e9168cf5ea66ae?utm_campaign=1079&utm_source=git
2026-09-24-1324,jobright,Bechtel Corporation,2027 Student Internship (U.S.) - Information & Digital,,United States,,https://jobright.ai/jobs/info/6ab535c7c6fe0dec8119fc71?utm_campaign=1079&utm_source=git
2026-09-24-1324,jobright,Watchfire,Intern Software Engineering,,"Danville, IL, United States",,https://jobright.ai/jobs/info/6a9884dbc8ed473c5c76480a?utm_campaign=1079&utm_source=git
2026-09-24-1324,jobright,Allied Solutions LLC,Software Engineering Intern,,"Carmel, IN, United States",,https://jobright.ai/jobs/info/6a987d5f83fc633357631cd6?utm_campaign=1079&utm_source=git
2026-09-24-1324,jobright,KaarTech,Intern,,"Chicago, IL, United States",,https://jobright.ai/jobs/info/6ab502114873fd3fd8527967?utm_campaign=1079&utm_source=git
2026-09-24-1324,jobright,Advisors Excel,Web Development Intern,,"Topeka, KS, United States",,https://jobright.ai/jobs/info/6a7cde9383621355407ac5e4?utm_campaign=1079&utm_source=git
2026-09-24-1324,jobright,Bobcat Company,Embedded Software Engineer Student Experience - Spring 2027,,"Bismarck, ND, United States",,https://jobright.ai/jobs/info/6ab4e9c42dd8a22b0fefd809?utm_campaign=1079&utm_source=git
2026-09-24-1324,jobright,Leonardo DRS,"Spring 2027 Software Engineering Intern Job Details / Leonardo DRS, Inc.",,"Beavercreek, OH, United States",,https://jobright.ai/jobs/info/6ab4e7ae998dd2bfaf85350b?utm_campaign=1079&utm_source=git
2026-09-24-1324,jobright,Reader Precision Solutions,Software Engineering Intern- Summer 2027,,"Elkhorn, WI, United States",,https://jobright.ai/jobs/info/6ab51bd2634ec6aa7c0cd2f1?utm_campaign=1079&utm_source=git
2026-09-24-1324,jobright,Ciena,WaveLogic Software Intern Spring 2027,,"Atlanta, GA, United States",,https://jobright.ai/jobs/info/6ab53552634ec6aa7c0cd96f?utm_campaign=1079&utm_source=git
2026-09-24-1324,speedyapply,GDIT,GDIT Summer Internship Program - Summer 2027 Generative AI Software Development Internship,,"Bossier City, LA",,https://gdit.wd5.myworkdayjobs.com/en-US/gdit_earlytalent/job/USA-LA-Bossier-City/GDIT-Summer-Internship-Program---Summer-2027-Generative-AI-Software-Development-Internship_RQ228933-1
2026-09-24-1324,speedyapply,GDIT,GDIT Summer Internship Program - Summer 2027 Software Development Internship,,"Bossier City, LA",,https://gdit.wd5.myworkdayjobs.com/en-US/gdit_earlytalent/job/USA-LA-Bossier-City/GDIT-Summer-Internship-Program---Summer-2027-Software-Development-Internship_RQ228931-2
2026-09-24-1324,speedyapply,Johnson & Johnson,Heart Recovery Software R&D Co-Op,,"Maryland City, MD",,https://jj.wd5.myworkdayjobs.com/en-US/jj/job/Halethorpe-Maryland-United-States-of-America/Heart-Recovery-Software-R-D-Co-Op_R-101393
2026-09-24-1324,speedyapply,Johnson & Johnson,Software Test Engineering Co-op - RLM,,"Danvers, MA",,https://jj.wd5.myworkdayjobs.com/en-US/jj/job/Danvers-Massachusetts-United-States-of-America/Software-Test-Engineering-Co-op--RLM-_R-098669
2026-09-24-1324,speedyapply,Johnson & Johnson,Software Test Engineering Co-op - Beatbox,,"Danvers, MA",,https://jj.wd5.myworkdayjobs.com/en-US/jj/job/Danvers-Massachusetts-United-States-of-America/Software-Test-Engineering-Co-op--Beatbox-_R-098707
2026-09-24-1324,speedyapply,Gordon Food Service Canada,Software Engineer Internship,,"Wyoming, MI",,https://gfs.wd5.myworkdayjobs.com/en-US/usjobs-gen-gfs/job/Wyoming-Michigan/Software-Engineer-Internship_R-57377
2026-09-24-1324,speedyapply,Gordon Food Service Canada,Software Engineer Intern - Low Code,,"Wyoming, MI",,https://gfs.wd5.myworkdayjobs.com/en-US/usjobs-gen-gfs/job/Wyoming-Michigan/Software-Engineer-Intern--Low-Code-_R-57375
2026-09-24-1324,speedyapply,Gordon Food Service Canada,Cloud DevOps Internship,,"Atlanta, GA",,https://gfs.wd5.myworkdayjobs.com/en-US/usjobs-gen-gfs/job/Atlanta-Georgia/Cloud-DevOps-Internship_R-57259
2026-09-24-1324,applyguy,Ciena,WaveLogic Software Intern (Summer 2027),Summer 2027,"Atlanta, GA",,https://ciena.wd5.myworkdayjobs.com/careers/job/Atlanta/WaveLogic-Software-Intern--Summer-2027-_R031695
2026-09-24-1423,jobright,Chicago Venture Partners,Full-Stack Software Engineer Intern - Summer 2027,,"Chicago, IL, United States",,https://jobright.ai/jobs/info/6ab553b6d85922de20ce0771?utm_campaign=1079&utm_source=git
2026-09-24-1423,jobright,SAP,SAP iXp Intern - Full Stack Developer,,"Newtown Square, Pennsylvania, United States",,https://jobright.ai/jobs/info/6ab553634873fd3fd8528e8e?utm_campaign=1079&utm_source=git
2026-09-24-1423,jobright,Boston Scientific,R&D Software Engineer Intern,,"Arden Hills, MN, United States",,https://jobright.ai/jobs/info/6ab557a74873fd3fd85290fa?utm_campaign=1079&utm_source=git
2026-09-24-1423,jobright,Bobcat Company,Embedded Software Engineer Student Experience - Summer 2027,,"Bismarck, ND, United States",,https://jobright.ai/jobs/info/6ab557bd4873fd3fd852910c?utm_campaign=1079&utm_source=git
2026-09-24-1824,simplify,ByteDance,Student Researcher - Large Language Model,,"San Jose, CA",Other,https://jobs.bytedance.com/en/position/7623541709721307445/detail
2026-09-24-1824,simplify,Astranis,Software Developer Associate - Network Software,,SF,Other,https://job-boards.greenhouse.io/astranis/jobs/4705617006
2026-09-24-1824,simplify,Astranis,Network Software Intern,Summer 2027,SF,Other,https://job-boards.greenhouse.io/astranis/jobs/4705597006
2026-09-24-1824,simplify,Astranis,Software Developer – Network Software Intern,Winter 2027,SF,Other,https://job-boards.greenhouse.io/astranis/jobs/4705599006
2026-09-24-1824,simplify,Mill,Computer Vision Intern - Multiple Teams,,"San Bruno, CA",Other,https://job-boards.greenhouse.io/mill/jobs/4737741005
2026-09-24-1824,simplify,Motorola,CPE Software End-to-End Triage Intern - Summer 2027,Summer 2027,"Plantation, FL",Other,https://motorolasolutions.wd5.myworkdayjobs.com/Careers/job/Plantation-FL/CPE-SW-E2E-Triage-Intern---Summer-2027_R68165
2026-09-24-1824,simplify,Biogen,Data Science Co-op,Winter 2027; Spring 2027,Remote in USA,Other,https://biibhr.wd3.myworkdayjobs.com/external/job/Remote-USA/Co-op--Data-Science_REQ24211
2026-09-24-1824,simplify,Motorola,Software Engineer Intern - Summer 2027,Summer 2027,"Plantation, FL",Other,https://motorolasolutions.wd5.myworkdayjobs.com/Careers/job/Plantation-FL/Software-Engineering-Intern---Summer-2027_R69136
2026-09-24-1824,simplify,Genesis Molecular AI,Software Engineer Intern,Summer 2027,"San Mateo, CA; NYC",Other,https://jobs.ashbyhq.com/genesis-molecular-ai/44e3cbdc-949c-426e-a80a-b41c73ad6a99/application?embed=true
2026-09-24-1824,simplify,Genesis Molecular AI,Machine Learning Research Intern,Summer 2027,SF; NYC,Other,https://jobs.ashbyhq.com/genesis-molecular-ai/42fc0631-3f81-481a-b496-daa875c9e92e/application?embed=true
2026-09-24-1824,simplify,NCR Voyix,Software Engineer Fellow,,Florida,Other,https://ncr.wd1.myworkdayjobs.com/ext_us/job/FLORIDA-VIRTUAL-USA/Software-Engineer-Fellow_R0158700
2026-09-24-1824,simplify,Notion,Mobile Software Engineer Intern,Winter 2027,SF; NYC,Other,https://jobs.ashbyhq.com/notion/2b587e66-deac-421a-a824-9415ba78b5a7/application?embed=true
2026-09-24-1824,simplify,Boston Scientific,Software Development Engineer Intern,Summer 2027,"Waltham, MA",Other,https://bostonscientific.eightfold.ai/careers/job/563602813567960
2026-09-24-1824,simplify,Boston Scientific,Software Development Engineer Co-op,Summer 2027,"Waltham, MA",Other,https://bostonscientific.eightfold.ai/careers/job/563602813567963
2026-09-24-1824,simplify,Boston Scientific,Software Engineer Intern - R&D,Summer 2027,"Arden Hills, MN",Other,https://bostonscientific.eightfold.ai/careers/job/563602813542900
2026-09-24-1824,simplify,Lazard,AI and Data Transformation Intern,Summer 2027,NYC,Other,https://icbpjb.fa.ocs.oraclecloud.com/hcmUI/CandidateExperience/en/sites/LazardProfessionalCareers/job/6650
2026-09-24-1824,simplify,Radiance Technologies,Software Engineer Intern,Spring 2027; Summer 2027,"Dayton, OH",Other,https://radiancetech.wd12.myworkdayjobs.com/Radiance_External/job/Dayton-Office/Software-Engineer-Intern-Spring-Summer-2027_HR102442
2026-09-24-1824,zshah,GM financial,Intern - Data Engineer,,"Arlington, TX, United States",unknown,https://fa-exvu-saasfaprod1.fa.ocs.oraclecloud.com/hcmUI/CandidateExperience/en/sites/CX_1/job/260821
2026-09-24-1824,zshah,Ameren,"Intern (Robotics, AI, OT, Software development)",,"St. Louis, MO",unknown,https://ameren.wd1.myworkdayjobs.com/External/job/St-Louis-MO/Intern--Robotics--AI--OT--Software-development-_033945-1
2026-09-24-1824,zshah,Merck,2027 Future Talent Program - Data Science - Intern,Summer 2027,USA - Pennsylvania - West Point,no-sponsorship,https://msd.wd5.myworkdayjobs.com/searchjobs/job/USA---Pennsylvania---West-Point/XMLNAME-2027-Future-Talent-Program---Data-Science---Intern_R413312
2026-09-24-1824,jobright,Notion,"Software Engineer Intern, Mobile (Winter 2027)",,"San Francisco, CA, United States",,https://jobright.ai/jobs/info/6ab5833cb3db59402d0fd10e?utm_campaign=1079&utm_source=git
2026-09-24-1824,jobright,Astranis Space Technologies,"Software Developer, Network Software Intern (Winter 2027)",,"San Francisco, CA, United States",,https://jobright.ai/jobs/info/6ab57afeb3db59402d0fcdee?utm_campaign=1079&utm_source=git
2026-09-24-1824,jobright,"Geospatial Consulting Group International, LLC (geocgi)",Application Developer Intern (Remote),,United States,,https://jobright.ai/jobs/info/6ab5900cc6fe0dec811a20a1?utm_campaign=1079&utm_source=git
2026-09-24-1824,jobright,Ramp,"Software Engineering Intern, Backend",,"New York, NY, United States",,https://jobright.ai/jobs/info/6ab4719f7bd0813713317a30?utm_campaign=1079&utm_source=git
2026-09-24-1824,jobright,MKS Inc.,2027 Summer Software Engineer Co-op (R22724),,"Andover, MA, United States",,https://jobright.ai/jobs/info/6ab58e2d634ec6aa7c0cfce2?utm_campaign=1079&utm_source=git
2026-09-24-1824,jobright,Palantir Technologies,"Forward Deployed Software Engineer, Internship - US Government",,"Washington, D.C., United States",,https://jobright.ai/jobs/info/6a5529bc4119652ff3863bb6?utm_campaign=1079&utm_source=git
2026-09-24-1824,jobright,Georgia Tech Research Institute,Undergraduate Software Intern - Spring 2027 - ELSYS,,"Warner Robins, GA, United States",,https://jobright.ai/jobs/info/6ab58cda4873fd3fd852a643?utm_campaign=1079&utm_source=git
2026-09-24-1824,jobright,89.5 WNIJ & 90.5 WNIU,Web Development Internship,,"DeKalb, IL, United States",,https://jobright.ai/jobs/info/6ab58974d85922de20ce1c1c?utm_campaign=1079&utm_source=git
2026-09-24-1824,jobright,NCCI,IT Infrastructure Internship,,"Boca Raton, FL, United States",,https://jobright.ai/jobs/info/6a9ae6799c24314c35f95c44?utm_campaign=1079&utm_source=git
2026-09-24-1824,jobright,Belanger Laminates,Software Development Intern,,"Holstein, IA, United States",,https://jobright.ai/jobs/info/6ab5852a9d4843569fe4a31e?utm_campaign=1079&utm_source=git
2026-09-24-1824,jobright,DRW,Spring 2027 City Scholars Software Developer Intern,,"Chicago, IL, United States",,https://jobright.ai/jobs/info/6ab57a88c6fe0dec811a13eb?utm_campaign=1079&utm_source=git
2026-09-24-1824,jobright,Boston Scientific,Software Test Engineer Intern,,"Waltham, MA, United States",,https://jobright.ai/jobs/info/6ab53556b3db59402d0fb542?utm_campaign=1079&utm_source=git
2026-09-24-1824,jobright,Impulse Space,Software Infrastructure and Release Intern (Summer 2027),,"Redondo Beach, CA, United States",,https://jobright.ai/jobs/info/6aa3e4a6f3aa936e2cdae804?utm_campaign=1079&utm_source=git
2026-09-24-1824,jobright,Women of the Vine & Spirits,"2027 Summer Internship QA (OneTech)- Miramar, FL",,"Miramar, FL, United States",,https://jobright.ai/jobs/info/6ab573eb4873fd3fd8529a62?utm_campaign=1079&utm_source=git
2026-09-24-1824,jobright,Indeed,Intern - Software Engineer 1 (Hourly),,"Austin, TX, United States",,https://jobright.ai/jobs/info/6ab57244c6fe0dec811a11d9?utm_campaign=1079&utm_source=git
2026-09-24-1824,jobright,VT Industries,Software Development Intern,,"Holstein, IA, United States",,https://jobright.ai/jobs/info/6ab56ae19d4843569fe4992b?utm_campaign=1079&utm_source=git
2026-09-24-1824,jobright,Etched,Chip Simulation Software Intern,,"San Jose, CA, United States",,https://jobright.ai/jobs/info/6a52f6b2e726ec56126a5280?utm_campaign=1079&utm_source=git
2026-09-24-1824,jobright,Nutanix,MTS Intern - AI,,"San Jose, CA, United States",,https://jobright.ai/jobs/info/6ab56704b3db59402d0fc6f8?utm_campaign=1079&utm_source=git
2026-09-24-1824,jobright,BAE Systems,"Software Engineering Intern III, Summer 2027 (Onsite)",,"San Diego, CA, United States",,https://jobright.ai/jobs/info/6aab280f4be87a72913a388d?utm_campaign=1079&utm_source=git
2026-09-24-1824,jobright,Arconic,Digital Solutions Intern,,"Pittsburgh, PA, United States",,https://jobright.ai/jobs/info/6a9964c9138838706058dab9?utm_campaign=1079&utm_source=git
2026-09-24-1824,jobright,Samsung Research America (SRA),"2026 Fall Intern, Memory and Personalization",,"Mountain View, CA, United States",,https://jobright.ai/jobs/info/6a7a0d29bb6ca93ae5619a32?utm_campaign=1079&utm_source=git
2026-09-24-1824,jobright,Cleveland Guardians,"Software Engineer Intern, Baseball Systems",,"Cleveland, OH, United States",,https://jobright.ai/jobs/info/6ab558a29d4843569fe49420?utm_campaign=1079&utm_source=git
2026-09-24-1824,jobright,Richard,Intern - Innovation and Technology,,"Chicago, IL 60661, United States",,https://jobright.ai/jobs/info/6a98876983fc633357632000?utm_campaign=1079&utm_source=git
2026-09-24-1824,jobright,Rajant Corporation,Software Engineering Intern - Embedded Systems & Hardware Integration,,"Malvern, PA, United States",,https://jobright.ai/jobs/info/6ab57d404873fd3fd8529ca0?utm_campaign=1079&utm_source=git
2026-09-24-1824,applyguy,Amazon,"Software Development Engineer Intern - Summer 2027 (USA) , Amazon Dedicated Cloud (ADC)",Summer 2027,"US, WA, Seattle",,https://www.amazon.jobs/en/jobs/10559746/software-development-engineer-intern-summer-2027-usa-amazon-dedicated-cloud-adc
2026-09-24-1824,applyguy,Amazon,"Software Development Engineer Intern, Amazon Leo - Summer 2027 (USA)",Summer 2027,"US, WA, Redmond",,https://www.amazon.jobs/en/jobs/10559762/software-development-engineer-intern-amazon-leo-summer-2027-usa
2026-09-24-1824,applyguy,Astranis,"Software Developer, Network Software Intern (Summer 2027)",Summer 2027,"San Francisco, CA",,https://job-boards.greenhouse.io/astranis/jobs/4705597006
2026-09-24-1824,applyguy,Astranis,"Software Developer, Network Software Intern (Winter 2027)",Winter 2027,"San Francisco, CA",,https://job-boards.greenhouse.io/astranis/jobs/4705599006
2026-09-24-1824,applyguy,Radiancetech,Software Engineer Intern Spring/Summer 2027,Summer 2027,"Dayton, OH",,https://radiancetech.wd12.myworkdayjobs.com/radiance_external/job/Dayton-Office/Software-Engineer-Intern-Spring-Summer-2027_HR102444
2026-09-24-1924,zshah,Biogen,"Co-op, Data Science",Fall 2026,"Remote, USA",unknown,https://biibhr.wd3.myworkdayjobs.com/external/job/Remote-USA/Co-op--Data-Science_REQ24211
2026-09-24-1924,zshah,Biogen,"Co-op, Data Science & AI Innovation",,"Remote, USA",unknown,https://biibhr.wd3.myworkdayjobs.com/external/job/Remote-USA/Co-op--Data-Science---AI-Innovation_REQ24209
2026-09-24-1924,zshah,Johnson & Johnson,Software Engineering Co-Op,,"Danvers, Massachusetts, United States of America",no-sponsorship,https://jj.wd5.myworkdayjobs.com/JJ/job/Danvers-Massachusetts-United-States-of-America/Software-Engineering-Co-Op_R-098277
2026-09-24-1924,zshah,Reflect Orbital,Ground Software Engineering Intern,,"Hawthorne, CA",unknown,https://jobs.ashbyhq.com/reflect-orbital/c394615d-26c6-4435-ad84-3ca3269c2952
2026-09-24-1924,jobright,Naïve,Growth Engineer Intern,,United States,,https://jobright.ai/jobs/info/6ab5a43bc6fe0dec811a2c32?utm_campaign=1079&utm_source=git
2026-09-24-1924,jobright,"Innovative Systems, Inc.",Intern/Co-op- Summer 2027 - Software Engineering,,"Pittsburgh, PA, United States",,https://jobright.ai/jobs/info/6ab595c9d85922de20ce26ba?utm_campaign=1079&utm_source=git
2026-09-24-1924,jobright,Hidden Level,Full Stack Software Engineering Intern – Summer 2027,,"Syracuse, NY, United States",,https://jobright.ai/jobs/info/6ab5959e4873fd3fd852ae43?utm_campaign=1079&utm_source=git
2026-09-24-1924,jobright,Astranis Space Technologies,"Software Developer, Network Software Intern (Summer 2027)",,San Francisco,,https://jobright.ai/jobs/info/6ab57ae9c6fe0dec811a140e?utm_campaign=1079&utm_source=git
2026-09-24-1924,jobright,Cisco,Software Engineer Embedded Systems II (Intern) – United States,,"San Jose, CA, United States",,https://jobright.ai/jobs/info/6ab5390ec6fe0dec8119fdb2?utm_campaign=1079&utm_source=git
2026-09-24-2023,jobright,"iRhythm Technologies, Inc.",Embedded SDET Co-Op Full Time Intern January-June 2027,,"San Francisco, CA, United States",,https://jobright.ai/jobs/info/6ab5ad4c634ec6aa7c0d0e9a?utm_campaign=1079&utm_source=git
2026-09-24-2023,jobright,Bobcat Company,Embedded Software Engineer Student Experience - Spring 2027 Job Details / Doosan Corp,,"Bismarck, ND, United States",,https://jobright.ai/jobs/info/6a996f3b040e5c3d0759629a?utm_campaign=1079&utm_source=git
2026-09-24-2123,simplify,Electronic Arts,Gameplay Engineer Intern,Summer 2027,LA,Other,https://jobs.ea.com/en_US/careers/JobDetail/Gameplay-Engineer-Intern/216245
2026-09-24-2224,applyguy,Cisco,Software Engineer Data & AI II (Intern) – United States,,San Jose California,,https://cisco.wd5.myworkdayjobs.com/cisco_careers/job/San-Jose-California-US/Software-Engineer-Data---AI-II--Intern----United-States_2026798
2026-09-24-2224,applyguy,Cisco,Machine Learning Engineer I (Intern) – United States,,San Jose California,,https://cisco.wd5.myworkdayjobs.com/cisco_careers/job/San-Jose-California-US/Machine-Learning-Engineer-I--Intern----United-States_2026803
2026-09-24-2324,jobright,Electronic Arts (EA),Gameplay Engineer Intern,,"Chatsworth, CA, United States",,https://jobright.ai/jobs/info/6ab5c3304873fd3fd852bbeb?utm_campaign=1079&utm_source=git
2026-09-25-0023,jobright,Respawn Entertainment,Gameplay Engineer Intern,,"Los Angeles metropolitan area, United States",,https://jobright.ai/jobs/info/6ab5db38634ec6aa7c0d15ab?utm_campaign=1079&utm_source=git
2026-09-25-0124,jobright,Palantir Technologies,"Forward Deployed Infrastructure Engineer, Internship - US Government",,"Washington, D.C., United States",,https://jobright.ai/jobs/info/6ab5f5ce4873fd3fd852c486?utm_campaign=1079&utm_source=git
2026-09-25-0725,jobright,POZzlePiece Inc,Front& Back end developer intern,,"West Palm Beach, FL, United States",,https://jobright.ai/jobs/info/6ab63bd5c6fe0dec811a46a5?utm_campaign=1079&utm_source=git
2026-09-25-0725,jobright,Textron Aviation,"2027 Intern - Software Enginer (Sea Systems) - Hunt Valley, MD",,"Hunt Valley, MD, United States",,https://jobright.ai/jobs/info/6ab62223d85922de20ce45d5?utm_campaign=1079&utm_source=git
2026-09-25-0725,jobright,Textron,2027 Internship - Quality Assurance Engineer,,"Wichita, KS, United States",,https://jobright.ai/jobs/info/6ab62082634ec6aa7c0d2275?utm_campaign=1079&utm_source=git
2026-09-25-0725,jobright,Textron,"2027 Internship - Quality Assurance Engineer (Independence, KS)",,"Independence, KS, United States",,https://jobright.ai/jobs/info/6ab62079d85922de20ce45a9?utm_campaign=1079&utm_source=git
2026-09-25-0725,jobright,HDR,Software Development Intern-RR,,"Round Rock, TX, United States",,https://jobright.ai/jobs/info/6ab619ced85922de20ce453c?utm_campaign=1079&utm_source=git
2026-09-25-0825,jobright,"Saab, Inc.",Software Engineering Co-Op (Summer 2027),,"East Syracuse, NY, United States",,https://jobright.ai/jobs/info/6a9999ec551435518ebef849?utm_campaign=1079&utm_source=git
2026-09-25-0923,jobright,McKinsey & Company,"Software Engineer Intern - QuantumBlack, AI by McKinsey",,"Atlanta, GA, United States",,https://jobright.ai/jobs/info/6ab66748b3db59402d1004f4?utm_campaign=1079&utm_source=git
2026-09-25-0923,jobright,GE Vernova,GE Vernova Software Engineering - Co-op - Spring-Summer 2027,,"Rochester, MN, United States",,https://jobright.ai/jobs/info/6a99da70040e5c3d07599517?utm_campaign=1079&utm_source=git
2026-09-25-0923,jobright,WoodmenLife,2027 Summer Quality Assurance Intern,,"Omaha, NE, United States",,https://jobright.ai/jobs/info/6a996c29138838706058dc5a?utm_campaign=1079&utm_source=git
2026-09-25-0923,jobright,Textron,2027 Internship - Information Technology (Developer),,"Wichita, KS, United States",,https://jobright.ai/jobs/info/6ab62079b3db59402d0ffef5?utm_campaign=1079&utm_source=git
2026-09-25-0923,jobright,Leidos,Software Development Intern,,"Gaithersburg, MD, United States",,https://jobright.ai/jobs/info/6ab668a74873fd3fd852d2c9?utm_campaign=1079&utm_source=git
2026-09-25-1023,simplify,Lutron Electronics,Software Engineering Co-op,Summer 2027,"Philadelphia, PA",Other,https://careers.lutron.com/jobs/5616?icims=1
2026-09-25-1023,simplify,First Citizens BancShares,IT Intern - Software Developer,Summer 2027,"Raleigh, NC",Other,https://firstcitizens.jibeapply.com/jobs/35709?icims=1
2026-09-25-1023,simplify,Bluestaq,Software Engineering Resident - Multiple Teams,Winter 2027,"Colorado Springs, CO",Other,https://job-boards.greenhouse.io/bluestaq/jobs/4420189009
2026-09-25-1023,simplify,Greenheck Group,Application Developer Co-op,Winter 2027; Summer 2027,"Schofield, WI",Other,https://greenheckgroup.wd5.myworkdayjobs.com/external/job/Schofield-WI/Application-Developer-Co-op_JR104721
2026-09-25-1023,simplify,Barrios,Data and Computer Engineering/Computer Science Intern,Summer 2027,"Houston, TX",Other,https://careers-barrios.icims.com/jobs/2897/job?mobile=true&needsRedirect=false
2026-09-25-1023,jobright,Tenaska,Software Engineering Intern,,"Omaha, NE, United States",,https://jobright.ai/jobs/info/6a7e391f0cd4a0703257ec58?utm_campaign=1079&utm_source=git
2026-09-25-1023,jobright,First Citizens Bank,"2027 IT Summer Intern - Software Developer (Raleigh, NC)",,"Raleigh, NC, United States",,https://jobright.ai/jobs/info/6ab66f774873fd3fd852d3da?utm_campaign=1079&utm_source=git
2026-09-25-1023,jobright,UBS,2027 Summer Internship - Technology - NY/ NJ,,"New York, NY, United States",,https://jobright.ai/jobs/info/6ab67bb2634ec6aa7c0d2c38?utm_campaign=1079&utm_source=git
2026-09-25-1124,zshah,Perseus Group,Cyber Security Intern,,Remote - USA,unknown,https://talentmanagementsolution.wd3.myworkdayjobs.com/perseus-careers/job/Remote---USA/Cyber-Security-Intern_R52980-2
2026-09-25-1124,zshah,Geospatial Consulting Group International,Application Developer Intern (Remote),,Remote from US,unknown,https://job-boards.greenhouse.io/geocgi/jobs/4420076009
2026-09-25-1224,jobright,Career Launch Tech Initiative,Software Engineer Intern,,"Los Angeles, CA, United States",,https://jobright.ai/jobs/info/6ab6886c634ec6aa7c0d2f62?utm_campaign=1079&utm_source=git
2026-09-25-1224,jobright,Bechtel Corporation,27 Intern / US / Info & Digital Tech,,United States,,https://jobright.ai/jobs/info/6ab535c7c6fe0dec8119fc71?utm_campaign=1079&utm_source=git
2026-09-25-1224,jobright,WoodmenLife,2027 Summer Software Engineer Intern,,"Omaha, NE, United States",,https://jobright.ai/jobs/info/6a996c29551435518ebee43b?utm_campaign=1079&utm_source=git
2026-09-25-1224,jobright,"J.B. Hunt Transport Services, Inc.","Application Development Internship, Summer 2027",,"Lowell, AR, United States",,https://jobright.ai/jobs/info/6a99da8590a313642c653330?utm_campaign=1079&utm_source=git
2026-09-25-1224,jobright,Textron,"2027 Internship - Software Engineer - Aftermarket Programs (TRU Simulation - Lutz, FL)",,"Lutz, FL, United States",,https://jobright.ai/jobs/info/6ab62079634ec6aa7c0d226e?utm_campaign=1079&utm_source=git
2026-09-25-1224,speedyapply,iRhythm,Embedded SDET Co-Op Full Time Intern January-June 2027,,"San Francisco, CA",,https://irhythmtech.wd5.myworkdayjobs.com/en-US/irhythm/job/San-Francisco-CA/Embedded-SDET-Co-Op-Full-Time-Intern-January-June-2027_JR1758
2026-09-25-1224,speedyapply,iRhythm,Firmware Quality Assurance Engineer Co-Op Intern Full Time January-JuneEngineer,,"San Francisco, CA",,https://irhythmtech.wd5.myworkdayjobs.com/en-US/irhythm/job/San-Francisco-CA/Firmware-Quality-Assurance-Engineer-Co-Op-Intern-Full-Time-January-JuneEngineer_JR1791
2026-09-25-1224,speedyapply,Radiance Technologies,Software Engineer Intern Spring/Summer 2027,,"Dayton, OH",,https://radiancetech.wd12.myworkdayjobs.com/en-US/radiance_external/job/Dayton-Office/Software-Engineer-Intern-Spring-Summer-2027_HR102442
2026-09-25-1324,jobright,IBM,Intern Application Developer – Adobe - 2027,,"Buffalo, NY, United States",,https://jobright.ai/jobs/info/6a9e2d4a27c94c3d5a1cb631?utm_campaign=1079&utm_source=git
2026-09-25-1324,jobright,DV Trading LLC,Software Developer Intern - Summer 2027 (DV Equities),,"New York, NY, United States",,https://jobright.ai/jobs/info/6aa4296ec1928370a285ccfc?utm_campaign=1079&utm_source=git
2026-09-25-1324,jobright,York Space Systems,Flight Software Engineering Intern,,"Greenwood Village, CO, United States",,https://jobright.ai/jobs/info/6a9986488a8b765bc55f376f?utm_campaign=1079&utm_source=git
2026-09-25-1324,jobright,McKesson,System Design / QA Intern - Summer 2027,,"Irving, TX, United States",,https://jobright.ai/jobs/info/6a998d1c138838706058e75a?utm_campaign=1079&utm_source=git
2026-09-25-1324,jobright,"Innovative Systems, Inc.",Intern/Co-op-Spring 2027 - Software Engineering,,"Pittsburgh, PA, United States",,https://jobright.ai/jobs/info/6a99cc9c90a313642c652df9?utm_campaign=1079&utm_source=git
2026-09-25-1324,jobright,Bobcat Company,Application Developer Co Op MES (Jan-Aug 2027) Job Details / Doosan Corp,,"West Fargo, ND, United States",,https://jobright.ai/jobs/info/6a9429488e5968545337ca2e?utm_campaign=1079&utm_source=git
2026-09-25-1423,jobright,University of Missouri Health Care,HR Application Developer Intern,,"Columbia, MO, United States",,https://jobright.ai/jobs/info/6ab6a980b3db59402d10198c?utm_campaign=1079&utm_source=git
2026-09-25-1423,jobright,Hollister Incorporated,"Intern, Applications Engineering (2027)",,"Libertyville, IL, United States",,https://jobright.ai/jobs/info/6ab6a15bb3db59402d101503?utm_campaign=1079&utm_source=git
2026-09-25-1524,zshah,Allegion,Summer Intern - Software Engineering,,"Golden, CO",unknown,https://allegion.wd5.myworkdayjobs.com/careers/job/Golden-CO/Summer-Intern---Software-Engineering_JR37795-1
2026-09-25-1524,zshah,American Century Investments,Software Developer Intern,Fall 2026,"Kansas City, Missouri",no-sponsorship,https://americancentury.wd5.myworkdayjobs.com/AmericanCenturyInvestments/job/Kansas-City-Missouri/Software-Developer-Intern_R0005749-1
2026-09-25-1524,zshah,American Century Investments,Infrastructure Automation Engineer Intern,Fall 2026,"Kansas City, Missouri",no-sponsorship,https://americancentury.wd5.myworkdayjobs.com/AmericanCenturyInvestments/job/Kansas-City-Missouri/Infrastructure-Automation-Engineer-Intern_R0005750
2026-09-25-1524,zshah,Bosch,Multi-modal Sensing AI Research Intern,,"Pittsburgh, PA, United States",unknown,https://jobs.smartrecruiters.com/BoschGroup/744000151890105
2026-09-25-1524,zshah,Cencora,Software Intern,Summer 2027,"Remote, USA",no-sponsorship,https://myhrabc.wd5.myworkdayjobs.com/Global/job/Remote-USA/Software-Intern_R2613763
2026-09-25-1524,zshah,Cencora,EDI IT Software Developer Intern,,"Conshohocken, PA",unknown,https://myhrabc.wd5.myworkdayjobs.com/Global/job/Conshohocken-PA/EDI-IT-Software-Developer-Intern_R2612376
2026-09-25-1524,zshah,Copart,Data & AI Intern,,"Dallas, TX - Headquarters",unknown,https://copart.wd12.myworkdayjobs.com/copart/job/Dallas-TX---Headquarters/Data---AI-Intern_JR111596
2026-09-25-1524,zshah,RGA Reinsurance Company,Fall Intern - Data Science/AI,,"United States, Chesterfield, MO, RGA HQ",unknown,https://rgare.wd1.myworkdayjobs.com/Careers/job/United-States-Chesterfield-MO-RGA-HQ/Fall-Intern---Data-Science-AI_J28774
2026-09-25-1524,jobright,Indeed,Software Engineer Intern,,"Austin, TX, United States",,https://jobright.ai/jobs/info/6ab6b5bc634ec6aa7c0d41a7?utm_campaign=1079&utm_source=git
2026-09-25-1524,jobright,"Mantari Industries, Inc.",Software Engineer Intern,,"Los Angeles, CA, United States",,https://jobright.ai/jobs/info/6ab6b3b2634ec6aa7c0d40e2?utm_campaign=1079&utm_source=git
2026-09-25-1524,jobright,Commonwealth Electric Company of the Midwest,"It Intern - AI: Commonwealth Holdings, Inc.",,"Omaha, Nebraska, United States",,https://jobright.ai/jobs/info/6ab6b04b4873fd3fd852ea54?utm_campaign=1079&utm_source=git
2026-09-25-1524,jobright,Keysight Technologies,"Engineering Software Developer, Intern",,"Austin, Texas, United States",,https://jobright.ai/jobs/info/6ab6ad94c6fe0dec811a6114?utm_campaign=1079&utm_source=git
2026-09-25-1524,jobright,IBM,"Cloud Developer Intern - Chicago, IL - 2027",,"Chicago, IL, United States",,https://jobright.ai/jobs/info/6a9e250675edfa11b4710658?utm_campaign=1079&utm_source=git
2026-09-25-1524,jobright,CACI International Inc,Software Test Engineer Intern - Summer 2027,,"Colorado Springs, CO, United States",,https://jobright.ai/jobs/info/6aab041c8e1bf0f764af7f20?utm_campaign=1079&utm_source=git
2026-09-25-1623,applyguy,Americancentury,Software Developer Intern,,"Kansas City, MO",,https://americancentury.wd5.myworkdayjobs.com/americancenturyinvestments/job/Kansas-City-Missouri/Software-Developer-Intern_R0005749-1
2026-09-25-1724,jobright,Motorola Solutions,Software Engineer Intern - Summer 2027,,"Greater Chicago Area, United States",,https://jobright.ai/jobs/info/6ab6caed81e327c4bf20131a?utm_campaign=1079&utm_source=git
2026-09-25-1724,jobright,Rivian and Volkswagen Group Technologies,Embedded Systems Software Engineering Intern at UIUC Research Park (January - August 2027),,"Champaign, IL, United States",,https://jobright.ai/jobs/info/6ab6cff3ba1c25652c61014a?utm_campaign=1079&utm_source=git
2026-09-25-1724,jobright,GE HealthCare,Software Engineering Intern – Workflow Platform,,"Cleveland, OH, United States",,https://jobright.ai/jobs/info/6ab6b1de4873fd3fd852eafc?utm_campaign=1079&utm_source=git
2026-09-25-1724,applyguy,Elkay,Embedded Firmware Intern (Summer 2027),Summer 2027,"Milwaukee, WI",,https://elkay.wd1.myworkdayjobs.com/elkay_external/job/Milwaukee-WI/Embedded-Firmware-Intern--Summer-2027-_REQ-020150-1
2026-09-25-1724,applyguy,Epiqsystems,Software Engineer Intern,,New York,,https://epiqsystems.wd503.myworkdayjobs.com/epiq_careers/job/USA-New-York-NY-1166-Avenue-of-Americas/Software-Engineer-Intern_R0035230
2026-09-25-1724,applyguy,Microsoft,"Software Engineer: Intern Opportunities for University Students, Atlanta",,"United States, Georgia, Atlanta",,https://apply.careers.microsoft.com/careers/job/1970393557008714
2026-09-25-1823,simplify,PathAI,Software Engineering Mlops Co-op,Fall 2026; Winter 2026,"Boston, MA",Other,https://www.pathai.com/careers/8651564002?gh_jid=8651564002
2026-09-25-1823,simplify,Brunswick,Reinforcement Learning Intern - Boating Intelligence Design Lab,Spring 2027; Summer 2027; Fall 2027,"Champaign, IL",Other,https://brunswick.wd1.myworkdayjobs.com/en-US/search/job/Champaign-IL/Software-Engineering-Intern_JR-051449
2026-09-25-1823,simplify,Rockwell Automation,AI Software Engineering Co-op - 6 months - 8 months,Winter 2027; Summer 2027,"Mayfield Heights, OH; Milwaukee, WI",Other,https://rockwellautomation.wd1.myworkdayjobs.com/External-Rockwell-Automation-Early-Careers/job/Mayfield-Heights-Ohio-United-States/Co-op--AI-Software-Engineering--6-8-months-_R26-6982
2026-09-25-1823,simplify,RRS Group,Associate Software Engineer Intern - Sophomore Only,Summer 2027,SF,Other,https://jobs.smartrecruiters.com/RRSGroup/744000151931819
2026-09-25-1823,simplify,Red Ventures,Data Science Intern - Launch Program,Summer 2027,"Charlotte, NC",Other,https://www.redventures.com/careers/positions/open?gh_jid=8233284
2026-09-25-1823,simplify,Western National Insurance,Data Engineering Intern - Data & Integrations,Summer 2027,"Edina, MN",Other,https://recruiting.paylocity.com/Recruiting/Jobs/Details/4537849
2026-09-25-1823,simplify,ICF International,Data Scientist Intern,Summer 2027,"Remote in USA; Reston, VA; Denver, CO",Other,https://icf.wd5.myworkdayjobs.com/icfexternal_career_site/job/Reston-VA/XMLNAME-2027-Summer-Intern--Data-Scientist--Reston--VA--Denver--CO--Remote-_R2603252
2026-09-25-1823,simplify,Bedrock Robotics,State Estimation Intern - Learned Mapping & Semantic SLAM,Summer 2027,SF,Other,https://jobs.ashbyhq.com/bedrock-robotics/8c7bad61-50e3-4702-be36-72e9b72a9760/application?embed=true
2026-09-25-1823,simplify,Waymo,Software Engineer Intern - Driver Refinement Foundations,Summer 2027,"Mountain View, CA",Other,https://careers.withwaymo.com/jobs?gh_jid=8224900
2026-09-25-1823,simplify,Johns Hopkins Applied Physics Laboratory,Artificial Intelligence and Machine Learning Intern - Research Assistant,Summer 2027,"Laurel, MD",Other,https://careers.jhuapl.edu/jobs/60084?icims=1
2026-09-25-1823,simplify,Rockwell Automation,AI Software Engineer Intern,Summer 2027,"Mayfield Heights, OH; Milwaukee, WI",Other,https://rockwellautomation.wd1.myworkdayjobs.com/External-Rockwell-Automation-Early-Careers/job/Mayfield-Heights-Ohio-United-States/Intern--AI-Software-Engineering--June-August-2027-_R26-6980
2026-09-25-1823,simplify,RGA Reinsurance Company,Data Science/AI Intern,Fall 2026,"Chesterfield, MO",Other,https://rgare.wd1.myworkdayjobs.com/en-US/Careers/job/United-States-Chesterfield-MO-RGA-HQ/Fall-Intern---Data-Science-AI_J28774
2026-09-25-1823,simplify,Pacific Life,Software Engineering Intern,Summer 2027,"Newport Beach, CA",Other,https://pacificlife.wd1.myworkdayjobs.com/en-US/PacificLifeCareers/job/Newport-Beach-CA-700/Summer-2027-Software-Engineering-Internship_R17826
2026-09-25-1823,simplify,Pacific Life,Data Engineering Intern,Summer 2027,"Newport Beach, CA",Other,https://pacificlife.wd1.myworkdayjobs.com/en-US/PacificLifeCareers/job/Newport-Beach-CA-700/Summer-2027-Data-Engineering-Internship_R17828
2026-09-25-1823,simplify,American Century Investments,Enterprise Data Intern,Summer 2027,"Southlake, TX; Kansas City, MO",Other,https://americancentury.wd5.myworkdayjobs.com/AmericanCenturyInvestments/job/Kansas-City-Missouri/Enterprise-Data-Intern_R0005751
2026-09-25-1823,simplify,Cerity Partners,Investment Data & Technology Intern - Central Solutions,Summer 2027,NYC,Other,https://ceritypartners.wd12.myworkdayjobs.com/ceritypartnerscareers/job/New-York-City-NY/Investment-Data---Technology-Analyst-Internship_R929
2026-09-25-1823,zshah,American Family Insurance Group,ML Ops Intern,,WI Madison,unknown,https://amfam.wd1.myworkdayjobs.com/AmFamGroupInternCareers/job/WI-Madison/ML-Ops-Intern_R39493
2026-09-25-1823,zshah,American Family Insurance Group,Intern - Application Billing Center Developer,,WI Madison,unknown,https://amfam.wd1.myworkdayjobs.com/AmFamGroupInternCareers/job/WI-Madison/Intern---Application-Billing-Center-Developer_R39407
2026-09-25-1823,zshah,Gilead Sciences,Intern - Research - Data Sciences - AI,,United States - California - Foster City,no-sponsorship,https://gilead.wd1.myworkdayjobs.com/gileadcareers/job/United-States---California---Foster-City/Intern---Research---Data-Sciences_R0054572
2026-09-25-1823,zshah,RRS Group,2027 Associate Software Engineer Intern - Sophomore Only,Summer 2027,"San Francisco, , United States (Remote)",unknown,https://jobs.smartrecruiters.com/RRSGroup/744000151931819
2026-09-25-1823,zshah,Waymo,"2027 Summer Intern, BS, Software Engineer, Driver Refinement Foundations",Summer 2027,"Mountain View, CA, USA",unknown,https://careers.withwaymo.com/jobs?gh_jid=8224900
2026-09-25-1823,zshah,Bedrock Robotics,"2027 Internship Software Engineer, Fleet Platform",Summer 2027,"New York, NY",unknown,https://jobs.ashbyhq.com/bedrock-robotics/8927dd7e-a48d-49a2-92eb-09ec059432f4
2026-09-25-1823,zshah,Bedrock Robotics,"2027 Internship Onboard Infrastructure Engineer, ML Inference",Summer 2027,"San Francisco, CA",unknown,https://jobs.ashbyhq.com/bedrock-robotics/0331551e-c18e-428a-8e91-e6cb25c9c2e8
2026-09-25-1823,zshah,Bedrock Robotics,"2027 Internship Behavior Machine Learning Engineer, World Models",Summer 2027,"San Francisco, CA",unknown,https://jobs.ashbyhq.com/bedrock-robotics/c51d682e-58ee-44de-886f-4cfacb56d2e1
2026-09-25-1823,jobright,HDR,Software Development Intern,,"Omaha, NE, United States",,https://jobright.ai/jobs/info/6ab6df253a2ec87116e24641?utm_campaign=1079&utm_source=git
2026-09-25-1823,jobright,IBM,Back End Developer Intern 2027 - Tucson,,"Tucson, AZ, United States",,https://jobright.ai/jobs/info/6ab6d87a81e327c4bf201744?utm_campaign=1079&utm_source=git
2026-09-25-1823,jobright,"Montgomery Investment Technology, Inc.",Computer Programming Internship Winter 2027,,"Cinnaminson, NJ, United States",,https://jobright.ai/jobs/info/6ab6d6c63a2ec87116e24311?utm_campaign=1079&utm_source=git
2026-09-25-1823,applyguy,Myhrabc,EDI IT Software Developer Intern,,"Conshohocken, PA",,https://myhrabc.wd5.myworkdayjobs.com/global/job/Conshohocken-PA/EDI-IT-Software-Developer-Intern_R2612376
2026-09-25-1823,applyguy,Myhrabc,Software Intern,,"Remote, U.S.",,https://myhrabc.wd5.myworkdayjobs.com/global/job/Remote-USA/Software-Intern_R2613763
2026-09-25-1924,jobright,Toyota Automated Logistics,Software QA Co-op (Summer 2027),,"Louisville, Kentucky, United States",,https://jobright.ai/jobs/info/6aa4c5e142411952ff9a5792?utm_campaign=1079&utm_source=git
2026-09-25-1924,jobright,Tesla,"Internship, Mobile Application Software Engineer, Energy Engineering (Winter/Spring 2027)",,"Palo Alto, CA, United States",,https://jobright.ai/jobs/info/6ab6eb5981e327c4bf201d58?utm_campaign=1079&utm_source=git
2026-09-25-1924,jobright,Toyota Automated Logistics,Software Engineer Intern,,"Meridian, ID, United States",,https://jobright.ai/jobs/info/6aa4c54ea77a53f5a156dfdc?utm_campaign=1079&utm_source=git
2026-09-25-1924,applyguy,Schweitzer Engineering Laboratories,Software Engineer Intern,,"Boise, ID",,https://selinc.wd1.myworkdayjobs.com/sel/job/Idaho---Boise/Software-Engineer-Intern_2026-23076
2026-09-25-1924,applyguy,Tencent,Cloud Media Services Intern,,"Palo Alto, CA",,https://tencent.wd1.myworkdayjobs.com/tencent_careers/job/US-California-Palo-Alto/Cloud-Media-Services-Intern_R108186
2026-09-25-2023,jobright,Keysight Technologies,"R&D Software Engineer QA DevOps, Intern",,"Santa Rosa, CA, United States",,https://jobright.ai/jobs/info/6ab6fe5fba1c25652c610fe8?utm_campaign=1079&utm_source=git
2026-09-25-2124,simplify,GovSignals,Engineering Intern,Fall 2026,Remote in USA,Other,https://jobs.ashbyhq.com/GovSignals/e894290c-3263-424e-b7a4-8dcc32ca8ca9/application?embed=true
2026-09-25-2124,simplify,Tesla,Mobile Application Software Engineer Intern - Energy Engineering,Winter 2027; Spring 2027,"Palo Alto, CA",Other,https://www.tesla.com/careers/search/job/284776
2026-09-25-2124,simplify,The Aerospace Corporation,Software Systems Engineer Intern - Acquisition,Summer 2027,"Chantilly, VA; El Segundo, CA",Other,https://aero.wd5.myworkdayjobs.com/external/job/El-Segundo-CA/XMLNAME-2027-Software-Systems-Engineer-and-Acquisition-Intern_R016431
2026-09-25-2124,simplify,Florida Atlantic University,Student Web Developer - Research Computing Systems Administration,,"Boca Raton, FL",Other,https://fau.wd1.myworkdayjobs.com/FAU/job/Boca-Raton/SSERCA-Student-Web-Developer_REQ22952
2026-09-25-2223,jobright,Southern Glazer's Wine & Spirits,"2027 Summer Internship QA (OneTech)- Miramar, FL Job Details / Southern Glazer’s Wine and Spirits, LLC",,"Miramar, FL, United States",,https://jobright.ai/jobs/info/6ab718a562bb1fbd451dd1d6?utm_campaign=1079&utm_source=git
2026-09-25-2223,jobright,Gesture,AI Full Stack Engineer Intern,,Denver,,https://jobright.ai/jobs/info/6a7d450e7c52154b59f5e384?utm_campaign=1079&utm_source=git
2026-09-25-2223,jobright,Pacific Life,Summer 2027 Software Engineering Internship,,"Newport Beach, CA, United States",,https://jobright.ai/jobs/info/6ab700bf3a2ec87116e24f90?utm_campaign=1079&utm_source=git
2026-09-25-2323,jobright,Career Launch Tech Initiative,Software Engineering Intern (Fall 2026),,"Los Angeles, CA, United States",,https://jobright.ai/jobs/info/6ab7215f3a2ec87116e25662?utm_campaign=1079&utm_source=git
2026-09-26-0023,jobright,Flint AI,Engineering Intern — Summer 2027,,"San Francisco, CA, United States",,https://jobright.ai/jobs/info/6ab73c3aba1c25652c611ccc?utm_campaign=1079&utm_source=git
2026-09-26-0023,jobright,Epiq,Software Engineer Intern,,"New York, NY, United States",,https://jobright.ai/jobs/info/6ab703d839fd8792cb73d219?utm_campaign=1079&utm_source=git
2026-09-26-0023,jobright,"Hakkōda, an IBM Company","Backend Developer Intern - Austin, TX - 2027",,"Austin, TX, United States",,https://jobright.ai/jobs/info/6ab729c881e327c4bf202da4?utm_campaign=1079&utm_source=git
2026-09-26-0124,jobright,ECS,Junior Software Engineer - Intern,,"Fairfax, VA, United States",,https://jobright.ai/jobs/info/6ab7502ed7fde2c08ec8b7be?utm_campaign=1079&utm_source=git
2026-09-26-0124,jobright,GoDaddy,OSU ColorStack - Summer 2027 Internships,,"Tempe, AZ, United States",,https://jobright.ai/jobs/info/6ab74be03a2ec87116e25ea0?utm_campaign=1079&utm_source=git
2026-09-26-0124,jobright,Nutanix,Software Engineer Intern - AI (Fall 2026),,"San Jose, CA, United States",,https://jobright.ai/jobs/info/6ab7453962bb1fbd451ddbeb?utm_campaign=1079&utm_source=git
2026-09-26-0724,simplify,Flint,Engineering Intern - Summer 2027,Summer 2027,SF,Other,https://jobs.ashbyhq.com/flint/39f9e665-7037-4dff-b77a-ff7039df2bfc/application?embed=true
2026-09-26-0724,jobright,Rivian and Volkswagen Group Technologies,"Software Engineering Intern - Applications, Infotainment & Mobile (January - August 2027)",,"Irvine, CA, United States",,https://jobright.ai/jobs/info/6a9b3a1f9c24314c35f986f3?utm_campaign=1079&utm_source=git
2026-09-26-0724,jobright,Nationwide,Summer 2027 Feature Engineer Internship,,"Columbus, OH, United States",,https://jobright.ai/jobs/info/6a9b1e172cdc5958f53eaea4?utm_campaign=1079&utm_source=git
2026-09-26-0724,jobright,Principal Financial Group,"Software Engineer Internship - Charlotte, NC (Summer 2027)",,"Charlotte, NC, United States",,https://jobright.ai/jobs/info/6aa7f10e3a9f0a4fe6f1666d?utm_campaign=1079&utm_source=git
2026-09-26-0724,jobright,CNH,Embedded Software Engineer Intern 1,,"New Holland, PA, United States",,https://jobright.ai/jobs/info/6a9b153ed5ff1f3f1c39d933?utm_campaign=1079&utm_source=git
2026-09-26-0724,jobright,Astronautics Corporation of America,Software Engineering Intern,,"Oak Creek, WI, United States",,https://jobright.ai/jobs/info/6aaaeed640807b73bd392db6?utm_campaign=1079&utm_source=git
2026-09-26-0923,jobright,Rivian and Volkswagen Group Technologies,Software Engineering Intern - Connected Systems (January - August 2027),,"Irvine, CA, United States",,https://jobright.ai/jobs/info/6a9b4f299c24314c35f98e12?utm_campaign=1079&utm_source=git
2026-09-26-0923,jobright,"Hakkōda, an IBM Company",Intern Application Developer - ServiceNow 2027,,"Dallas, TX, United States",,https://jobright.ai/jobs/info/6ab7a849d7fde2c08ec8bcf0?utm_campaign=1079&utm_source=git
2026-09-26-0923,jobright,"Saab, Inc.",Software Engineering Co-Op (Spring - Summer 2027),,"East Syracuse, NY, United States",,https://jobright.ai/jobs/info/6a9b33d713883870605971ce?utm_campaign=1079&utm_source=git
2026-09-26-0923,jobright,Nuvo,Software Engineering Intern,,"San Francisco, CA, United States",,https://jobright.ai/jobs/info/6a9b5db99c24314c35f990bb?utm_campaign=1079&utm_source=git
2026-09-26-0923,jobright,Westinghouse Electric Company,"Summer Intern - Application Development Job Details / Westinghouse Electric Company, LLC",,"Cranberry Township, PA, United States",,https://jobright.ai/jobs/info/6a9eb3a7f6ea0023582965de?utm_campaign=1079&utm_source=git
2026-09-26-0923,jobright,Westinghouse Electric Company,"Summer Intern - Enovia PLM Job Details / Westinghouse Electric Company, LLC",,"Cranberry Township, PA, United States",,https://jobright.ai/jobs/info/6a9eb359a7ba386c5d67349a?utm_campaign=1079&utm_source=git
2026-09-26-1024,jobright,NetJets,Analytics Engineering Intern (NJUS),,"Columbus, OH, United States",,https://jobright.ai/jobs/info/6a9af8e290a313642c657ac8?utm_campaign=1079&utm_source=git
2026-09-26-1124,jobright,Anduril Industries,2027 Software Engineer Intern,,"Atlanta, GA, United States",,https://jobright.ai/jobs/info/6a52dc25e726ec56126a4c9b?utm_campaign=1079&utm_source=git
2026-09-26-1223,zshah,General Dynamics Information Technology,GDIT Summer Internship Program – Summer 2027 AI/ML Software Development and Engineering Internship,Summer 2027,USA LA Bossier City,citizens-only,https://gdit.wd5.myworkdayjobs.com/gdit_earlytalent/job/USA-LA-Bossier-City/GDIT-Summer-Internship-Program---Summer-2027-AI-ML-Software-Development-and-Engineering-Internship_RQ229143
2026-09-26-1223,zshah,General Dynamics Information Technology,GDIT Summer Internship Program – Summer 2027 AI/ML Data Science and Engineering Internship,Summer 2027,USA LA Bossier City,citizens-only,https://gdit.wd5.myworkdayjobs.com/gdit_earlytalent/job/USA-LA-Bossier-City/GDIT-Summer-Internship-Program---Summer-2027-AI-ML-Data-Science-and-Engineering-Internship_RQ228938
2026-09-26-1223,jobright,Motorola Solutions,Test Engineering Internship 2027,,"Greater Chicago Area, United States",,https://jobright.ai/jobs/info/6a9af62290a313642c657632?utm_campaign=1079&utm_source=git
2026-09-26-1424,jobright,IBM,Intern Oracle Cloud 2027,,"Chicago, IL, United States",,https://jobright.ai/jobs/info/6a9e2d3e27c94c3d5a1cb62a?utm_campaign=1079&utm_source=git
2026-09-26-1424,jobright,Owens Corning,Global Information Services Internship (2027),,"Toledo, OH, United States",,https://jobright.ai/jobs/info/6a9af5302cdc5958f53e97da?utm_campaign=1079&utm_source=git
2026-09-26-1523,zshah,Klaviyo,AI Engineer Intern (Summer 2027),Summer 2027,"Boston, MA",unknown,https://job-boards.greenhouse.io/klaviyocampus/jobs/8003260003
2026-09-26-1523,jobright,Siemens,"Strategic Student Program: Software Development Intern (SIM STS, Spring 2027)",,"Huntsville, AL, United States",,https://jobright.ai/jobs/info/6a9affe3fe45b8490f606568?utm_campaign=1079&utm_source=git
2026-09-26-1723,jobright,Octo (formerly Connexta),Software Engineer Intern,,"Phoenix, Arizona, United States",,https://jobright.ai/jobs/info/6a5803608f51964c0404644e?utm_campaign=1079&utm_source=git
2026-09-26-1823,zshah,Avav,Summer 2027 Software Engineering Intern,Summer 2027,"Melbourne, FL",unknown,https://avav.wd1.myworkdayjobs.com/avav/job/Melbourne-FL/Summer-2027-Software-Engineering-Intern_8550
2026-09-26-2323,jobright,Siemens,"Strategic Student Program: Mendix Development Intern (CMMK, Spring 2027)",,"St. Louis, MO, United States",,https://jobright.ai/jobs/info/6a9af6e91388387060595858?utm_campaign=1079&utm_source=git
2026-09-27-0723,jobright,Oracle,OCI Software Engineer Intern - OVIP,,"Seattle, WA, United States",,https://jobright.ai/jobs/info/6a55a34cfdf4fa71202b36d6?utm_campaign=1079&utm_source=git
2026-09-27-1023,jobright,Neuralink,"Embedded Software Engineer Intern, Implant Embedded Systems",,"Austin, Texas, United States",,https://jobright.ai/jobs/info/6a3ebf1cce7cce40b3421996?utm_campaign=1079&utm_source=git
2026-09-27-1124,jobright,IBM,Intern Developer – Adobe 2027,,"New York, NY, United States",,https://jobright.ai/jobs/info/6ab926c939fd8792cb7405cc?utm_campaign=1079&utm_source=git
2026-09-27-1124,jobright,Vertiv,Software Engineering Test Intern (Summer 2027),,"Delaware, OH, United States",,https://jobright.ai/jobs/info/6ab920e53a2ec87116e28359?utm_campaign=1079&utm_source=git
2026-09-27-1124,jobright,Neuralink,"Software Engineer Intern, Infrastructure",,"South San Francisco, California, United States",,https://jobright.ai/jobs/info/6a53e6bd8ef95364ead93c63?utm_campaign=1079&utm_source=git
2026-09-27-1923,zshah,QuEra Computing,Internship - Scientific Software and Compilation,Fall 2026,"Boston, MA  USA",unknown,https://job-boards.greenhouse.io/queracomputinginc/jobs/5435902008
2026-09-27-1923,applyguy,"QuEra Computing, Inc.",Internship - Scientific Software and Compilation,,"Boston, MA",,https://job-boards.greenhouse.io/queracomputinginc/jobs/5435902008
2026-09-27-2123,jobright,Boulder Connect,Software Engineering Intern - Summer 2027,,"North Haven, CT, United States",,https://jobright.ai/jobs/info/6ab9b3753a2ec87116e28b49?utm_campaign=1079&utm_source=git
2026-09-28-0727,zshah,Philips,"Intern – Embedded Systems Test Automation Engineer – Bothell, WA – Summer 2027",Summer 2027,"Bothell, Washington, United States",unknown,https://philips.wd3.myworkdayjobs.com/jobs-and-careers/job/Bothell-Washington-United-States/Intern---Embedded-Systems-Test-Automation-Engineer---Bothell--WA---Summer-2027_592074
2026-09-28-0727,jobright,BAE Systems,Technical Intern 3,,"Sterling Heights, MI, United States",,https://jobright.ai/jobs/info/6aa78bffa77a53f5a15757f5?utm_campaign=1079&utm_source=git
2026-09-28-1124,jobright,GE Aerospace,"Digital Technology Intern – US – Cincinnati, OH – Summer 2027",,"Evendale, OH, United States",,https://jobright.ai/jobs/info/6a8279fb379c304e892f2718?utm_campaign=1079&utm_source=git
2026-09-28-1124,jobright,Chick-fil-A Supply,"Digital Transformation & Technology Software Engineer Intern, Summer 2027",,"Atlanta, GA, United States",,https://jobright.ai/jobs/info/6aba68babe5f1e9325115531?utm_campaign=1079&utm_source=git
2026-09-28-1124,jobright,Chick-fil-A Corporate Support Center,"Digital Transformation & Technology Software Engineer Intern, Summer 2027",,"Atlanta, GA, United States",,https://jobright.ai/jobs/info/6aba6527ad8589219ef7d182?utm_campaign=1079&utm_source=git
2026-09-28-1124,jobright,HII,SPRING 2027 IT CO-OP,,"Newport News, VA, United States",,https://jobright.ai/jobs/info/6aba64c5be5f1e9325115436?utm_campaign=1079&utm_source=git
2026-09-28-1124,jobright,Bay Center Foods,"Digital Transformation & Technology Software Engineer Intern, Summer 2027",,"Atlanta, GA, United States",,https://jobright.ai/jobs/info/6aba61fdee0b348be7299508?utm_campaign=1079&utm_source=git
2026-09-28-1223,jobright,GE Aerospace,"Digital Technology Intern – US – Livonia, MI – Summer 2027",,"Livonia, MI, United States",,https://jobright.ai/jobs/info/6a8279f03eeac101cfa9b052?utm_campaign=1079&utm_source=git
2026-09-28-1223,jobright,GALLO,IT Software Developer Internship 2027 Job Details / Gallo,,"Modesto, CA, United States",,https://jobright.ai/jobs/info/6a8bcefa25fc4e7ae3db661f?utm_campaign=1079&utm_source=git
2026-09-28-1323,zshah,GM financial,Intern - Cybersecurity,Summer 2027,"Arlington, TX, United States",unknown,https://fa-exvu-saasfaprod1.fa.ocs.oraclecloud.com/hcmUI/CandidateExperience/en/sites/CX_1/job/260836
2026-09-28-1323,zshah,Bosch,Radar Sensing AI Research Intern,,"Pittsburgh, PA, United States",unknown,https://jobs.smartrecruiters.com/BoschGroup/744000152219569
2026-09-28-1323,zshah,Brunswick,Data Science Intern,,"Champaign, IL",no-sponsorship,https://brunswick.wd1.myworkdayjobs.com/search/job/Champaign-IL/Data-Science-Intern_JR-051760
2026-09-28-1323,zshah,Cencora,Data Scientist Intern,,"Conshohocken, PA",unknown,https://myhrabc.wd5.myworkdayjobs.com/Global/job/Conshohocken-PA/Data-Scientist-Intern_R2613623
2026-09-28-1323,zshah,Cencora,IT Software Development Intern,Summer 2027,"Conshohocken, PA",no-sponsorship,https://myhrabc.wd5.myworkdayjobs.com/Global/job/Conshohocken-PA/IT-Software-Development-Intern_R2614039
2026-09-28-1323,zshah,Cencora,IT Software Intern,Summer 2027,"Conshohocken, PA",no-sponsorship,https://myhrabc.wd5.myworkdayjobs.com/Global/job/Conshohocken-PA/IT-Software-Intern_R2614031
2026-09-28-1323,zshah,Formlabsinternships,Desktop Software Intern (Summer 2027),Summer 2027,"Somerville, MA",unknown,https://job-boards.greenhouse.io/formlabsinternships/jobs/8223362
2026-09-28-1323,zshah,Keenfinity,Software Engineering Intern,,"Lincoln, NE, United States",unknown,https://jobs.smartrecruiters.com/Keenfinity/744000152241469
2026-09-28-1323,zshah,POET,Software Developer Intern,,"Sioux Falls, SD",unknown,https://poet.wd1.myworkdayjobs.com/POET/job/Sioux-Falls-SD/Software-Developer-Intern_R101786-1
2026-09-28-1323,zshah,RTX,Cyber Research Internship (Summer 2027) - Onsite,Summer 2027,US-IA-CEDAR RAPIDS-166 ~ 855 35Th St NE ~ BLDG 166,citizens-only,https://globalhr.wd5.myworkdayjobs.com/rec_rtx_ext_gateway/job/US-IA-CEDAR-RAPIDS-166--855-35Th-St-NE--BLDG-166/Cyber-Research-Internship--Summer-2027----Onsite_01872177
2026-09-28-1323,zshah,RTX,"2027 Summer/Fall Co-op, AGS Software Engineering (Onsite)",Summer 2027,US-IA-CEDAR RAPIDS-131 ~ 5450 C Ave NE ~ BLDG 131,citizens-only,https://globalhr.wd5.myworkdayjobs.com/rec_rtx_ext_gateway/job/US-IA-CEDAR-RAPIDS-131--5450-C-Ave-NE--BLDG-131/XMLNAME-2027-Summer-Fall-Co-op--AGS-Software-Engineering--Onsite-_01871646
2026-09-28-1323,zshah,RTX,Flight Control Software Engineering Intern (Summer 2027),Summer 2027,US-IA-CEDAR RAPIDS-193 ~ 1120 Collins Rd NE ~ BLDG193,unknown,https://globalhr.wd5.myworkdayjobs.com/rec_rtx_ext_gateway/job/US-IA-CEDAR-RAPIDS-193--1120-Collins-Rd-NE--BLDG193/Flight-Control-Software-Engineering-Intern--Summer-2027-_01871040
2026-09-28-1323,zshah,The Aerospace Corporation,2027 Software Implementation and Integration Undergrad Cleared Intern,Summer 2027,"Chantilly, VA",citizens-only,https://aero.wd5.myworkdayjobs.com/external/job/Chantilly-VA/XMLNAME-2027-Software-Implementation-and-Integration-Undergrad-Cleared-Intern_R016740
2026-09-28-1323,zshah,Upbound Group,Cybersecurity Intern,Summer 2027,"Plano, TX",unknown,https://upbound.wd501.myworkdayjobs.com/Upbound/job/Plano-TX/Cybersecurity-Intern_R-100776
2026-09-28-1323,zshah,Veterans United,Intern - Software Engineer - Summer 2027,Summer 2027,Remote MO,unknown,https://veteransunited.wd1.myworkdayjobs.com/VUHL/job/Remote-MO/Intern---Software-Engineer---Summer-2027_R6249
2026-09-28-1323,jobright,Travelers,Engineering Development Program (EDP) Co-op Intern,,"Hartford, CT, United States",,https://jobright.ai/jobs/info/6aba8f7a7220f52e62ae6d85?utm_campaign=1079&utm_source=git
2026-09-28-1323,jobright,Indiana Farm Bureau Insurance,Software Engineering Intern - Summer 2027,,"Indianapolis, IN, United States",,https://jobright.ai/jobs/info/6aba83dfd2914e9273eebb1d?utm_campaign=1079&utm_source=git
2026-09-28-1323,jobright,Elevated Web Design,React Software Engineering Internship,,United States,,https://jobright.ai/jobs/info/6aba82741acb8fc6f09bff04?utm_campaign=1079&utm_source=git
2026-09-28-1323,jobright,GE Aerospace,Engines Engineering Intern – Computer or Software Engineering – US – Summer 2027,,"Evendale, OH, United States",,https://jobright.ai/jobs/info/6a8279ed3eeac101cfa9b04e?utm_campaign=1079&utm_source=git
2026-09-28-1323,jobright,GE Aerospace,"Digital Technology Intern – US – Atlanta, GA –  Summer 2027",,"Atlanta, GA, United States",,https://jobright.ai/jobs/info/6a8279eb1081a745e970a76e?utm_campaign=1079&utm_source=git
2026-09-28-1323,jobright,"OCV, LLC","Software Eng, Manifest Intern",,"Opelika, AL, United States",,https://jobright.ai/jobs/info/6aba85ce7220f52e62ae6b18?utm_campaign=1079&utm_source=git
2026-09-28-1323,jobright,"Lowe's Companies, Inc.",Quality Assurance Engineering - Undergrad Internship - Summer 2027,,"Mooresville, NC, United States",,https://jobright.ai/jobs/info/6aba86741acb8fc6f09c0052?utm_campaign=1079&utm_source=git
2026-09-28-1323,jobright,Cencora,Java Web Applications & Business Services Intern,,"Conshohocken, PA, United States",,https://jobright.ai/jobs/info/6aba861a7220f52e62ae6b37?utm_campaign=1079&utm_source=git
2026-09-28-1323,applyguy,Ttmtech,Software Engineering Intern - Summer 2027,Summer 2027,"Syracuse, NY",,https://ttmtech.wd5.myworkdayjobs.com/jobs/job/Syracuse-NY/Software-Engineering-Intern---Summer-2027_R18253
2026-09-28-1423,jobright,Invia CEE x Travelplanet.pl x Wakacje.pl,Full Stack Independent Application Development – Training Cum Internship,,"New York, NY, United States",,https://jobright.ai/jobs/info/6abaa641ad8589219ef7e7ab?utm_campaign=1079&utm_source=git
2026-09-28-1423,jobright,Todd,Backend Software Engineer Intern (Fall '26),,United States,,https://jobright.ai/jobs/info/6abaa236ad8589219ef7e5d7?utm_campaign=1079&utm_source=git
2026-09-28-1423,jobright,Anthropologie Weddings,URBN Software Engineering Intern,,"Philadelphia, PA, United States",,https://jobright.ai/jobs/info/6aa80c312ed333b4ea5ccee7?utm_campaign=1079&utm_source=git
2026-09-28-1423,jobright,General Dynamics Mission Systems,SW Engineering (Java/C++) Intern (Summer 2027),,"Manassas, VA, United States",,https://jobright.ai/jobs/info/6aba9478d2914e9273eec05f?utm_campaign=1079&utm_source=git
2026-09-28-1423,jobright,General Dynamics,SW Engineering (Java/C++) Intern (Summer 2027),,"Manassas, VA, United States",,https://jobright.ai/jobs/info/6abaa1ffbe5f1e9325116802?utm_campaign=1079&utm_source=git
2026-09-28-1423,jobright,TTM Technologies,Software Engineering Intern - Summer 2027,,"Syracuse, NY, United States",,https://jobright.ai/jobs/info/6abaa3221acb8fc6f09c0ae9?utm_campaign=1079&utm_source=git
2026-09-28-1423,jobright,RSM US LLP,Application Development Intern - Summer 2027,,"Des Moines, IA, United States",,https://jobright.ai/jobs/info/6aba9d9e7220f52e62ae7440?utm_campaign=1079&utm_source=git
2026-09-28-1423,applyguy,AVARINT LLC,DIADS Software Engineer Intern,,USA,,https://recruiting.paylocity.com/Recruiting/Jobs/Details/3814718
2026-09-28-1524,speedyapply,Rivian,Embedded Systems Software Engineering Intern at UIUC Research Park - January - August 2027,,"Champaign, IL",,https://jobs.ashbyhq.com/rivianvw.tech/f421a524-72da-4dd6-a549-bbee9e98622e
2026-09-28-1524,speedyapply,Raytheon,Software Engineering Co-op - Summer/Fall 2027,,"Wilsonville, OR",,https://globalhr.wd5.myworkdayjobs.com/en-US/rec_rtx_ext_gateway/job/US-OR-WILSONVILLE-596--27500-SW-Parkway-Ave--BLDG-596/Software-Engineering-Co-op--Summer-Fall-2027-_01870236
2026-09-28-1524,speedyapply,GDIT,GDIT Summer Internship Program - Summer 2027 AI/ML Software Development and Engineering Internship,,"Bossier City, LA",,https://gdit.wd5.myworkdayjobs.com/en-US/gdit_earlytalent/job/USA-LA-Bossier-City/GDIT-Summer-Internship-Program---Summer-2027-AI-ML-Software-Development-and-Engineering-Internship_RQ228939
2026-09-28-1524,speedyapply,AmerisourceBergen,Software Intern,,Remote - USA,,https://myhrabc.wd5.myworkdayjobs.com/en-US/global/job/Remote-USA/Software-Intern_R2613763
2026-09-28-1524,speedyapply,AmerisourceBergen,EDI IT Software Developer Intern,,"Conshohocken, PA",,https://myhrabc.wd5.myworkdayjobs.com/en-US/global/job/Conshohocken-PA/EDI-IT-Software-Developer-Intern_R2612376
2026-09-28-1524,speedyapply,Raytheon,Software Engineering Co-op - Fall/Spring 2027,,"Cedar Rapids, IA",,https://globalhr.wd5.myworkdayjobs.com/en-US/rec_rtx_ext_gateway/job/US-IA-CEDAR-RAPIDS-107--400-Collins-Rd-NE--BLDG-107/Software-Engineering-Co-op--Fall-Spring-2027-_01872683
2026-09-28-1524,speedyapply,Rockwell Automation,Intern - AI Software Engineering - June-August 2027,,"Mayfield Heights, OH +1",,https://rockwellautomation.wd1.myworkdayjobs.com/en-US/external_rockwell_automation/job/Mayfield-Heights-Ohio-United-States/Intern--AI-Software-Engineering--June-August-2027-_R26-6980-1
2026-09-28-1524,speedyapply,Rockwell Automation,Co-op - AI Software Engineering - 6-8 months,,"Mayfield Heights, OH +1",,https://rockwellautomation.wd1.myworkdayjobs.com/en-US/external_rockwell_automation/job/Mayfield-Heights-Ohio-United-States/Co-op--AI-Software-Engineering--6-8-months-_R26-6982-1
2026-09-28-1524,speedyapply,SEL,Software Engineer Intern,,"Boise, ID",,https://selinc.wd1.myworkdayjobs.com/en-US/sel/job/Idaho---Boise/Software-Engineer-Intern_2026-23076
2026-09-28-1524,speedyapply,PathAI,Software Engineering - ML Ops Intern/Co-Op,,"Boston, MA",,https://www.pathai.com/careers/8651564002?gh_jid=8651564002
2026-09-28-1623,jobright,Electronic Arts (EA),Software Engineer Intern - SUMMER 2027,,"Austin, TX, United States",,https://jobright.ai/jobs/info/6abab513ee0b348be729b054?utm_campaign=1079&utm_source=git
2026-09-28-1623,jobright,Todd,Backend Software Engineer Intern (Winter '26),,United States,,https://jobright.ai/jobs/info/6abab4f97220f52e62ae7c6d?utm_campaign=1079&utm_source=git
2026-09-28-1623,jobright,Allianz Life,Summer 2027 AIM Hedging Software Developer Internship / Fully Onsite,,"Minneapolis, MN, United States",,https://jobright.ai/jobs/info/6abaadd91acb8fc6f09c0ec9?utm_campaign=1079&utm_source=git
2026-09-28-1623,jobright,Allianz,Summer 2027 AIM Hedging Software Developer Internship / Fully Onsite,,"Minneapolis, MN, United States",,https://jobright.ai/jobs/info/6abaa8a1be5f1e9325116a46?utm_campaign=1079&utm_source=git
2026-09-28-1623,jobright,Grainger,GTG Intern - Software Engineer,,"Chicago, IL, United States",,https://jobright.ai/jobs/info/6ab4b5396ee03b57e1d43c52?utm_campaign=1079&utm_source=git
2026-09-28-1623,jobright,Veterans United Home Loans,Intern - Software Engineer - Summer 2027,,"Missouri, United States",,https://jobright.ai/jobs/info/6abaaf09be5f1e9325116ca6?utm_campaign=1079&utm_source=git
2026-09-28-1723,jobright,Todd,Backend Software Engineer Intern (Spring '27),,United States,,https://jobright.ai/jobs/info/6abac5047220f52e62ae820d?utm_campaign=1079&utm_source=git
2026-09-28-1723,jobright,Waymo,"2027 Summer Intern, BS, Depot Automation",,"San Francisco, CA, United States",,https://jobright.ai/jobs/info/6abac33e7220f52e62ae81c3?utm_campaign=1079&utm_source=git
2026-09-28-1723,jobright,Wiss,"Intern, Digital Technology",,"Florham Park, NJ, United States",,https://jobright.ai/jobs/info/6abab9f31acb8fc6f09c12e7?utm_campaign=1079&utm_source=git
2026-09-28-1723,jobright,Keenfinity Group,Software Engineering Intern,,"Lincoln, NE, United States",,https://jobright.ai/jobs/info/6abab9677220f52e62ae7dfc?utm_campaign=1079&utm_source=git
2026-09-28-1723,jobright,Vervint,Software Development Intern,,"Grand Rapids, MI, United States",,https://jobright.ai/jobs/info/6abab6b11acb8fc6f09c11ef?utm_campaign=1079&utm_source=git
2026-09-28-1723,jobright,Rigaku,"Software Engineering Intern, RA",,"The Woodlands, TX, United States",,https://jobright.ai/jobs/info/6abac38dd2914e9273eed28e?utm_campaign=1079&utm_source=git
2026-09-28-1723,applyguy,Framatome Inc.,AI and Software Innovation Intern,,"Lynchburg, VA",,https://careers-framatome.icims.com/jobs/3385/ai-and-software-innovation-intern/job
2026-09-28-1823,zshah,Cencora,AI Intern,Summer 2027,"Conshohocken, PA",no-sponsorship,https://myhrabc.wd5.myworkdayjobs.com/Global/job/Conshohocken-PA/AI-Intern_R2613670
2026-09-28-1823,zshah,Zurn Elkay Water Solutions,IT Infrastructure & AI Enablement Intern (Summer 2027),Summer 2027,"Milwaukee, WI",unknown,https://elkay.wd1.myworkdayjobs.com/Elkay_External/job/Milwaukee-WI/IT-Infrastructure-Intern--Summer-2027-_REQ-020160
2026-09-28-1823,jobright,IBM,Quantum Information Software Intern 2027,,"Cambridge, MA, United States",,https://jobright.ai/jobs/info/6abadbe0d2914e9273eedb9c?utm_campaign=1079&utm_source=git
2026-09-28-1823,jobright,Elevated Web Design,Python Software Engineering Internship,,United States,,https://jobright.ai/jobs/info/6abad831d2914e9273eeda7d?utm_campaign=1079&utm_source=git
2026-09-28-1823,jobright,Todd,Fullstack Software Engineer Intern (Winter '26),,United States,,https://jobright.ai/jobs/info/6abad687be5f1e9325117b1e?utm_campaign=1079&utm_source=git
2026-09-28-1823,jobright,My Monthly,Web Design & Front-End Intern,,"New York, NY, United States",,https://jobright.ai/jobs/info/6abad48fee0b348be729bc18?utm_campaign=1079&utm_source=git
2026-09-28-1823,jobright,CGI,Software Developer Intern - Summer Internship Program,,"Lafayette, LA, United States",,https://jobright.ai/jobs/info/6a92670f8e596854533796ea?utm_campaign=1079&utm_source=git
2026-09-28-1823,jobright,IBM,Software Developer Intern 2027 - Cambridge,,"Cambridge, MA, United States",,https://jobright.ai/jobs/info/6abacc46ee0b348be729b839?utm_campaign=1079&utm_source=git
2026-09-28-1823,jobright,Guidant Measurement,Software Engineer Intern,,"Erie, PA, United States",,https://jobright.ai/jobs/info/6abad9f31acb8fc6f09c1efe?utm_campaign=1079&utm_source=git
2026-09-28-1823,jobright,General Dynamics Mission Systems,SW Engineering Intern (Summer 2027- Lakewood),,"Lakewood, OH, United States",,https://jobright.ai/jobs/info/6abacd863db4ca81fc7c4936?utm_campaign=1079&utm_source=git
2026-09-28-1823,jobright,General Dynamics,SW Engineering Intern (Summer 2027- Lakewood),,"Lakewood, OH, United States",,https://jobright.ai/jobs/info/6abada41ee0b348be729be51?utm_campaign=1079&utm_source=git
2026-09-28-1823,chieler,Cloudflare,"Software Engineer Intern (2027) - Austin, TX",,,,https://boards.greenhouse.io/cloudflare/jobs/8199958?gh_jid=8199958
2026-09-28-1823,applyguy,Gevernova,GE Vernova - Machine Learning Software Intern - Summer 2027,Summer 2027,"Bellevue, WA",,https://gevernova.wd5.myworkdayjobs.com/only_confidential_executive_recruiting/job/Bellevue/GE-Vernova---Machine-Learning-Software-Intern---Summer-2027_R5050656
2026-09-28-1823,applyguy,FIS,Software Engineering Intern Pipeline,,"Jax 347, FL",,https://fis.wd5.myworkdayjobs.com/searchjobs/job/US-FL-JAX-347/Intern--Software-Engineer--FIS-University-Program_JR0309512
2026-09-28-1924,applyguy,"H&amp;R Block Management, LLC",Software Engineering Intern - S,,"Kansas City, MO",,https://careers-hrblock.icims.com/jobs/76987/software-engineering-intern---s/job
2026-09-28-2024,jobright,The National Board for Certified Counselors,Web Developer Intern,,"Greensboro, NC, United States",,https://jobright.ai/jobs/info/6a8ad258d34f700f87fcd392?utm_campaign=1079&utm_source=git
2026-09-28-2024,jobright,RTX,Co-op: Columbus Forge Disks (CFD) Digital Technology (January 2027 Start),,"Macon, GA, United States",,https://jobright.ai/jobs/info/6abaae3cee0b348be729ae01?utm_campaign=1079&utm_source=git
2026-09-28-2123,simplify,H&R Block,Machine Learning Intern,Summer 2027,"Kansas City, MO",Other,https://careers-hrblock.icims.com/jobs/76992/job?mobile=true&needsRedirect=false
2026-09-28-2123,jobright,GITAI,Field-Deployed Software Engineering Intern,,"Los Angeles, CA, United States",,https://jobright.ai/jobs/info/6abafe203db4ca81fc7c5830?utm_campaign=1079&utm_source=git
2026-09-28-2123,jobright,H&R Block,Software Engineering Intern - S,,"Kansas City, MO, United States",,https://jobright.ai/jobs/info/6abafb237220f52e62ae9332?utm_campaign=1079&utm_source=git
2026-09-28-2123,jobright,Kingland,Advanced Software Engineering Intern,,"Fort Myers, FL, United States",,https://jobright.ai/jobs/info/6abaf7a77220f52e62ae92b1?utm_campaign=1079&utm_source=git
2026-09-28-2223,jobright,The Aerospace Corporation,2027 Software Engineering Undergrad Intern,,"Chantilly, VA, United States",,https://jobright.ai/jobs/info/6abb119fee0b348be729ca40?utm_campaign=1079&utm_source=git
2026-09-28-2223,applyguy,rivian-vw-tech,Embedded Systems Software Engineering Intern at UIUC Research Park (RVT-1644),,"Champaign, IL",,https://jobs.ashbyhq.com/rivianvw.tech/f421a524-72da-4dd6-a549-bbee9e98622e
2026-09-28-2323,applyguy,Hermeus,Flight Software Engineering Intern (Simulation/Hardware-In-The-Loop) - Spring & Summer 2027,Summer 2027,"Los Angeles, CA",,https://jobs.lever.co/hermeus/78008094-ca81-4a0c-9a18-93b30f932acd
2026-09-29-0024,jobright,IBM,2027 Software Developer Intern,,"Poughkeepsie, AR, United States",,https://jobright.ai/jobs/info/6abb21cb7220f52e62aea9c1?utm_campaign=1079&utm_source=git
2026-09-29-0024,jobright,IBM,Software Developer Intern 2027 - Bellevue,,"Bellevue, WA, United States",,https://jobright.ai/jobs/info/6abb205dd2914e9273eefa8b?utm_campaign=1079&utm_source=git
2026-09-29-0024,jobright,Tesla,"Internship, Software Integration Engineer, AI Platforms (Winter/Spring 2027)",,"Palo Alto, CA, United States",,https://jobright.ai/jobs/info/6abb1d5e1acb8fc6f09c3d1e?utm_campaign=1079&utm_source=git
2026-09-29-0024,jobright,"Hakkōda, an IBM Company",Software Developer Intern 2027 - Cambridge,,"Cambridge, MA, United States",,https://jobright.ai/jobs/info/6abb1e15ee0b348be729dbfa?utm_campaign=1079&utm_source=git
2026-09-29-0125,jobright,Allegheny County Department of Human Services,2027 Spring / Full Stack Engineering Intern,,"Pittsburgh, PA, United States",,https://jobright.ai/jobs/info/6abb27a63db4ca81fc7c6fa6?utm_campaign=1079&utm_source=git
2026-09-29-0125,applyguy,Rhoda AI,Robot Software Engineer Internship,,"Mountain View, CA",,https://jobs.ashbyhq.com/rhoda-ai/9a57c8ff-dd2b-4547-a46a-44658a699ba5
2026-09-29-0726,simplify,Thrivent,Application Engineer Intern - Investments,Summer 2027,"Minneapolis, MN",Other,https://thrivent.wd5.myworkdayjobs.com/external/job/Mpls-Investments-Office/IT-Application-Engineer-Intern--Investments---Summer-2027_REQ-48511-2
2026-09-29-0726,simplify,Verizon Communications,Data Scientist Intern - Fiber Engineering & Operations,Summer 2027,"Irving, TX",Other,https://verizon.wd12.myworkdayjobs.com/verizon-careers/job/Irving-Texas/Irving-V-Teamer-for-a-Day--Verizon-Data-Science-Summer-2027-Internship_R-1101386
2026-09-29-0726,simplify,Verizon Communications,Data Science Intern - Network and Technology,Summer 2027,"Irving, TX",Other,https://verizon.wd12.myworkdayjobs.com/verizon-careers/job/Irving-Texas/Verizon-Network-and-Technology--Data-Science-Summer-2027-Internship_R-1101384
2026-09-29-0726,jobright,Susquehanna International Group,Trading System Engineering Internship: Summer 2027,,"Bala Cynwyd, PA, United States",,https://jobright.ai/jobs/info/6abb8e615716c5ea52d0706f?utm_campaign=1079&utm_source=git
2026-09-29-0726,jobright,ByteDance,AI Infrastructure Engineer Intern (Compute Efficiency & Scheduling) - 2027 Summer,,"San Jose, CA, United States",,https://jobright.ai/jobs/info/6a85c09acc81eb647e9ef079?utm_campaign=1079&utm_source=git
2026-09-29-0726,jobright,Federal Reserve Bank of San Francisco,2027 Summer Intern - Technology Group - Junior,,"New York, NY, United States",,https://jobright.ai/jobs/info/6ab447ae7bd0813713316cb1?utm_campaign=1079&utm_source=git
2026-09-29-0726,jobright,"Hakkōda, an IBM Company",Software Developer Intern 2027 - Bellevue,,"Bellevue, WA, United States",,https://jobright.ai/jobs/info/6abb45d23db4ca81fc7c757c?utm_campaign=1079&utm_source=git
2026-09-29-0726,applyguy,upbound,ServiceNow Developer Intern,,"Plano, TX",,https://upbound.wd501.myworkdayjobs.com/upbound/job/Plano-TX/User-Experience-Intern_R-100778
2026-09-29-1123,zshah,Perchwell,Software Engineering Intern,Summer 2027,New York Office,unknown,https://jobs.ashbyhq.com/perchwell/194eec78-26db-4d8e-850f-a99ea2733e9f
2026-09-29-1123,zshah,Enova,Software Engineer Internship Summer 2027 (Hybrid),Summer 2027,"Chicago, IL",no-sponsorship,https://job-boards.greenhouse.io/enova/jobs/8239619
2026-09-29-1123,zshah,National Life,Digital & AI Experience Intern – Summer 2027,Summer 2027,"Addison, TX; Montpelier, VT",no-sponsorship,https://job-boards.greenhouse.io/nationallifeinsurancecompany/jobs/4403876009
2026-09-29-1123,zshah,Upbound Group,ServiceNow Developer Intern,Summer 2027,"Plano, TX",unknown,https://upbound.wd501.myworkdayjobs.com/Upbound/job/Plano-TX/User-Experience-Intern_R-100778
2026-09-29-1123,jobright,STMicroelectronics,Software Algorithm Embedded Intern,,"Santa Clara, CA, United States",,https://jobright.ai/jobs/info/6a678c74872eb74f9ead9a3b?utm_campaign=1079&utm_source=git
2026-09-29-1123,jobright,Boston Scientific,Software Development Engineer Intern Job Details / Boston Scientific,,"Waltham, MA, United States",,https://jobright.ai/jobs/info/6abbb7a23217d1d13329aa50?utm_campaign=1079&utm_source=git
2026-09-29-1123,jobright,Neuralink,"Software Engineer Intern, Implant",,"Austin, TX, United States",,https://jobright.ai/jobs/info/6a8ca19725fc4e7ae3db985e?utm_campaign=1079&utm_source=git
2026-09-29-1123,chieler,Salesforce,Software Engineer Intern (Futureforce),,,,https://salesforce.wd12.myworkdayjobs.com/External_Career_Site/job/California---San-Francisco/Summer-2027-Intern---Software-Engineer_JR340771-1
2026-09-29-1123,applyguy,"Superior Support Resources, Inc.",Software Development Intern,,"Brookfield, WI",,https://recruiting.paylocity.com/Recruiting/Jobs/Details/4544004
2026-09-29-1223,simplify,Perchwell,Software Engineer Intern,Summer 2027,NYC,Other,https://jobs.ashbyhq.com/Perchwell/194eec78-26db-4d8e-850f-a99ea2733e9f/application?embed=true
2026-09-29-1223,simplify,Perchwell,Data Analytics Engineering Intern,Summer 2027,NYC,Other,https://jobs.ashbyhq.com/Perchwell/9d34fc9d-e235-44fc-bdf9-42e75223839a/application?embed=true
2026-09-29-1223,applyguy,Enova International,Software Engineer Internship Summer 2027 (Hybrid),Summer 2027,"Chicago, IL",,https://job-boards.greenhouse.io/enova/jobs/8239619
2026-09-29-1324,simplify,Invesco,Early Career Intern - Technology,Summer 2027,"Atlanta, GA",Other,https://invesco.wd1.myworkdayjobs.com/en-US/IVZ/job/Atlanta-Georgia/Early-Career-Intern---Technology_R-15619-1
2026-09-29-1324,simplify,Draper,Requirements Engineering Intern - Digital Engineering,Summer 2027,"Cambridge, MA; Lowell, MA; Huntsville, AL",Other,https://draper.wd5.myworkdayjobs.com/Draper_Careers/job/Lowell-MA/Digital-Engineering---Requirements-Engineering-Intern--Summer-2027-_JR002945-1
2026-09-29-1324,simplify,Q2,Machine Learning Engineer Intern,Summer 2027,"Cary, NC",Other,https://q2ebanking.wd5.myworkdayjobs.com/Q2/job/Cary-North-Carolina/XMLNAME-2027-Summer-Internship---Machine-Learning-Engineer_REQ-12800
2026-09-29-1324,jobright,IBM,Software Developer - Security - Intern 2027,,"Yorktown Heights, NY, United States",,https://jobright.ai/jobs/info/6abbda253217d1d13329b448?utm_campaign=1079&utm_source=git
2026-09-29-1324,jobright,SSR Total IT,Software Development Intern,,"Brookfield, WI, United States",,https://jobright.ai/jobs/info/6abbd89bd6acfd3dd29fa235?utm_campaign=1079&utm_source=git
2026-09-29-1324,speedyapply,AmerisourceBergen,IT Software Intern,,"Conshohocken, PA",,https://myhrabc.wd5.myworkdayjobs.com/en-US/global/job/Conshohocken-PA/IT-Software-Intern_R2614031
2026-09-29-1324,speedyapply,AmerisourceBergen,IT Software Development Intern,,"Conshohocken, PA",,https://myhrabc.wd5.myworkdayjobs.com/en-US/global/job/Conshohocken-PA/IT-Software-Development-Intern_R2614039
2026-09-29-1324,speedyapply,Formlabs,Desktop Software Intern - Summer 2027,,"Somerville, MA",,https://job-boards.greenhouse.io/formlabsinternships/jobs/8223362
2026-09-29-1324,speedyapply,Raytheon,Flight Control Software Engineering Intern - Summer 2027,,"Cedar Rapids, IA",,https://globalhr.wd5.myworkdayjobs.com/en-US/rec_rtx_ext_gateway/job/US-IA-CEDAR-RAPIDS-193--1120-Collins-Rd-NE--BLDG193/Flight-Control-Software-Engineering-Intern--Summer-2027-_01871040
2026-09-29-1324,speedyapply,Raytheon,Software Engineering Co-op - Spring/Summer 2027,,"Cedar Rapids, IA",,https://globalhr.wd5.myworkdayjobs.com/en-US/rec_rtx_ext_gateway/job/US-IA-CEDAR-RAPIDS-131--5450-C-Ave-NE--BLDG-131/Software-Engineering-Co-op--Spring-Summer-2027-_01871645
2026-09-29-1324,speedyapply,The Marzetti Company,Cloud Integration Engineering Intern - Summer 2027,,"Columbus, OH",,https://internal-marzetti.icims.com/jobs/8125/cloud-integration-engineering-intern---summer-2027/job
2026-09-29-1423,jobright,BioSpace,"Undergrad Intern  Software Engineer  Technology, AI & Data (Summer 2027)",,"Washington, DC, United States",,https://jobright.ai/jobs/info/6abbf2f0a9a644f96568913a?utm_campaign=1079&utm_source=git
2026-09-29-1423,jobright,"Mission Technologies, a division of HII",Summer 2027 Internship - Software Engineer (Hybrid) - 30268 Job Details / HII's Mission Technologies division,,"Columbia, MD, United States",,https://jobright.ai/jobs/info/6abbf0da92b2612ef0f8bc0e?utm_campaign=1079&utm_source=git
2026-09-29-1423,jobright,Fervo Energy,Cloud Engineering Internship,,"Houston, TX, United States",,https://jobright.ai/jobs/info/6a9fed3e5bf5fa48b83b7c26?utm_campaign=1079&utm_source=git
2026-09-29-1523,jobright,MAHLE,Embedded Software Engineer Intern,,"Lockport, NY, United States",,https://jobright.ai/jobs/info/6abbeb9ed6acfd3dd29fabc3?utm_campaign=1079&utm_source=git
2026-09-29-1523,jobright,ByteDance,Software Engineer Intern (Global Payment Infra and SRE) - 2027 Summer,,"San Jose, CA, United States",,https://jobright.ai/jobs/info/6ab0d1a5de327d3e210d8ed0?utm_campaign=1079&utm_source=git
2026-09-29-1523,jobright,Mechronix,Software Engineer Intern,,"New York, NY, United States",,https://jobright.ai/jobs/info/6abbfbfab23c6fb2b81a4592?utm_campaign=1079&utm_source=git
2026-09-29-1523,jobright,Fervo Energy,Software Engineering Internship (IT),,"Houston, TX, United States",,https://jobright.ai/jobs/info/6a9fed08500b01124c7761d8?utm_campaign=1079&utm_source=git
2026-09-29-1523,jobright,Koch Engineered Solutions,Fall 2026 - Software Engineer Co-Op,,"Wichita, KS, United States",,https://jobright.ai/jobs/info/6a978f0bb22f636c814184bc?utm_campaign=1079&utm_source=git
2026-09-29-1623,zshah,S&C Electric Company,Software Engineer Co-Op,Fall 2026,"Chicago, IL, United States",unknown,https://ejia.fa.us6.oraclecloud.com/hcmUI/CandidateExperience/en/sites/CX_1001/job/107307
2026-09-29-1623,zshah,Avav,Digital Business Technology Infrastructure (DBT) Intern,,"Simi Valley, CA",citizens-only,https://avav.wd1.myworkdayjobs.com/avav/job/Simi-Valley-CA/XMLNAME--Digital-Business-Technology-Infrastructure--DBT--Intern_8885
2026-09-29-1623,zshah,ICF,"2027 Summer Intern, AI Engineer (Reston, VA)",Summer 2027,"Reston, VA",citizens-only,https://icf.wd5.myworkdayjobs.com/ICFExternal_Career_Site/job/Reston-VA/XMLNAME-2027-Summer-Intern--AI-Engineer--Reston--VA-_R2603312-1
2026-09-29-1623,zshah,Moog,"Intern, Artificial Intelligence",Fall 2026,"Buffalo, NY",unknown,https://moog.wd5.myworkdayjobs.com/moog_external_career_site/job/Buffalo-NY/Intern--Artificial-Intelligence_R-26-20288
2026-09-29-1623,jobright,ByteDance,Software Engineer Intern (Distributed NoSQL Database Systems) - 2027 Summer,,"San Jose, CA, United States",,https://jobright.ai/jobs/info/6abc06e9b23c6fb2b81a4bb8?utm_campaign=1079&utm_source=git
2026-09-29-1623,jobright,Crown Equipment Corporation,Computer Science and Engineering Co-op - Summer 2027,,"New Bremen, OH, United States",,https://jobright.ai/jobs/info/6aa006b0a2266b538d22dd08?utm_campaign=1079&utm_source=git
2026-09-29-1724,applyguy,Cigna,AI/ML Engineer Intern,,"Austin, TX",,https://cigna.wd5.myworkdayjobs.com/cignacareers/job/Austin-TX/AI-ML-Engineer-Intern_26010877
2026-09-29-1924,simplify,Marvell,AI-Native Development Platform Engineer Intern,Summer 2027,"Santa Clara, CA",Other,https://marvell.wd1.myworkdayjobs.com/MarvellCareers/job/Santa-Clara-CA/AI-Native-Development-Platform-Engineer-Intern--MS---Summer-2027_2603848-1
2026-09-29-1924,simplify,Tesla,Software Engineer Intern - Data Transformations,Winter 2027; Spring 2027,"Palo Alto, CA",Other,https://www.tesla.com/careers/search/job/284925
2026-09-29-1924,simplify,Enova,Software Engineer Intern,Summer 2027,"Chicago, IL",Other,https://job-boards.greenhouse.io/enova/jobs/8239619
2026-09-29-1924,simplify,John Deere,Software Engineer Part-Time Student,,"Champaign, IL",Other,https://johndeere.eightfold.ai/careers/job/137483583981
2026-09-29-1924,simplify,GE Appliances,Software Engineering Co-op,Fall 2026,"Louisville, KY",Other,https://haier.wd3.myworkdayjobs.com/ge_appliances/job/USA-Louisville-KY/Software-Engineering-Co-op-Fall-2026_REQ-26919
2026-09-29-1924,simplify,Risepoint,Analytics Engineering Co-op,Winter 2027,Remote in USA,Other,https://risepoint.wd503.myworkdayjobs.com/Risepoint/job/US---Remote/Analytics-Engineering-Co-Op_JR101355
2026-09-29-1924,simplify,ICF International,AI Engineer Intern,Summer 2027,"Reston, VA",Other,https://icf.wd5.myworkdayjobs.com/icfexternal_career_site/job/Reston-VA/XMLNAME-2027-Summer-Intern--AI-Engineer--Reston--VA-_R2603312-1
2026-09-29-1924,simplify,Westinghouse Electric Company,Software Developer Intern - Tools & Apps,Summer 2027,"Warrendale, PA",Other,https://careers.westinghousenuclear.com/job/Warrendale-Summer-Intern-Tools-&-Apps-OR/1434869300/?ats=successfactors
2026-09-29-1924,simplify,Honeywell,Software Engineering Co-op,Summer 2027,United States,Other,https://ibqbjb.fa.ocs.oraclecloud.com/hcmUI/CandidateExperience/en/sites/Honeywell/job/158957
2026-09-29-1924,simplify,Iridium Communications,Software Engineering Intern,Summer 2027,"Tempe, AZ; McLean, VA",Other,https://careers-iridium.icims.com/jobs/5136/job?mobile=true&needsRedirect=false
2026-09-29-1924,simplify,Acuity,Finance AI Engineering Intern,Summer 2027,"Atlanta, GA",Other,https://careers.acuityinc.com/job/Atlanta-Finance-AI-Engineering-Intern-Onsite-GA-30309/1434878900/?ats=successfactors
2026-09-29-1924,jobright,Tesla,"Internship, AI Software Engineer, Core Infrastructure (Winter/Spring 2027)",,"Palo Alto, CA, United States",,https://jobright.ai/jobs/info/6abc3717d6acfd3dd29fcc58?utm_campaign=1079&utm_source=git
2026-09-29-1924,jobright,Danfoss,Software Engineering Intern,,"Minneapolis, MN, United States",,https://jobright.ai/jobs/info/6abc2faaa9a644f96568ad92?utm_campaign=1079&utm_source=git
2026-09-29-1924,jobright,Cisco,Associate Applications Engineer I (Co-op) - United States,,"Maynard, MA, United States",,https://jobright.ai/jobs/info/6abbfae4b23c6fb2b81a4500?utm_campaign=1079&utm_source=git
2026-09-29-1924,jobright,Todd,Frontend Software Developer Intern (Fall '26),,United States,,https://jobright.ai/jobs/info/6abc32d5d6acfd3dd29fcb61?utm_campaign=1079&utm_source=git
2026-09-29-1924,jobright,Tesla,"Internship, Embedded Software Engineer, Silicon Development (Winter/Spring 2027)",,"Palo Alto, CA, United States",,https://jobright.ai/jobs/info/6abc3170d6acfd3dd29fcb23?utm_campaign=1079&utm_source=git
2026-09-29-1924,jobright,Pratt & Whitney,Digital Technology Intern (Summer 2027),,"East Hartford, CT, United States",,https://jobright.ai/jobs/info/6abc2bd3b23c6fb2b81a5aee?utm_campaign=1079&utm_source=git
2026-09-29-1924,jobright,"Dev Technology Group, Inc.",Microsoft Power Platform & AI Intern (Summer 2027),,"Reston, VA, United States",,https://jobright.ai/jobs/info/6a97184f246d697dcee03562?utm_campaign=1079&utm_source=git
2026-09-29-1924,jobright,Georgia Tech Research Institute,"Software Engineering Intern - Tempe, AZ - Summer 2027 - ATAS",,"Tempe, AZ, United States",,https://jobright.ai/jobs/info/6abc281992b2612ef0f8d652?utm_campaign=1079&utm_source=git
2026-09-29-1924,jobright,Moog Inc.,"Intern, Software Engineering",,"Torrance, CA, United States",,https://jobright.ai/jobs/info/6abc174092b2612ef0f8cc57?utm_campaign=1079&utm_source=git
2026-09-29-1924,jobright,Elevated Web Design,Next.js Software Engineering Internship,,United States,,https://jobright.ai/jobs/info/6abc15a87119e56191ceb2d6?utm_campaign=1079&utm_source=git
2026-09-29-1924,jobright,Fujitsu,Software Engineering Fall Co Op - 1Finity,,"Texas, United States",,https://jobright.ai/jobs/info/6ab1f897d2a93d5a97ebd5a7?utm_campaign=1079&utm_source=git
2026-09-29-1924,jobright,Quantinuum,Quantum Compiler Intern - 992,,"Broomfield, CO, United States",,https://jobright.ai/jobs/info/6aa4231a8275e3a21175f187?utm_campaign=1079&utm_source=git
2026-09-29-1924,jobright,"TriVector Services, Inc.",Computer Science Intern,,"Huntsville, AL, United States",,https://jobright.ai/jobs/info/6abc33f3a9a644f96568ae8b?utm_campaign=1079&utm_source=git
2026-09-29-1924,applyguy,Chamberlain,"Software Engineer 1, Middleware (Intern Conversion)",,"Oak Brook, IL",,https://chamberlain.wd1.myworkdayjobs.com/chamberlain_group/job/Oak-Brook-IL/Software-Engineer-1--Middleware--Intern-Conversion-_JR31674
2026-09-29-1924,applyguy,Iridium Communications Inc.,Iridium Software Engineering Internship &ndash; Summer 2027,Summer 2027,"McLean, VA",,https://careers-iridium.icims.com/jobs/5136/iridium-software-engineering-internship-%e2%80%93-summer-2027/job
2026-09-29-1924,applyguy,Microchip,Intern-Engineering (Software),,"Chandler, AZ",,https://microchiphr.wd5.myworkdayjobs.com/external/job/AZ---Chandler/Intern-Engineering--Software-_R4091-26
2026-09-29-2024,zshah,Avav,Titan-SV Software Engineer Intern,,"Leesburg, VA",citizens-only,https://avav.wd1.myworkdayjobs.com/avav/job/Leesburg-VA/Titan-SV-Software-Engineer-Intern_8901
2026-09-29-2024,zshah,Graphcore Early Careers,Machine Learning and Data Science Engineering Intern,,"Austin, Texas, United States",unknown,https://job-boards.greenhouse.io/graphcore-early-careers/jobs/8857368002
2026-09-29-2024,zshah,Itron,"Intern - Data Science, Distributed Intelligence",Summer 2027,"United States of America, Washington, Liberty Lake",unknown,https://itron.wd5.myworkdayjobs.com/Early_Careers/job/United-States-of-America-Washington-Liberty-Lake/Intern---Data-Science--Distributed-Intelligence_JR102942-2
2026-09-29-2024,zshah,Microchip Technology,Intern-Engineering (Software),,AZ - Chandler,unknown,https://microchiphr.wd5.myworkdayjobs.com/external/job/AZ---Chandler/Intern-Engineering--Software-_R4091-26
2026-09-29-2024,zshah,Robinhood,Data Science Intern (Summer 2027),Summer 2027,"Menlo Park, CA",unknown,https://boards.greenhouse.io/robinhood/jobs/8241738?t=gh_src=&gh_jid=8241738
2026-09-29-2024,zshah,GITAI,Field-Deployed Software Engineering Intern – Immediate Start,,"Los Angeles, California, United States",citizens-only,https://job-boards.greenhouse.io/gitai/jobs/5437128008
2026-09-29-2024,jobright,BAE Systems,"Computer Science Intern, Summer 2027",,"Rockville, MD, United States",,https://jobright.ai/jobs/info/6abc4ac63217d1d13329e22a?utm_campaign=1079&utm_source=git
2026-09-29-2024,jobright,Linde Gas & Equipment,Software Developer Intern,,"Tonawanda, NY, United States",,https://jobright.ai/jobs/info/6abc4815d6acfd3dd29fd082?utm_campaign=1079&utm_source=git
2026-09-29-2024,jobright,Todd,Fullstack Software Developer Intern (Fall '26),,United States,,https://jobright.ai/jobs/info/6abc46377119e56191cec601?utm_campaign=1079&utm_source=git
2026-09-29-2024,jobright,Insulet Corporation,"Co-op, Software Development Engineer in Test: January - June 2027 (Hybrid)",,"Acton, MA, United States",,https://jobright.ai/jobs/info/6abc32e97119e56191cec0ed?utm_campaign=1079&utm_source=git
2026-09-29-2024,jobright,Iridium,Iridium Software Engineering Internship – Summer 2027,,"Tempe, AZ, United States",,https://jobright.ai/jobs/info/6abc3a117119e56191cec2bc?utm_campaign=1079&utm_source=git
2026-09-29-2123,simplify,Robinhood,Data Science Intern,Summer 2027,"Menlo Park, CA",Other,https://boards.greenhouse.io/robinhood/jobs/8241738
2026-09-29-2123,simplify,Itron,Data Science Intern - Distributed Intelligence,Summer 2027,"Liberty Lake, WA",Other,https://itron.wd5.myworkdayjobs.com/Itron/job/United-States-of-America-Washington-Liberty-Lake/Intern---Data-Science--Distributed-Intelligence_JR102942
2026-09-29-2123,simplify,Tesla,Software Developer Intern - Integration Tools,Winter 2027; Spring 2027,"Palo Alto, CA",Other,https://www.tesla.com/careers/search/job/284924
2026-09-29-2123,simplify,Moog,Artificial Intelligence Intern,Fall 2026,"Buffalo, NY",Other,https://moog.wd5.myworkdayjobs.com/moog_external_career_site/job/Buffalo-NY/Intern--Artificial-Intelligence_R-26-20288
2026-09-29-2223,jobright,"onXmaps, Inc.","2027 Summer Internship, Software Development",,"Bozeman, MT, United States",,https://jobright.ai/jobs/info/6abc5a8f187b1378d873db29?utm_campaign=1079&utm_source=git
2026-09-29-2223,jobright,Fidelity Investments,April 2027 - Leap Software Engineer,,"Boston, MA, United States",,https://jobright.ai/jobs/info/6abc35ca7119e56191cec1a8?utm_campaign=1079&utm_source=git
2026-09-29-2223,jobright,Brown Brothers Harriman,2027 Technology Summer Internship – Infrastructure Engineering,,"Boston, MA, United States",,https://jobright.ai/jobs/info/6abc2f82a9a644f96568ad8f?utm_campaign=1079&utm_source=git
2026-09-29-2223,jobright,StudyArena,"Research Intern, Agent Experience · Student Jobs",,"San Francisco, CA, United States",,https://jobright.ai/jobs/info/6abc5700752643de1e5d7aa2?utm_campaign=1079&utm_source=git
2026-09-29-2323,jobright,Textron Specialized Vehicles,2027 Software Engineer Intern,,"Augusta, Georgia, United States",,https://jobright.ai/jobs/info/6abc660b2668e0eab35c20df?utm_campaign=1079&utm_source=git
2026-09-29-2323,jobright,Amca,Software Engineering Internship (Summer 2027),,"El Segundo, CA, United States",,https://jobright.ai/jobs/info/6abc625773339662c7723bce?utm_campaign=1079&utm_source=git
2026-09-29-2323,jobright,Muon Space,GNC Software Engineering Intern (Summer 2027),,"Mountain View, CA, United States",,https://jobright.ai/jobs/info/6abc5ca52668e0eab35c1cff?utm_campaign=1079&utm_source=git
2026-09-29-2323,jobright,Microchip Technology Inc.,Intern-Engineering (Software),,"Chandler, AZ, United States",,https://jobright.ai/jobs/info/6abc596f752643de1e5d7aff?utm_campaign=1079&utm_source=git
2026-09-29-2323,applyguy,AeroVironment,Titan-SV Software Engineer Intern,,"Leesburg, VA",,https://avav.wd1.myworkdayjobs.com/avav/job/Leesburg-VA/Titan-SV-Software-Engineer-Intern_8901
2026-09-30-0023,jobright,Kratos Defense and Security Solutions,Rose Hulman Kratos Space Federal Software Internship 2027,,"Colorado Springs, CO, United States",,https://jobright.ai/jobs/info/6abc8016fbb3359bcc7d211f?utm_campaign=1079&utm_source=git
2026-09-30-0023,jobright,"Hakkōda, an IBM Company",Research Intern 2027 – GPU Acceleration for Quantum Computing Applications,,"Yorktown Heights, NY, United States",,https://jobright.ai/jobs/info/6abc719e752643de1e5d8355?utm_campaign=1079&utm_source=git
2026-09-30-0023,applyguy,GITAI,Field-Deployed Software Engineering Intern – Fall 2026 / Spring 2027,Fall 2026,"Los Angeles, CA",,https://job-boards.greenhouse.io/gitai/jobs/5437128008
2026-09-30-0124,zshah,Northrop Grumman,2027 Embedded Software Engineer Intern – Rolling Meadows IL,Summer 2027,United States-Illinois-Rolling Meadows,citizens-only,https://ngc.wd1.myworkdayjobs.com/Northrop_Grumman_External_Site/job/United-States-Illinois-Rolling-Meadows/XMLNAME-2027-Embedded-Software-Engineer-Intern---Rolling-Meadows-IL_R10252790
2026-09-30-0124,zshah,Northrop Grumman,2027 Software Digital Intern - Rolling Meadows IL,Summer 2027,United States-Illinois-Rolling Meadows,citizens-only,https://ngc.wd1.myworkdayjobs.com/Northrop_Grumman_External_Site/job/United-States-Illinois-Rolling-Meadows/XMLNAME-2027-Software-Digital-Intern---Rolling-Meadows-IL_R10252812
2026-09-30-0124,zshah,Marvell,"Machine Learning Engineer Intern, BS/MS - Summer 2027",Summer 2027,"Santa Clara, CA",unknown,https://marvell.wd1.myworkdayjobs.com/marvellcareers2/job/Santa-Clara-CA/Machine-Learning-Engineer-Intern--BS-MS---Summer-2027_2603860-1
2026-09-30-0124,jobright,Tesla,"Internship, Embedded Software Engineer, Vehicle Suspension (Winter/Spring 2027)",,"Palo Alto, CA, United States",,https://jobright.ai/jobs/info/6abc90412668e0eab35c27d5?utm_campaign=1079&utm_source=git
2026-09-30-0724,simplify,AMCA,Software Engineer Intern,Summer 2027,"El Segundo, CA",Other,https://job-boards.greenhouse.io/amca/jobs/4425120009
2026-09-30-0724,simplify,POET,Data Engineer Intern,Summer 2027,"Sioux Falls, SD",Other,https://poet.wd1.myworkdayjobs.com/POET/job/Sioux-Falls-SD/Data-Engineering-Intern_R101787
2026-09-30-0724,jobright,Midcontinent Independent System Operator (MISO),2027 Summer Intern - Software Engineering,,"Carmel, IN, United States",,https://jobright.ai/jobs/info/6aa00725a2266b538d22dd22?utm_campaign=1079&utm_source=git
2026-09-30-0724,jobright,Southern Farm Bureau Life Insurance Company,Applications Development Intern,,"Jackson, MS, United States",,https://jobright.ai/jobs/info/6ab2d58d78c69ff506c40d1b?utm_campaign=1079&utm_source=git
2026-09-30-0724,jobright,CNH,Embedded Software Engineer Intern,,"Sioux Falls, SD, United States",,https://jobright.ai/jobs/info/6abcd231372c01f6cd71d6ee?utm_campaign=1079&utm_source=git
2026-09-30-0724,jobright,Todd,Fullstack Software Developer Intern (Winter '26),,United States,,https://jobright.ai/jobs/info/6abcc9a10e027c0f3b3929cb?utm_campaign=1079&utm_source=git
2026-09-30-0724,jobright,AV,Titan-SV Software Engineer Intern,,"Leesburg, VA, United States",,https://jobright.ai/jobs/info/6abc570efbb3359bcc7d16b1?utm_campaign=1079&utm_source=git
2026-09-30-0724,jobright,Society Insurance,Software Engineer Intern,,"Fond du Lac, WI, United States",,https://jobright.ai/jobs/info/6abc979562033c231d7811ed?utm_campaign=1079&utm_source=git
2026-09-30-0724,jobright,L3Harris Technologies,"Intern, Software Engineer Spring 2027",,"Greenville, TX, United States",,https://jobright.ai/jobs/info/6a844fec2f4f0014cae1fc95?utm_campaign=1079&utm_source=git
2026-09-30-0824,jobright,Beckman Coulter Diagnostics,Software Engineering Intern,,"Chaska, MN, United States",,https://jobright.ai/jobs/info/6aa04e4b500b01124c778261?utm_campaign=1079&utm_source=git
2026-09-30-0824,jobright,Rivian and Volkswagen Group Technologies,Software Engineering Intern - Vehicle Controls (January - August 2027),,"Irvine, CA, United States",,https://jobright.ai/jobs/info/6aa041d9ea127c379469602d?utm_campaign=1079&utm_source=git
2026-09-30-0824,jobright,ByteDance,Software Engineer Intern (AML-Engine-Orchestration) - 2027 Start,,"San Jose, CA, United States",,https://jobright.ai/jobs/info/6a8da9cb581f2d7bfdfe828e?utm_campaign=1079&utm_source=git
2026-09-30-0824,jobright,ByteDance,Software Engineer Intern (Global Payment) - 2027 Summer,,"San Jose, CA, United States",,https://jobright.ai/jobs/info/6a8da9c947679c68bf5e3ba9?utm_campaign=1079&utm_source=git
2026-09-30-0824,jobright,ByteDance,Software Engineer Intern (Traffic Infrastructure) - 2027 Summer,,"San Jose, CA, United States",,https://jobright.ai/jobs/info/6a8f176af841e649a71909a3?utm_campaign=1079&utm_source=git
2026-09-30-0924,jobright,Leonardo DRS,2027 Summer - Software Engineering Intern - Cypress CA,,"Cypress, CA, United States",,https://jobright.ai/jobs/info/6abb003bbe5f1e9325118624?utm_campaign=1079&utm_source=git
2026-09-30-0924,jobright,Kvaser AB,Engineer Intern,,"Novi, MI, United States",,https://jobright.ai/jobs/info/6abcfc778ff3fb9b3bc6dee6?utm_campaign=1079&utm_source=git
2026-09-30-0924,jobright,Leonardo DRS,2027 Summer - Software Engineering Intern (Commercial) - Dallas TX,,"Dallas, TX, United States",,https://jobright.ai/jobs/info/6abb0039ee0b348be729c77e?utm_campaign=1079&utm_source=git
2026-09-30-0924,jobright,TikTok,Recommendation Architecture AI/ML Infrastructure Engineer Intern (Data-Arch-TikTok Live) - 2027 Summer,,"San Jose, CA, United States",,https://jobright.ai/jobs/info/6a75b46f7b3417772ade4eee?utm_campaign=1079&utm_source=git
2026-09-30-1025,simplify,Wellmark,Software Engineer Intern - Metadata Enablement Team,Summer 2027,"Des Moines, IA",Other,https://jobs.smartrecruiters.com/WellmarkInc/744000152679699
2026-09-30-1025,simplify,CACI,Software/Network Engineering Intern,Summer 2027,"Florham Park, NJ",Other,https://caci.wd1.myworkdayjobs.com/external/job/Florham-Park-NJ-US/Software-Network-Engineering-Intern---Summer-2027_332895
2026-09-30-1025,simplify,MFS,Investment Data Engineer Co-op,Winter 2027,"Boston, MA",Other,https://mfs.wd1.myworkdayjobs.com/en-US/MFS-Careers/job/Boston/Spring-2027-Investment-Data-Engineer-Co-op--January---June-_MFS-231978
2026-09-30-1123,jobright,Asure Software,Intern - Software Engineering,,"Addison, TX, United States",,https://jobright.ai/jobs/info/6aa171d40ffb3d4fea6b4c0d?utm_campaign=1079&utm_source=git
2026-09-30-1123,jobright,University of Washington,Research Internship in Embedded Systems and Software Development,,United States,,https://jobright.ai/jobs/info/6abd0a854ac55253f5d5aeea?utm_campaign=1079&utm_source=git
2026-09-30-1123,jobright,DICK'S Sporting Goods,Software Engineering - Summer 2027 Corporate Internship,,"Pittsburgh, PA, United States",,https://jobright.ai/jobs/info/6aa8acc83387a3d9b67d25bf?utm_campaign=1079&utm_source=git
2026-09-30-1224,jobright,Deutsche Bank,"Deutsche Bank Internship Programme - Technology, Data and Innovation (TDI) – Cary 2027",,"Cary, NC, United States",,https://jobright.ai/jobs/info/6a83b5519b859b22776706eb?utm_campaign=1079&utm_source=git
2026-09-30-1224,jobright,Marathon Petroleum Corporation,Intern/Co-op - Digital/Information Technology (Fall 2027),,"Findlay, OH, United States",,https://jobright.ai/jobs/info/6a84b0e62f4f0014cae22353?utm_campaign=1079&utm_source=git
2026-09-30-1224,jobright,Leonardo DRS,2027 Summer - Software Engineering Intern (DMES) - Dallas TX,,"Dallas, TX, United States",,https://jobright.ai/jobs/info/6abb004b7220f52e62ae93b5?utm_campaign=1079&utm_source=git
2026-09-30-1224,jobright,Wellmark Blue Cross and Blue Shield,Software Engineer Internship – Metadata Enablement Team,,"Des Moines, IA, United States",,https://jobright.ai/jobs/info/6abd0f12372c01f6cd71e12f?utm_campaign=1079&utm_source=git
2026-09-30-1224,applyguy,CACI,Software/Network Engineering Intern - Summer 2027,Summer 2027,"Florham Park, NJ",,https://caci.wd1.myworkdayjobs.com/external/job/Florham-Park-NJ-US/Software-Network-Engineering-Intern---Summer-2027_332895
2026-09-30-1224,applyguy,Dandy,Summer 2027 Internship - Full Stack Software Engineering,Summer 2027,"New York City, NY",,https://jobs.ashbyhq.com/dandy/d43558e9-8e51-4980-b00d-39275063f099
2026-09-30-1224,applyguy,RTX,Embedded Software Security Eng. Intern - S3E,,"Tucson, AZ",,https://globalhr.wd5.myworkdayjobs.com/private_posting_no_tmp/job/US-AZ-TUCSON-801--1151-E-Hermans-Rd--BLDG-801-External-Site/Embedded-Software-Security-Eng-Intern---S3E_01878712
2026-09-30-1323,jobright,MFS Investment Management,Spring 2027 Jr Software Engineer Co-op (January - June),,"Boston, MA, United States",,https://jobright.ai/jobs/info/6abd175f8ff3fb9b3bc6e4eb?utm_campaign=1079&utm_source=git
2026-09-30-1323,jobright,Elevated Web Design,Product Software Engineering Internship,,United States,,https://jobright.ai/jobs/info/6abd31f4d9621c5b2838a6f2?utm_campaign=1079&utm_source=git
2026-09-30-1323,jobright,CampusMesh Inc,Software Engineer Intern,,"New York, NY, United States",,https://jobright.ai/jobs/info/6abd296a4ac55253f5d5b846?utm_campaign=1079&utm_source=git
2026-09-30-1323,jobright,TikTok,"Research Engineer Intern, Agentic Systems & AI Infrastructure (TikTok-Generalized Arch) - 2027 Summer",,"Seattle, WA, United States",,https://jobright.ai/jobs/info/6a8413b60b610f7a3d0e3ef7?utm_campaign=1079&utm_source=git
2026-09-30-1323,speedyapply,Iridium Satellite Communications,Iridium Software Engineering Internship - Summer 2027,,"McLean, VA +1",,https://careers-iridium.icims.com/jobs/5136/iridium-software-engineering-internship-%e2%80%93-summer-2027/job
2026-09-30-1323,speedyapply,Muon,GNC Software Engineering Intern - Summer 2027,,"Mountain View, CA",,https://job-boards.greenhouse.io/muonspace/jobs/5252680007
2026-09-30-1323,speedyapply,Chamberlain Group,Software Engineer 1 - Middleware - Intern Conversion,,"Oak Brook, IL",,https://chamberlain.wd1.myworkdayjobs.com/en-US/chamberlain_group/job/Oak-Brook-IL/Software-Engineer-1--Middleware--Intern-Conversion-_JR31674
2026-09-30-1323,speedyapply,Zipline,Embedded Software Engineering Intern - Summer 2027,,"South San Francisco, CA",,https://www.zipline.com/open-roles/7978843003?gh_jid=7978843003
2026-09-30-1323,applyguy,Quantum Signal AI,Embedded and Real-Time Software Intern,,"Saline, MI",,https://quantumsignalai.applytojob.com/apply/23a7Z79zfn
2026-09-30-1423,zshah,Stantec,Data Science Intern - Infrastructure (Summer 2027),Summer 2027,"Orlando, FL, United States",unknown,https://hdhl.fa.us6.oraclecloud.com/hcmUI/CandidateExperience/en/sites/CX_1/job/1008052
2026-09-30-1423,zshah,Northrop Grumman,2027 Software Engineering Intern Dulles VA,Summer 2027,United States-Virginia-Dulles,citizens-only,https://ngc.wd1.myworkdayjobs.com/Northrop_Grumman_External_Site/job/United-States-Virginia-Dulles/XMLNAME-2027-Software-Engineering-Intern-Dulles-VA_R10253731
2026-09-30-1423,zshah,Waymo,"2027 Summer Intern, BS, Software Engineering, Labeling",Summer 2027,"Mountain View, CA, USA",unknown,https://careers.withwaymo.com/jobs?gh_jid=8238525
2026-09-30-1423,zshah,Wellmark,Software Engineer Internship – Metadata Enablement Team,,"Des Moines, IA, United States (Hybrid)",unknown,https://jobs.smartrecruiters.com/WellmarkInc/744000152679699
2026-09-30-1423,zshah,Plot Technologies,Co-op -- Applied AI,,New York City,unknown,https://jobs.ashbyhq.com/plot/5f8cfeaa-c368-480f-aaa5-de52452a63d0
2026-09-30-1423,zshah,POET,Software Developer Intern - Summer 2027,Summer 2027,"Sioux Falls, SD",unknown,https://poet.wd1.myworkdayjobs.com/POET/job/Sioux-Falls-SD/Software-Developer-Intern_R101786-1
2026-09-30-1423,jobright,Peraton,Spring & Summer 2027 Software Engineering Co-op,,"San Diego, CA, United States",,https://jobright.ai/jobs/info/6abd450e4ac55253f5d5c69f?utm_campaign=1079&utm_source=git
2026-09-30-1423,jobright,"Mission Technologies, a division of HII",Software Engineer Intern (Multiple Levels) - 30069 Job Details / HII's Mission Technologies division,,"Columbia, MD, United States",,https://jobright.ai/jobs/info/6abd419d0e027c0f3b394665?utm_campaign=1079&utm_source=git
2026-09-30-1423,jobright,"BAE Systems, Inc.","Software Engineering Intern III, Fall 2026",,"Hudson, NH, United States",,https://jobright.ai/jobs/info/6abd3d8e064da25272dfc3ad?utm_campaign=1079&utm_source=git
2026-09-30-1624,jobright,MKS Inc.,2027 Spring Software Engineering Undergraduate Intern/Co-op (R20377),,"Rochester, NY, United States",,https://jobright.ai/jobs/info/6aa19c70ef23570cae245121?utm_campaign=1079&utm_source=git
2026-09-30-1624,jobright,MKS Inc.,2027 Spring Software Engineering Intern (R19945),,"Rochester, NY, United States",,https://jobright.ai/jobs/info/6aa075e03b5aa83237b0949d?utm_campaign=1079&utm_source=git
2026-09-30-1624,jobright,"Quantum Signal AI, LLC",Embedded and Real-Time Software Intern,,"Saline, MI, United States",,https://jobright.ai/jobs/info/6abd4f9dd9621c5b2838b7e9?utm_campaign=1079&utm_source=git
2026-09-30-1723,jobright,Mesirow,"Summer 2027 Intern - IT, Software Developer",,"Chicago, IL, United States",,https://jobright.ai/jobs/info/6abd68888ff3fb9b3bc70798?utm_campaign=1079&utm_source=git
2026-09-30-1723,jobright,MetLife,METx Global Technology Intern,,"Cary, NC, United States",,https://jobright.ai/jobs/info/6abd68348ff3fb9b3bc70779?utm_campaign=1079&utm_source=git
2026-09-30-1723,jobright,Enterprise Mobility,"Intern - Software Engineer, Summer 2027",,"St. Louis, MO, United States",,https://jobright.ai/jobs/info/6abd66684ac55253f5d5d3a7?utm_campaign=1079&utm_source=git
2026-09-30-1723,jobright,BAE Systems,"Embedded Software Engineering Intern, Summer 2027",,"Broomfield, CO, United States",,https://jobright.ai/jobs/info/6abd6434d9621c5b2838bf7c?utm_campaign=1079&utm_source=git
2026-09-30-1723,applyguy,Patch My PC,Software Engineering Intern – Summer 2027,Summer 2027,"Castle Rock, CO",,https://jobs.lever.co/patchmypc/e2bbd0a9-5810-4cf0-bb71-3fd2e1125341
2026-09-30-2223,simplify,Patch My PC,Software Engineer Intern,Summer 2027,"Castle Rock, CO",Other,https://jobs.lever.co/patchmypc/e2bbd0a9-5810-4cf0-bb71-3fd2e1125341/apply
2026-09-30-2223,simplify,ITT,Data Analytics / AI Intern - Summer 2027,Summer 2027,"Irvine, CA",Other,https://careersenus-itt-inc.icims.com/jobs/17657/job?mobile=true&needsRedirect=false
2026-09-30-2223,simplify,Assurant,Software Engineer Intern,Summer 2027,"Miami, FL; Chicago, IL; Atlanta, GA",Other,https://assurant.wd1.myworkdayjobs.com/External_Limited_Posting/job/Atlanta-GA/Summer-2027-Intern--Software-Engineering-Intern_R-115727
2026-09-30-2223,simplify,MetLife,Global Technology Intern,Summer 2027,"Tampa, FL; Hanover, NJ; Cary, NC; NYC",Other,https://metlife.avature.net/en_US/ml/JobDetail/20701
2026-09-30-2223,simplify,Waymo,Software Engineering Intern - Labeling,Summer 2027,"Mountain View, CA",Other,https://careers.withwaymo.com/jobs?gh_jid=8238525
2026-09-30-2223,simplify,Noblis,Data Science and Innovation Intern,Summer 2027,"Springfield, VA; Reston, VA",Other,https://careers.noblis.org/jobs/27942?icims=1
2026-09-30-2223,simplify,Peraton,Software Engineering Co-op,Spring 2027; Summer 2027,"San Diego, CA",Other,https://careers-peraton.icims.com/jobs/171547/job?mobile=true&needsRedirect=false
2026-09-30-2223,simplify,Tesla,Commercial UI Software Engineer Intern,Winter 2027; Spring 2027,"Palo Alto, CA",Other,https://www.tesla.com/careers/search/job/285202
2026-09-30-2223,zshah,Allegion,Summer Intern - Software Engineering - Quality Assurance,,"Golden, CO",unknown,https://allegion.wd5.myworkdayjobs.com/careers/job/Golden-CO/Summer-Intern---Summer-Intern---Software-Engineering---Quality-Assurance_JR37856-1
2026-09-30-2223,zshah,Allen Control Systems,"Software Engineering Intern, UX/UI 2027",Summer 2027,"Austin, TX",unknown,https://jobs.ashbyhq.com/allen-control-systems/1cd2b432-9a01-4ae0-8eb2-6ebd9c278b94
2026-09-30-2223,zshah,Muon Space,Flight Software Engineering Intern (Summer 2027),Summer 2027,"San Jose, CA",unknown,https://job-boards.greenhouse.io/muonspace/jobs/5247725007
2026-09-30-2223,zshah,HCSC,Early Careers - Developer Intern,,Richardson Texas HQ (1001 E. Lookout Drive),no-sponsorship,https://hcsc.wd1.myworkdayjobs.com/HCSC_External/job/Richardson-Texas-HQ-1001-E-Lookout-Drive/Early-Careers---Developer-Intern--Compliance---Health-Quality-_R0059503
2026-09-30-2223,zshah,Sierra Nevada Corporation,Systems Security Engineer I (For 2026 Interns Only),Fall 2026,"Lone Tree, CO",citizens-only,https://snc.wd1.myworkdayjobs.com/snc_external_career_site/job/Lone-Tree-CO/Systems-Security-Engineer-I--For-2026-Interns-Only-_R0030608
2026-09-30-2223,zshah,Dandy,Summer 2027 Internship - Software Engineering Intern,Summer 2027,USA - New York NY,unknown,https://jobs.ashbyhq.com/dandy/d43558e9-8e51-4980-b00d-39275063f099
2026-09-30-2223,zshah,Clay,Software Engineering Intern,,New York,unknown,https://jobs.ashbyhq.com/claylabs/5b7eced2-36bd-4265-a2a8-da0f786e47aa
2026-09-30-2223,jobright,ByteDance,Software Engineer Project Intern (Security-Data) - 2026 Start (BS/MS),,"San Jose, CA, United States",,https://jobright.ai/jobs/info/6a85c0a64afae74a08340f72?utm_campaign=1079&utm_source=git
2026-09-30-2223,jobright,Clarity,Junior Software Engineer Internship,,"Herndon, VA, United States",,https://jobright.ai/jobs/info/6a5208f38576ec69c014a1f2?utm_campaign=1079&utm_source=git
2026-09-30-2223,jobright,Tesla,"Internship, Commercial UI Software Engineer, Energy Engineering (Winter/Spring 2027)",,"Palo Alto, CA, United States",,https://jobright.ai/jobs/info/6abd87ef0e027c0f3b3963f1?utm_campaign=1079&utm_source=git
2026-09-30-2223,jobright,Rivian,Software Engineering Intern - Applied AI (Spring 2027 Co-Op),,"Palo Alto, CA, United States",,https://jobright.ai/jobs/info/6abd869e0e027c0f3b396388?utm_campaign=1079&utm_source=git
2026-09-30-2223,jobright,Punch Through,Mobile Software Engineer Intern,,"Greater Minneapolis–St. Paul Area, United States",,https://jobright.ai/jobs/info/6abd7df28ff3fb9b3bc7102e?utm_campaign=1079&utm_source=git
2026-09-30-2223,jobright,Hidden Level,Embedded Software Engineering Intern – Summer 2027,,"Syracuse, NY, United States",,https://jobright.ai/jobs/info/6abd7d93d9621c5b2838c93d?utm_campaign=1079&utm_source=git
2026-09-30-2223,jobright,Aechelon Technology Inc.,RTK - Junior Software Engineer - Internship,,"Farmer's Branch, TX, United States",,https://jobright.ai/jobs/info/6a3ce22d982bb239f8130a1f?utm_campaign=1079&utm_source=git
2026-09-30-2223,jobright,Battelle,Software Engineering Internship (Summer 2027),,"Beavercreek, OH, United States",,https://jobright.ai/jobs/info/6aad5b136956574eac8b51bc?utm_campaign=1079&utm_source=git
2026-09-30-2223,jobright,Avicena Tech,Software Intern for system integration,,"Sunnyvale, CA, United States",,https://jobright.ai/jobs/info/6a850efd58ded76ad8fea6db?utm_campaign=1079&utm_source=git
2026-09-30-2223,applyguy,Dandy,Summer 2027 Internship - Software Engineering,Summer 2027,"New York City, NY",,https://jobs.ashbyhq.com/dandy/d43558e9-8e51-4980-b00d-39275063f099
2026-09-30-2223,applyguy,Clay Labs,Software Engineering Intern ,,New York,,https://jobs.ashbyhq.com/claylabs/5b7eced2-36bd-4265-a2a8-da0f786e47aa
2026-10-01-0725,simplify,Microsoft,Software Engineer Intern - CoreAI,Summer 2027,"Redmond, WA",Other,https://apply.careers.microsoft.com/careers/job/1970393556951950
2026-10-01-0725,simplify,Microsoft,Software Engineer: AI/ML & LLM Intern,Fall 2026,"Redmond, WA",Other,https://apply.careers.microsoft.com/careers/job/1970393556922929
2026-10-01-0725,simplify,Microsoft,Software Engineer Intern - Data Platform & Analytics,Fall 2026,"Redmond, WA",Other,https://apply.careers.microsoft.com/careers/job/1970393556922931
2026-10-01-0725,simplify,Microsoft,Full-Stack Product Engineer Intern - Web + Services,Fall 2026,"Redmond, WA",Other,https://apply.careers.microsoft.com/careers/job/1970393556922922
2026-10-01-0725,simplify,Microsoft,Software Engineer Intern - Cloud & Distributed Backend,Fall 2026,"Redmond, WA",Other,https://apply.careers.microsoft.com/careers/job/1970393556922923
2026-10-01-0725,simplify,Tesla,Backend Engineer Intern - Infrastructure Engineering,Winter 2027; Spring 2027,"Fremont, CA",Other,https://www.tesla.com/careers/search/job/281467
2026-10-01-0725,simplify,Southwest Airlines,Digital Testing & Optimization Intern,Summer 2027,"Dallas, TX",Other,https://swa.wd1.myworkdayjobs.com/external/job/TX-Dallas/Summer-2027-Digital-Testing---Optimization-Internship_R-2026-73012
2026-10-01-0725,simplify,Southwest Airlines,Customer Experience and Analytics Data Science Intern,Summer 2027,"Dallas, TX",Other,https://swa.wd1.myworkdayjobs.com/external/job/TX-Dallas/Summer-2027-Customer-Experience---Analytics-Data-Science-Internship_R-2026-73023
2026-10-01-0725,simplify,Southwest Airlines,Software Engineer Intern,Summer 2027,"Dallas, TX",Other,https://swa.wd1.myworkdayjobs.com/external/job/TX-Dallas/Summer-2027-Software-Engineer-Internship_R-2026-73270
2026-10-01-0725,simplify,Southwest Airlines,Data Engineer Intern,Summer 2027,"Dallas, TX",Other,https://swa.wd1.myworkdayjobs.com/external/job/TX-Dallas/Summer-2027-Data-Engineer-Internship_R-2026-73271
2026-10-01-0725,simplify,Microsoft,Software Engineer Intern - Azure Databases,,"Redmond, WA",Other,https://apply.careers.microsoft.com/careers/job/1970393557002476
2026-10-01-0725,simplify,Ema,AI Application Engineer,,SF,Other,https://jobs.ashbyhq.com/ema/ab094389-25ec-417b-b646-06969d166d06/application?embed=true
2026-10-01-0725,zshah,Varda Space,Cybersecurity Internship - Summer 2027,Summer 2027,"El Segundo, California, United States",citizens-only,https://job-boards.greenhouse.io/vardaspace/jobs/8005821003
2026-10-01-0725,zshah,Varda Space,Flight Software Internship - Summer 2027,Summer 2027,"El Segundo, California, United States",citizens-only,https://job-boards.greenhouse.io/vardaspace/jobs/8010159003
2026-10-01-0725,jobright,Epic Games,UI Programmer Intern,,"Cary, NC, United States",,https://jobright.ai/jobs/info/6aa204740ffb3d4fea6b843b?utm_campaign=1079&utm_source=git
2026-10-01-0725,jobright,ByteDance,Software Engineer intern (Global Traffic Architecture) - 2027 Summer,,"San Jose, CA, United States",,https://jobright.ai/jobs/info/6a80ceeae51a1e18a241a8a3?utm_campaign=1079&utm_source=git
2026-10-01-0725,jobright,Publicis Sapient,Software Engineer Intern (Class of 2028),,"Chicago, IL, United States",,https://jobright.ai/jobs/info/6ab442140e0ae54eeea478ae?utm_campaign=1079&utm_source=git
2026-10-01-0725,jobright,Activision,Activision 2027 Summer Internships - Graphics Engineering,,"Playa Vista, CA, United States",,https://jobright.ai/jobs/info/6aa5758c2ed333b4ea5c7051?utm_campaign=1079&utm_source=git
2026-10-01-0725,jobright,RTX,Summer 2027 Embedded Software Engineering Intern (Onsite),,"East Hartford, CT, United States",,https://jobright.ai/jobs/info/6abde7ebd9621c5b2838df04?utm_campaign=1079&utm_source=git
2026-10-01-0725,jobright,Waystar,Application Engineer - Intern,,"Atlanta, GA, United States",,https://jobright.ai/jobs/info/6aa1935f500b01124c77d890?utm_campaign=1079&utm_source=git
2026-10-01-0725,jobright,Infinity Ward,Activision 2027 Summer Internships - Software Engineering,,"Sherman Oaks, CA, United States",,https://jobright.ai/jobs/info/6aa1d14f2f936e4a53dae49b?utm_campaign=1079&utm_source=git
2026-10-01-0725,jobright,Trimble Inc.,Software Engineering Intern,,"Westminster, CO, United States",,https://jobright.ai/jobs/info/6abe23d44ac55253f5d5fa2d?utm_campaign=1079&utm_source=git
2026-10-01-0725,jobright,Grainger,GTG Intern - Software Engineer Job Details / Grainger Businesses,,"Chicago, IL, United States",,https://jobright.ai/jobs/info/6abe1d8f8ff3fb9b3bc72cbf?utm_campaign=1079&utm_source=git
2026-10-01-0725,jobright,Techelix,React JS internship,,"Palm Bay, FL, United States",,https://jobright.ai/jobs/info/6abe069bd9621c5b2838e3f6?utm_campaign=1079&utm_source=git
2026-10-01-0725,jobright,TiriVelo Inc,Technical Lead Intern — Software Engineering,,United States,,https://jobright.ai/jobs/info/6abde1a00e027c0f3b397548?utm_campaign=1079&utm_source=git
2026-10-01-0725,jobright,UKG,Software Engineering Internship - Summer 2027,,"Lowell, MA, United States",,https://jobright.ai/jobs/info/6abdb6a4064da25272dfee8b?utm_campaign=1079&utm_source=git
2026-10-01-0725,applyguy,Swa,Summer 2027 Data Engineer Internship,Summer 2027,"Dallas, TX",,https://swa.wd1.myworkdayjobs.com/external/job/TX-Dallas/Summer-2027-Data-Engineer-Internship_R-2026-73271
2026-10-01-0725,applyguy,Swa,Summer 2027 Software Engineer Internship,Summer 2027,"Dallas, TX",,https://swa.wd1.myworkdayjobs.com/external/job/TX-Dallas/Summer-2027-Software-Engineer-Internship_R-2026-73270
2026-10-01-0725,applyguy,Varda Space Industries,Flight Software Internship - Summer 2027,Summer 2027,"El Segundo, CA",,https://job-boards.greenhouse.io/vardaspace/jobs/8010159003
2026-10-01-0825,jobright,Saronic Technologies,Enterprise Technology Intern (Summer 2027),,"Austin, TX, United States",,https://jobright.ai/jobs/info/6aa1c25d2f936e4a53daddd1?utm_campaign=1079&utm_source=git
2026-10-01-0825,jobright,Saronic Technologies,Forward Deployed Engineer Intern (Summer 2027),,"Austin, TX, United States",,https://jobright.ai/jobs/info/6aa1c250ef23570cae24601c?utm_campaign=1079&utm_source=git
2026-10-01-0825,jobright,TruStage,Enterprise Information & Technology Internship (Hybrid),,"Madison, WI, United States",,https://jobright.ai/jobs/info/6aa18b2d0ffb3d4fea6b549f?utm_campaign=1079&utm_source=git
2026-10-01-0825,jobright,CNH,Software Test Engineer Intern,,"Oak Brook, IL, United States",,https://jobright.ai/jobs/info/6aa17f63ef23570cae244153?utm_campaign=1079&utm_source=git
2026-10-01-0825,jobright,Boston Scientific,R&D Software Engineering Intern,,"Maple Grove, MN, United States",,https://jobright.ai/jobs/info/6abb39347220f52e62aeae51?utm_campaign=1079&utm_source=git
2026-10-01-0825,jobright,Southwest Airlines,Summer 2027 Software Engineer Internship,,"Dallas, TX, United States",,https://jobright.ai/jobs/info/6abe2a61d9621c5b2838e787?utm_campaign=1079&utm_source=git
2026-10-01-0825,applyguy,Microsoft,"Software Engineer: Intern Opportunities for University Students - CoreAI - Redmond, WA",,"United States, Washington, Redmond",,https://apply.careers.microsoft.com/careers/job/1970393556951950
2026-10-01-0825,applyguy,Microsoft,"Software Engineer: Fullstack Product (Web + Services)  Intern Opportunities for University Students,",,"United States, Washington, Redmond",,https://apply.careers.microsoft.com/careers/job/1970393556922922
2026-10-01-0825,applyguy,Microsoft,"Software Engineer: Cloud & Distributed Backend Intern Opportunities for University Students, Redmond",,"United States, Washington, Redmond",,https://apply.careers.microsoft.com/careers/job/1970393556922923
2026-10-01-0825,applyguy,Microsoft,"Software Engineer: AI/ML & LLM Intern Opportunities for University Students, Redmond",,"United States, Washington, Redmond",,https://apply.careers.microsoft.com/careers/job/1970393556922929
2026-10-01-0825,applyguy,Microsoft,"Software Engineer: Data Platform/Analytics Intern Opportunities for University Students, Redmond",,"United States, Washington, Redmond",,https://apply.careers.microsoft.com/careers/job/1970393556922931
2026-10-01-1023,simplify,Travelers,Engineering Development Intern,Summer 2027,"Hunt Valley, Cockeysville, MD; Hartford, CT; Atlanta, GA; St Paul, MN",Other,https://travelers.wd5.myworkdayjobs.com/External/job/CT---Hartford/Engineering-Development-Program--EDP----Intern_R-52270
2026-10-01-1023,jobright,IBM,Intern Application Developer – Azure and Microsoft - 2027,,"Baton Rouge, LA, United States",,https://jobright.ai/jobs/info/6a9e2d6e27c94c3d5a1cb637?utm_campaign=1079&utm_source=git
2026-10-01-1023,jobright,General Dynamics Mission Systems,Software Engineer Intern (2027),,"McLeansville, NC, United States",,https://jobright.ai/jobs/info/6abe62f7d9621c5b2838efaf?utm_campaign=1079&utm_source=git
2026-10-01-1023,jobright,General Dynamics,Software Engineer Intern (2027),,"McLeansville, NC, United States",,https://jobright.ai/jobs/info/6abe5605064da25272e00463?utm_campaign=1079&utm_source=git
2026-10-01-1123,simplify,RTX,Software Engineer 1,,"Annapolis, MD",Other,https://globalhr.wd5.myworkdayjobs.com/rec_rtx_ext_gateway/job/US-MD-ANNAPOLIS-906--2551-Riva-Rd--BLDG-906/Software-Engineer-I--Onsite-_01873236
2026-10-01-1123,zshah,Cisco,Software Engineer II (Co-op) - United States,,"Maynard, Massachusetts, US",unknown,https://cisco.wd5.myworkdayjobs.com/cisco_careers/job/Maynard-Massachusetts-US/Software-Engineer-II--Co-op----United-States_2026923
2026-10-01-1123,zshah,Cisco,Software Engineer I (Co-op) - United States,,"Maynard, Massachusetts, US",unknown,https://cisco.wd5.myworkdayjobs.com/cisco_careers/job/Maynard-Massachusetts-US/Software-Engineer-I--Co-op----United-States_2026920
2026-10-01-1123,zshah,Duke Energy,PGO Cybersecurity Summer 2027 Internship,Summer 2027,"Lake Mary, FL",unknown,https://dukeenergy.wd1.myworkdayjobs.com/search/job/Lake-Mary-FL/PGO-Cybersecurity-Summer-2027-Internship_R41822
2026-10-01-1223,jobright,Kensho Technologies,Software Engineer - Summer Intern 2027,,"Cambridge, MA, United States",,https://jobright.ai/jobs/info/6aa18767500b01124c77d14e?utm_campaign=1079&utm_source=git
2026-10-01-1223,applyguy,CACI,Software Development Intern - Summer 2027,Summer 2027,"Ashburn, VA",,https://caci.wd1.myworkdayjobs.com/external/job/Ashburn-VA-US/Software-Development-Intern---Summer-2027_332790
2026-10-01-1223,applyguy,SAS,Summer 2027 - Software Development and Testing Intern,Summer 2027,"Cary, NC",,https://careers-sas.icims.com/jobs/42964/summer-2027---software-development-and-testing-intern/job
2026-10-01-1324,jobright,"Ricoh USA, Inc.",SW Engineer Support Intern,,"Boulder, CO, United States",,https://jobright.ai/jobs/info/6abe7d094ac55253f5d60cfb?utm_campaign=1079&utm_source=git
2026-10-01-1324,jobright,Booz Allen Hamilton,"University - Summer 2027, Software Engineer Intern",,"Fayetteville, NC, United States",,https://jobright.ai/jobs/info/6aa4a5351d92e2d05d115975?utm_campaign=1079&utm_source=git
2026-10-01-1324,jobright,Navy Federal Credit Union,Summer Associate Internship (Mobile Developer),,"Vienna, VA, United States",,https://jobright.ai/jobs/info/6aa1634a0ffb3d4fea6b482f?utm_campaign=1079&utm_source=git
2026-10-01-1324,jobright,Mechronix,Software Engineering Intern,,"Rochester, NY, United States",,https://jobright.ai/jobs/info/6abe742b0e027c0f3b398d38?utm_campaign=1079&utm_source=git
2026-10-01-1324,jobright,Diality,Software V&V Engineering Intern,,"Irvine, CA, United States",,https://jobright.ai/jobs/info/6aa5e36042411952ff9aa3d9?utm_campaign=1079&utm_source=git
2026-10-01-1324,speedyapply,Muon,Flight Software Engineering Intern - Summer 2027,,"San Jose, CA",,https://job-boards.greenhouse.io/muonspace/jobs/5247725007
2026-10-01-1324,speedyapply,Health Care Service,Early Careers - Developer Intern,,"Richardson, TX",,https://hcsc.wd1.myworkdayjobs.com/en-US/hcsc_external/job/Richardson-Texas-HQ-1001-E-Lookout-Drive/Early-Careers---Developer-Intern--Compliance---Health-Quality-_R0059503
2026-10-01-1324,speedyapply,Raytheon,Summer 2027 Embedded Software Engineering Intern - Onsite,,"EAST HARTFORD-ETC, CT",,https://globalhr.wd5.myworkdayjobs.com/en-US/rec_rtx_ext_gateway/job/US-CT-EAST-HARTFORD-ETC--400-Main-St--BLDG-ETC/Summer-2027-Embedded-Software-Engineering-Intern--Onsite-_01878014
2026-10-01-1324,applyguy,Mfs,Summer 2027 Software Engineer Intern (June - August),Summer 2027,"Boston, MA",,https://mfs.wd1.myworkdayjobs.com/mfs-careers/job/Boston/Summer-2027-Software-Engineer-Intern--June---August-_MFS-231983
2026-10-01-1423,jobright,BAE Systems,"Embedded Software Engineering Co-Op II (Summer/Fall 2027) , Navigation and Sensor Systems",,"Cedar Rapids, IA, United States",,https://jobright.ai/jobs/info/6ab3f36b64816213f2d96284?utm_campaign=1079&utm_source=git
2026-10-01-1423,jobright,MFS Investment Management,Summer 2027 Software Engineer Intern (June - August),,"Boston, MA, United States",,https://jobright.ai/jobs/info/6abe71634ac55253f5d607f9?utm_campaign=1079&utm_source=git
2026-10-01-1423,jobright,Riot Games,Software Engineering Intern - Summer 2027 (Remote),,"Los Angeles, CA, United States",,https://jobright.ai/jobs/info/6abe86390e027c0f3b3995c3?utm_campaign=1079&utm_source=git
2026-10-01-1423,jobright,London Computer Systems,Software Developer Co-op/Intern,,"Cincinnati, OH, United States",,https://jobright.ai/jobs/info/6aae4213de327d3e210d5587?utm_campaign=1079&utm_source=git
2026-10-01-1423,applyguy,Microsoft,"Software Engineer: Security & Identity Intern Opportunities for University Students, Redmond",,"United States, Washington, Redmond",,https://apply.careers.microsoft.com/careers/job/1970393556922930
2026-10-01-1524,jobright,Corgan,Software Development Internship / Summer 2027,,"Dallas, TX, United States",,https://jobright.ai/jobs/info/6abea49ad9621c5b28390738?utm_campaign=1079&utm_source=git
2026-10-01-1524,jobright,Glean,"Software Engineer, Intern (Summer 2027)",,"Mountain View, CA, United States",,https://jobright.ai/jobs/info/6abe9bcc372c01f6cd724925?utm_campaign=1079&utm_source=git
2026-10-01-1524,jobright,Amazon Web Services (AWS),Software Dev Engineer internship - Embedded Development,,"Dresden, Tennessee, United States",,https://jobright.ai/jobs/info/6a84a90e2f4f0014cae22049?utm_campaign=1079&utm_source=git
2026-10-01-1623,zshah,ATC,Intern - Cyber Security Summer 2027,Summer 2027,"Pewaukee, WI",unknown,https://atcllc.wd5.myworkdayjobs.com/atcllc/job/Pewaukee-WI/Intern---Cyber-Security-Summer-2027_R0003307
2026-10-01-1623,zshah,CoStar Group,Embedded Software Engineering Intern,Summer 2027,Sunnyvale (US),no-sponsorship,https://costar.wd1.myworkdayjobs.com/Costar_Campus/job/Sunnyvale-US/Embedded-Software-Engineering-Intern_R39950
2026-10-01-1623,zshah,Datacor,Data Science Summer 2027 Internship Program,Summer 2027,"Remote, US",unknown,https://job-boards.greenhouse.io/datacor/jobs/5242412007
2026-10-01-1623,zshah,Gas South,Software Engineering Intern,,"Atlanta, Georgia",unknown,https://job-boards.greenhouse.io/gassouth/jobs/8247622
2026-10-01-1623,zshah,Intel,AI Software Technical Intern,,"US, California, Santa Clara",unknown,https://intel.wd1.myworkdayjobs.com/external/job/US-California-Santa-Clara/AI-Software-Technical-Intern_JR0287544
2026-10-01-1623,zshah,Nordson,Software Intern,,USA - Minnesota - Minneapolis - 5900 Golden Hills Drive,unknown,https://nordsonhcm.wd501.myworkdayjobs.com/nordsoncareers/job/USA---Minnesota---Minneapolis---5900-Golden-Hills-Drive/Software-Intern_REQ52945
2026-10-01-1623,zshah,Nordson,Intern (Software Engineering),,USA - Rhode Island - East Providence,unknown,https://nordsonhcm.wd501.myworkdayjobs.com/nordsoncareers/job/USA---Rhode-Island---East-Providence/Intern--Software-Engineering-_REQ53006
2026-10-01-1623,zshah,Northrop Grumman,2027 Software Engineering Intern - Colorado Springs CO,Summer 2027,United States-Utah-Roy,citizens-only,https://ngc.wd1.myworkdayjobs.com/Northrop_Grumman_External_Site/job/United-States-Utah-Roy/XMLNAME-2027-Software-Engineering-Intern---Colorado-Springs-CO_R10254007
2026-10-01-1623,zshah,RTX,Flight Control Software Engineering Intern (Summer 2027) (Open),Summer 2027,US-IA-CEDAR RAPIDS-193 ~ 1120 Collins Rd NE ~ BLDG193,citizens-only,https://globalhr.wd5.myworkdayjobs.com/rec_rtx_ext_gateway/job/US-IA-CEDAR-RAPIDS-193--1120-Collins-Rd-NE--BLDG193/Flight-Control-Software-Engineering-Intern--Summer-2027---Open-_01870974
2026-10-01-1623,zshah,The Federal Reserve System,Summer 2027 Intern-Cloud Engineering,Summer 2027,"Chicago, IL",no-sponsorship,https://rb.wd5.myworkdayjobs.com/FRS/job/Chicago-IL/Summer-2027-Intern-Cloud-Engineering_R-0000033614
2026-10-01-1623,zshah,The Federal Reserve System,TS - Application Security Intern - 2027,Summer 2027,"Cleveland, OH",citizens-only,https://rb.wd5.myworkdayjobs.com/FRS/job/Cleveland-OH/TS---Application-Security-Intern---2027_R-0000033625
2026-10-01-1623,zshah,The Federal Reserve System,Summer 2027 Intern-Cybersecurity and Information Security,Summer 2027,"Chicago, IL",no-sponsorship,https://rb.wd5.myworkdayjobs.com/FRS/job/Chicago-IL/Summer-2027-Intern-Cybersecurity-and-Information-Security_R-0000033612-1
2026-10-01-1623,zshah,The Federal Reserve System,Summer 2027 Intern-Computer Science and Software Engineering,Summer 2027,"Chicago, IL",no-sponsorship,https://rb.wd5.myworkdayjobs.com/FRS/job/Chicago-IL/Summer-2027-Intern-Computer-Science-and-Software-Engineering_R-0000033637
2026-10-01-1723,jobright,Betterment,Software Engineering Intern,,"New York City, New York, United States",,https://jobright.ai/jobs/info/6abeb14a0e027c0f3b39a328?utm_campaign=1079&utm_source=git
2026-10-01-1723,jobright,Innovative Defense Technologies (IDT),Software Engineer Intern,,"Arlington, VA, United States",,https://jobright.ai/jobs/info/6abeb01c4ac55253f5d61f96?utm_campaign=1079&utm_source=git
2026-10-01-1723,jobright,Innovative Defense Technologies (IDT),Software Test Engineer Intern - JobID-0296,,"San Diego, CA, United States",,https://jobright.ai/jobs/info/6abead36d9621c5b28390a60?utm_campaign=1079&utm_source=git
2026-10-01-1823,simplify,SAS,Software Development and Testing Intern,Summer 2027,"Cary, NC",Other,https://careers-sas.icims.com/jobs/42964/job?mobile=true&needsRedirect=false
2026-10-01-1823,simplify,Amazon,Software Engineer Intern,Summer 2027,"Seattle, WA; Jessup, MD; Arlington County, Arlington, VA; Denver, CO",Other,https://amazon.jobs/en/jobs/10559746/software-development-engineer-intern-summer-2027-usa-amazon-dedicated-cloud-adc
2026-10-01-1823,simplify,Corgan,Software Development Intern,Summer 2027,"Dallas, TX",Other,https://campus-us-corgan.icims.com/jobs/4109/job?mobile=true&needsRedirect=false
2026-10-01-1823,simplify,The Federal Reserve System,Computer Science and Software Engineering Intern,Summer 2027,"Chicago, IL",Other,https://rb.wd5.myworkdayjobs.com/en-US/FRS/job/Chicago-IL/Summer-2027-Intern-Computer-Science-and-Software-Engineering_R-0000033637
2026-10-01-1823,simplify,Glean,Software Engineer Intern,Summer 2027,"Mountain View, CA",Other,https://job-boards.greenhouse.io/gleanwork/jobs/4595665005
2026-10-01-1823,simplify,Riot Games,Software Engineer Intern,Summer 2027,LA,Other,https://job-boards.greenhouse.io/riotgamesup/jobs/8222015
2026-10-01-1823,simplify,Veeam Software,Competitive Intelligence AI Engineer Intern,Summer 2027,Georgia,Other,https://job-boards.eu.greenhouse.io/veeamsoftware/jobs/4955279101
2026-10-01-1823,simplify,Primient,Digital Data & Analytics Intern,Summer 2027,"Schaumburg, IL",Other,https://primient.wd1.myworkdayjobs.com/External_Careers/job/Schaumburg-IL/Digital-Data---Analytics-Intern---Summer-2027_JREQ7011
2026-10-01-1823,simplify,John Deere,IT Software Engineer Part-Time Student - Technology,,"Moline, IL",Other,https://johndeere.eightfold.ai/careers/job/137483700388
2026-10-01-1823,simplify,CoStar Group,Embedded Software Engineer Intern,Summer 2027,"Sunnyvale, CA",Other,https://costar.wd1.myworkdayjobs.com/Costar_Campus/job/Sunnyvale-US/Embedded-Software-Engineering-Intern_R39950
2026-10-01-1823,simplify,Major League Baseball,Baseball Technology Fellow,,"Goodyear, AZ",Other,https://job-boards.greenhouse.io/clevelandguardiansbops/jobs/8857228002
2026-10-01-1823,simplify,Invesco,Early Career Intern - Fixed Income Global Technology,Summer 2027,"Atlanta, GA",Other,https://invesco.wd1.myworkdayjobs.com/en-US/IVZ/job/Atlanta-Georgia/Early-Career-Intern---Fixed-Income-Global-Technology_R-15621-1
2026-10-01-1823,simplify,MFS,Software Engineer Intern,Summer 2027,"Boston, MA",Other,https://mfs.wd1.myworkdayjobs.com/en-US/MFS-Careers/job/Boston/Summer-2027-Software-Engineer-Intern--June---August-_MFS-231985
2026-10-01-1823,simplify,HMH,AI & Automation Development Intern,Summer 2027,"Houston, TX",Other,https://hmhw.wd12.myworkdayjobs.com/hmh_careers/job/Houston-TX/AI---Automation-Development-Intern_JR102458
2026-10-01-1823,simplify,MFS,Software Data Intern,Summer 2027,"Boston, MA",Other,https://mfs.wd1.myworkdayjobs.com/en-US/MFS-Careers/job/Boston/Summer-2027-Software-Engineer-Intern--June---August-_MFS-231984
2026-10-01-1823,simplify,Freddie Mac,Multifamily Capital Markets Analytics & Engineering Intern,Summer 2027,"McLean, VA",Other,https://freddiemac.wd5.myworkdayjobs.com/External/job/McLean-VA/Multifamily-Capital-Markets-Analytics---Engineering-Intern----Summer-2027_JR17690
2026-10-01-1823,simplify,CACI,AI Prompt Engineer Intern,Summer 2027,"Ashburn, VA",Other,https://caci.wd1.myworkdayjobs.com/external/job/Ashburn-VA-US/AI-Prompt-Engineer-High-School-Intern---Summer-2027_332816-1
2026-10-01-1823,simplify,CACI,Software Development Intern,Summer 2027,"Ashburn, VA",Other,https://caci.wd1.myworkdayjobs.com/external/job/Ashburn-VA-US/Software-Development-Intern---Summer-2027_332790
2026-10-01-1823,simplify,CACI,Software Development/Engineer Intern,Summer 2027,Remote in USA,Other,https://caci.wd1.myworkdayjobs.com/external/job/Remote-Any-State/Software-Development-Engineer-Intern---Summer-2027_332894-1
2026-10-01-1823,simplify,American Family Insurance Group,GenAI Intern,Summer 2027,"Madison, WI; Boston, MA",Other,https://amfam.wd1.myworkdayjobs.com/AmFamGroupInternCareers/job/WI-Madison/AMFAM---2027-Summer-GenAI-Intern_R39561
2026-10-01-1823,jobright,Innovative Defense Technologies (IDT),Software Engineer Intern - JobID-0302,,"Arlington, VA, United States",,https://jobright.ai/jobs/info/6abebf08064da25272e0284e?utm_campaign=1079&utm_source=git
2026-10-01-1823,jobright,Genworth,Genworth IT Development Program Intern – Summer 2027,,"Richmond, VA, United States",,https://jobright.ai/jobs/info/6abebc914ac55253f5d623e9?utm_campaign=1079&utm_source=git
2026-10-01-1823,jobright,"GE Appliances, a Haier company",Digital Technology Summer 2027 Internship,,"Louisville, KY, United States",,https://jobright.ai/jobs/info/6abe7851064da25272e00dc6?utm_campaign=1079&utm_source=git
2026-10-01-1823,jobright,TRACTIAN,Software Engineering Internship,,"Atlanta, GA, United States",,https://jobright.ai/jobs/info/6a84efe2e12474455273d2e5?utm_campaign=1079&utm_source=git
2026-10-01-1823,jobright,Boardwalk Pipelines,Intern - Summer 2027 - IT,,"Houston, TX, United States",,https://jobright.ai/jobs/info/6aa1bbd0500b01124c77e9d1?utm_campaign=1079&utm_source=git
2026-10-01-1924,jobright,"Ricoh USA, Inc.",SW Engineer – Microservice Developer Intern,,"Boulder, CO, United States",,https://jobright.ai/jobs/info/6abec9190e027c0f3b39b05a?utm_campaign=1079&utm_source=git
2026-10-01-1924,jobright,Two Sigma,Software Engineering Internship (Summer 2027),,"New York, NY, United States",,https://jobright.ai/jobs/info/6aa06a0b3b5aa83237b08ec8?utm_campaign=1079&utm_source=git
2026-10-01-1924,jobright,InComm Payments,Software Engineering Intern,,"Sandy, UT, United States",,https://jobright.ai/jobs/info/6abec44a064da25272e02b39?utm_campaign=1079&utm_source=git
2026-10-01-1924,jobright,C&S Wholesale Grocers,IS Internship - Web Applications,,"Houston, TX, United States",,https://jobright.ai/jobs/info/6abea3614ac55253f5d61ae8?utm_campaign=1079&utm_source=git
2026-10-01-1924,jobright,BAE Systems,"Embedded Software Engineering Co-Op III (Summer/Fall 2027) , Navigation and Sensor Systems",,"Cedar Rapids, IA, United States",,https://jobright.ai/jobs/info/6ab3f36d55e9168cf5ea35f7?utm_campaign=1079&utm_source=git
2026-10-01-1924,jobright,Freddie Mac,Multifamily Capital Markets Analytics & Engineering Intern -  Summer 2027,,"McLean, VA, United States",,https://jobright.ai/jobs/info/6abe8d7e4ac55253f5d61466?utm_campaign=1079&utm_source=git
2026-10-01-1924,applyguy,Nordsonhcm,Software Intern,,"Minneapolis, MN",,https://nordsonhcm.wd501.myworkdayjobs.com/nordsoncareers/job/USA---Minnesota---Minneapolis---5900-Golden-Hills-Drive/Software-Intern_REQ52945
2026-10-01-1924,applyguy,Nordsonhcm,Intern (Software Engineering),,"East Providence, RI",,https://nordsonhcm.wd501.myworkdayjobs.com/nordsoncareers/job/USA---Rhode-Island---East-Providence/Intern--Software-Engineering-_REQ53006
2026-10-01-2024,zshah,Walleye Capital,Special Projects Developer Intern (Summer 2027),Summer 2027,"New York, New York",unknown,https://job-boards.greenhouse.io/walleyecapital-external-students/jobs/4716166006
2026-10-01-2024,zshah,IMC Trading,"Deep Learning Research Intern - Summer 2027 - Chicago, New York",Summer 2027,"Chicago, United States; New York, United States",unknown,https://job-boards.eu.greenhouse.io/imc/jobs/4907430101
2026-10-01-2024,applyguy,Mfs,Summer 2027 Software Data Intern (June - August),Summer 2027,"Boston, MA",,https://mfs.wd1.myworkdayjobs.com/mfs-careers/job/Boston/Summer-2027-Software-Engineer-Intern--June---August-_MFS-231984
2026-10-01-2024,applyguy,Range,Software Engineering Intern,,"McLean, VA",,https://jobs.ashbyhq.com/range/5fe3697d-b5b3-4772-9de4-1551cb726718
2026-10-01-2123,simplify,Microsoft,Software Engineer Security & Identity Intern,Fall 2026,"Redmond, WA",Other,https://apply.careers.microsoft.com/careers/job/1970393556922930
2026-10-01-2123,simplify,Walleye Capital,Special Projects Developer Intern,Summer 2027,NYC,Other,https://job-boards.greenhouse.io/walleyecapital-external-students/jobs/4716166006
2026-10-01-2223,jobright,Microsoft,"Explore Program Engineering Internship Opportunities: Second-Year Students, Redmond",,"Redmond, WA, United States",,https://jobright.ai/jobs/info/6abef5ed372c01f6cd726ae0?utm_campaign=1079&utm_source=git
2026-10-01-2223,jobright,Federal Reserve Bank of San Francisco,Summer 2027 Intern-Cloud Engineering,,"Chicago, IL, United States",,https://jobright.ai/jobs/info/6abeca4c4ac55253f5d62de9?utm_campaign=1079&utm_source=git
2026-10-01-2323,jobright,Nordson Corporation,Software Intern,,"Minneapolis, MN, United States",,https://jobright.ai/jobs/info/6abecf72d9621c5b28391b5b?utm_campaign=1079&utm_source=git
2026-10-02-0123,jobright,Macquarie Group,2027 Technology Summer Internship Program,,"Greater Houston, United States",,https://jobright.ai/jobs/info/6abf30f3372c01f6cd727658?utm_campaign=1079&utm_source=git
2026-10-02-0123,jobright,General Motors,"2027 Summer Intern - Software Engineer, Autonomous Vehicle: Simulation",,"Sunnyvale, CA, United States",,https://jobright.ai/jobs/info/6abf25798ff3fb9b3bc77713?utm_campaign=1079&utm_source=git
2026-10-02-0123,jobright,Federal Reserve Bank of Chicago,Summer 2027 Intern-Computer Science and Software Engineering,,"Chicago, IL 60604, United States",,https://jobright.ai/jobs/info/6abed3ff0e027c0f3b39b4a1?utm_campaign=1079&utm_source=git
2026-10-02-0123,applyguy,Generalmotors,"2027 Summer Intern - AI/ML Engineer, Autonomous Vehicle: Simulation",Summer 2027,"Sunnyvale, CA",,https://generalmotors.wd5.myworkdayjobs.com/careers_gm/job/Sunnyvale-California-United-States-of-America/XMLNAME-2027-Summer-Intern---AI-ML-Engineer--Autonomous-Vehicle--Simulation_JR-202621508
2026-10-02-0123,applyguy,Generalmotors,"2027 Summer Intern - Software Engineer, Autonomous Vehicle: Simulation",Summer 2027,"Sunnyvale, CA",,https://generalmotors.wd5.myworkdayjobs.com/careers_gm/job/Sunnyvale-California-United-States-of-America/XMLNAME-2027-Summer-Intern---Software-Engineer--Autonomous-Vehicle--Simulation_JR-202621503
2026-10-02-0825,simplify,General Motors,AI/ML Engineer Intern - Autonomous Vehicle: Simulation,Summer 2027,"Sunnyvale, CA",Other,https://generalmotors.wd5.myworkdayjobs.com/Careers_GM/job/Sunnyvale-California-United-States-of-America/XMLNAME-2027-Summer-Intern---AI-ML-Engineer--Autonomous-Vehicle--Simulation_JR-202621508
2026-10-02-0825,simplify,General Motors,Simulation Intern - Software Engineer - Autonomous Vehicle: Simulation,Summer 2027,"Sunnyvale, CA",Other,https://generalmotors.wd5.myworkdayjobs.com/Careers_GM/job/Sunnyvale-California-United-States-of-America/XMLNAME-2027-Summer-Intern---Software-Engineer--Autonomous-Vehicle--Simulation_JR-202621503
2026-10-02-0825,simplify,Mindex,Software Engineer Co-op,Winter 2027; Spring 2027; Summer 2027,"Rochester, NY",Other,https://apply.workable.com/mindex/j/84B10DB922/apply
2026-10-02-0825,zshah,Profluent,"Intern, Software Engineering",,"Emeryville, California, United States",unknown,https://job-boards.greenhouse.io/profluent/jobs/5441955008
2026-10-02-0825,zshah,General Motors,"2027 Summer Intern - AI/ML Engineer, Autonomous Vehicle: Simulation",Summer 2027,"Sunnyvale, California, United States of America",unknown,https://generalmotors.wd5.myworkdayjobs.com/Careers_GM/job/Sunnyvale-California-United-States-of-America/XMLNAME-2027-Summer-Intern---AI-ML-Engineer--Autonomous-Vehicle--Simulation_JR-202621508
2026-10-02-0825,jobright,ByteDance,Software Engineer Intern (CIS Knowledge Bank) - 2027 Fall,,"San Jose, CA, United States",,https://jobright.ai/jobs/info/6abf7c2c4ac55253f5d64ffc?utm_campaign=1079&utm_source=git
2026-10-02-0825,applyguy,Rb,Summer 2027 Intern-Computer Science and Software Engineering,Summer 2027,"Chicago, IL",,https://rb.wd5.myworkdayjobs.com/frs/job/Chicago-IL/Summer-2027-Intern-Computer-Science-and-Software-Engineering_R-0000033637
2026-10-02-0923,zshah,CACI,Network / Cybersecurity Intern - Summer 2027,Summer 2027,"High Point, NC, US",unknown,https://caci.wd1.myworkdayjobs.com/external/job/High-Point-NC-US/Network---Cybersecurity-Intern---Summer-2027_333034-1
2026-10-02-0923,zshah,Graphcore,Machine Learning and Data Science Engineering Intern,,"Austin, Texas, United States",unknown,https://job-boards.greenhouse.io/graphcore/jobs/8862951002
2026-10-02-1424,simplify,Vanguard,College to Corporate IT Intern - Application Development,Summer 2027,"Malvern, PA",Other,https://vanguard.wd5.myworkdayjobs.com/en-US/vanguard_external/job/Malvern-PA/College-to-Corporate-IT-Internship-Application-Development--PA-_182757
2026-10-02-1424,simplify,Regeneron Pharmaceuticals,Data Science & Digital Innovation Co-op - Preclinical Manufacturing & Research IT,Spring 2027; Summer 2027,"Tarrytown, NY",Other,https://regeneron.wd1.myworkdayjobs.com/en-US/Careers/job/TARRYTOWN/XMLNAME-2027-Co-op-Data-Science---Digital-Innovation--Preclinical-Manufacturing---Research-IT-_R51031-1
2026-10-02-1424,simplify,MFS,Enterprise Data Management Intern,Summer 2027,"Boston, MA",Other,https://mfs.wd1.myworkdayjobs.com/en-US/MFS-Careers/job/Boston/Summer-2027-Enterprise-Data-Management-Intern--June---August-_MFS-231987
2026-10-02-1424,simplify,Northrop Grumman,College Technical Intern,Summer 2027,"McLean, VA",Other,https://ngc.wd1.myworkdayjobs.com/Northrop_Grumman_External_Site/job/United-States-Virginia-McLean/XMLNAME-2027-College-Technical-Intern---McLean-VA_R10253146
2026-10-02-1424,zshah,Amazon,Software Development Engineer Intern (Embedded Systems) - Summer 2027 (USA),Summer 2027,"Seattle, Washington, USA",unknown,https://www.amazon.jobs/en/jobs/10567914/software-development-engineer-intern-embedded-systems-summer-2027-usa
2026-10-02-1424,zshah,Bedrock Robotics,"2027 Internship Behavior ML Engineer, Learned Manipulation Policies",Summer 2027,"San Francisco, CA",unknown,https://jobs.ashbyhq.com/bedrock-robotics/96a6423e-7439-4cb4-9109-117b14e47f7c
2026-10-02-1424,zshah,Harvey,Software Engineering Intern (Summer 2027),Summer 2027,New York,unknown,https://jobs.ashbyhq.com/harvey/06d64648-b84b-48ae-94a2-d9c06dfdcb5d
2026-10-02-1424,zshah,Leidos,Business Systems AI Intern,,6314 Remote/Teleworker US,citizens-only,https://leidos.wd5.myworkdayjobs.com/External/job/6314-RemoteTeleworker-US/Business-Systems-AI-Intern_R-00193770
2026-10-02-1424,zshah,Vanguard,College to Corporate IT Internship-Risk & Security Engineer (PA),Summer 2027,"Malvern, PA",unknown,https://vanguard.wd5.myworkdayjobs.com/vanguard_external/job/Malvern-PA/College-to-Corporate-IT-Internship-Risk---Security-Engineer--PA-_182784
2026-10-02-1424,zshah,Mill,"Computer Vision Intern, Fall/Winter 2026",Fall 2026,"San Bruno, California",no-sponsorship,https://job-boards.greenhouse.io/mill/jobs/4737741005
2026-10-02-1424,jobright,Securian Financial,Engineering Internship - Summer 2027,,"Saint Paul, MN, United States",,https://jobright.ai/jobs/info/6aa3ff4af3aa936e2cdaf360?utm_campaign=1079&utm_source=git
2026-10-02-1424,jobright,Palantir Technologies,"Software Engineer, Internship - Infrastructure",,"Palo Alto, CA, United States",,https://jobright.ai/jobs/info/6a4b615b6189f64e437eec95?utm_campaign=1079&utm_source=git
2026-10-02-1424,jobright,CACI International Inc,Software Development Intern - Summer 2027,,"Ashburn, VA, United States",,https://jobright.ai/jobs/info/6abfd0af064da25272e05f78?utm_campaign=1079&utm_source=git
2026-10-02-1424,jobright,Docusign,Software Engineering Intern – Self-Service Directory Diagnostics,,"Seattle, Washington, United States",,https://jobright.ai/jobs/info/6abfcebc0e027c0f3b39e00b?utm_campaign=1079&utm_source=git
2026-10-02-1424,jobright,SAS,Software Developer in Test Intern,,"Bloomington, MN, United States",,https://jobright.ai/jobs/info/6abfcab00e027c0f3b39deaf?utm_campaign=1079&utm_source=git
2026-10-02-1424,jobright,Mechvanta Engineering,Software Engineer Intern,,"New York City, New York, United States",,https://jobright.ai/jobs/info/6abfc475064da25272e05c29?utm_campaign=1079&utm_source=git
2026-10-02-1424,jobright,IDeaS Revenue Solutions,Software Developer in Test Intern,,"Bloomington, MN, United States",,https://jobright.ai/jobs/info/6abfba4c372c01f6cd7286ce?utm_campaign=1079&utm_source=git
2026-10-02-1424,jobright,Envita Solutions,"Software Engineering Intern, Applied AI",,"Indianapolis, IN, United States",,https://jobright.ai/jobs/info/6aa3ec1df7baf881567cc1c2?utm_campaign=1079&utm_source=git
2026-10-02-1424,jobright,Hearst Television,Software Engineering Intern,,"Carmel, IN, United States",,https://jobright.ai/jobs/info/6aa39919626f9945308b1c89?utm_campaign=1079&utm_source=git
2026-10-02-1424,jobright,Insulet Corporation,"Co-op, Embedded Software Engineering: January-June 2027 (Onsite)",,"Acton, MA, United States",,https://jobright.ai/jobs/info/6aa39025626f9945308b18bd?utm_campaign=1079&utm_source=git
2026-10-02-1424,jobright,Swarm Aero,Software Engineer Intern (Summer 2027),,United States,,https://jobright.ai/jobs/info/6aa39ad5959a10d7230d2b10?utm_campaign=1079&utm_source=git
2026-10-02-1424,jobright,Election Systems & Software,Summer Internship 2027 - Information Systems Software Developer,,"Omaha, NE, United States",,https://jobright.ai/jobs/info/6abfe0cd0e027c0f3b39e68c?utm_campaign=1079&utm_source=git
2026-10-02-1424,jobright,"BAE Systems, Inc.","Software Engineering Intern II, Summer 2027 (Onsite)",,"Totowa, NJ, United States",,https://jobright.ai/jobs/info/6abfde3c064da25272e06484?utm_campaign=1079&utm_source=git
2026-10-02-1424,jobright,Vanguard,College to Corporate IT Internship-Application Development (NC),,"Charlotte, NC, United States",,https://jobright.ai/jobs/info/6abfd4494ac55253f5d65e22?utm_campaign=1079&utm_source=git
2026-10-02-1424,speedyapply,Innovative Defense Technologies,Software Systems Engineer Intern - JobID-0304,,"Arlington, VA",,https://idtus.pinpointhq.com/en/postings/4f5ae5de-0eca-4427-8c17-85e949540be5
2026-10-02-1424,speedyapply,Innovative Defense Technologies,Software Engineer Intern - JobID-0308,,"Arlington, VA",,https://idtus.pinpointhq.com/en/postings/eac7d1ca-2dbd-4c60-8f65-979f0a9e3f33
2026-10-02-1424,speedyapply,Innovative Defense Technologies,Software Systems Engineer Intern - JobID-0299,,"Arlington, VA",,https://idtus.pinpointhq.com/en/postings/77292978-8fb0-4bdd-8c2e-b8e37eacdf46
2026-10-02-1424,speedyapply,Innovative Defense Technologies,Software Engineer Intern - JobID-0302,,"Arlington, VA",,https://idtus.pinpointhq.com/en/postings/79744981-0812-4999-8af2-ce7399f521d3
2026-10-02-1424,speedyapply,Innovative Defense Technologies,Software Test Engineer Intern - JobID-0296,,"San Diego, CA",,https://idtus.pinpointhq.com/en/postings/77cce659-4f96-4cad-81e1-528c7b7ba6df
2026-10-02-1424,speedyapply,Quantinuum,Developer Intern - 1053,,"Broomfield, CO",,https://jobs.eu.lever.co/quantinuum/72ed2fcf-5236-4632-baac-1b001df7e84f
2026-10-02-1424,speedyapply,Federal Reserve,Summer 2027 Intern-Cloud Engineering,,"Chicago, IL",,https://rb.wd5.myworkdayjobs.com/en-US/frs/job/Chicago-IL/Summer-2027-Intern-Cloud-Engineering_R-0000033614
2026-10-02-1424,speedyapply,Federal Reserve,Summer 2027 Intern-Computer Science and Software Engineering,,"Chicago, IL",,https://rb.wd5.myworkdayjobs.com/en-US/frs/job/Chicago-IL/Summer-2027-Intern-Computer-Science-and-Software-Engineering_R-0000033637
2026-10-02-1424,speedyapply,Raytheon,Flight Control Software Engineering Intern - Summer 2027 - Open,,"Cedar Rapids, IA",,https://globalhr.wd5.myworkdayjobs.com/en-US/rec_rtx_ext_gateway/job/US-IA-CEDAR-RAPIDS-193--1120-Collins-Rd-NE--BLDG193/Flight-Control-Software-Engineering-Intern--Summer-2027---Open-_01870974
2026-10-02-1424,speedyapply,Sony Pictures Entertainment,Intern - Cloud & Security Operations - Spring 2027,,"Culver City, CA",,https://spe.wd1.myworkdayjobs.com/en-US/sonypicturesentertainment/job/Culver-City-California/Intern--Cloud---Security-Operations---Spring-2027_JR114719
2026-10-02-1424,speedyapply,Varda,Flight Software Internship - Summer 2027,,"El Segundo, CA",,https://job-boards.greenhouse.io/vardaspace/jobs/8010159003
2026-10-02-1424,applyguy,Ro,Backend Engineering Fellowship - Summer 2027 — Internship,Summer 2027,"New York City, NY",,https://jobs.lever.co/ro/92c4b27e-a95f-4c9c-9bfb-88e550b0e721
2026-10-02-1524,jobright,Milliman,AI Product Engineer Intern Spring 2027 (Part-time) - CMH Health,,"Chicago, IL, United States",,https://jobright.ai/jobs/info/6abff902372c01f6cd729d74?utm_campaign=1079&utm_source=git
2026-10-02-1524,jobright,Kodiak,"Winter 2027 Intern, Security",,"Mountain View, CA, United States",,https://jobright.ai/jobs/info/6abfe21f372c01f6cd7293c7?utm_campaign=1079&utm_source=git
2026-10-02-1524,jobright,Yazaki North America,2027 Technical Majors Internship Pool,,"Canton, MI, United States",,https://jobright.ai/jobs/info/6ab66cbd4873fd3fd852d387?utm_campaign=1079&utm_source=git
2026-10-02-1524,jobright,Sysco,Software Dev Engineer Intern,,"Houston, TX, United States",,https://jobright.ai/jobs/info/6a869954d34f700f87fc1edf?utm_campaign=1079&utm_source=git
2026-10-02-1723,jobright,SpaceXAI,Spring 2027 Software Engineering Internship/Co-op,,"Palo Alto, CA, United States",,https://jobright.ai/jobs/info/6ac003048ff3fb9b3bc7a2b5?utm_campaign=1079&utm_source=git
2026-10-02-1723,jobright,"Precision Strip, Inc.",Software Developer Intern,,"Minster, OH, United States",,https://jobright.ai/jobs/info/6ac0040a0e027c0f3b39f53d?utm_campaign=1079&utm_source=git
2026-10-02-1723,jobright,Natera,Software Engineering Intern,,United States,,https://jobright.ai/jobs/info/6ac003c24ac55253f5d67123?utm_campaign=1079&utm_source=git
2026-10-02-1723,applyguy,Election Systems & Software LLC,Summer Internship 2027 - Information Systems Software Developer,Summer 2027,"Omaha, NE",,https://recruiting.paylocity.com/Recruiting/Jobs/Details/4556132
2026-10-02-1723,applyguy,Election Systems & Software LLC,Summer Internship 2027 - DevOps,Summer 2027,"Omaha, NE",,https://recruiting.paylocity.com/Recruiting/Jobs/Details/4553481
2026-10-02-1723,applyguy,Election Systems & Software LLC,Summer Internship 2027 - Software Development,Summer 2027,"Omaha, NE",,https://recruiting.paylocity.com/Recruiting/Jobs/Details/4553447
2026-10-02-1823,simplify,Bose,Data Science Co-op - NLP & GenAI,Winter 2027; Spring 2027,"Framingham, MA; Atlanta, GA",Other,https://boseallaboutme.wd503.myworkdayjobs.com/Bose_Careers/job/US-MA---Framingham/Data-Science-Co-Op--NLP---GenAI-_R29251
2026-10-02-1823,simplify,Affirm,Software Engineer Intern - Machine Learning,Summer 2027,SF,Other,https://job-boards.greenhouse.io/affirm/jobs/8008645003
2026-10-02-1823,simplify,xAI,Software Engineer Intern/Co-op,Summer 2027,"Palo Alto, CA",Other,https://job-boards.greenhouse.io/xai/jobs/5255111007
2026-10-02-1823,simplify,Affirm,Software Engineer Intern - Summer 2027,Summer 2027,SF,Other,https://job-boards.greenhouse.io/affirm/jobs/8011590003
2026-10-02-1823,simplify,New York Mets,Data Science Intern,Summer 2027,"Queens, NY",Other,https://sterlingmets.wd5.myworkdayjobs.com/Mets/job/Citi-Field--Queens-New-York/Intern--Data-Science_R1508
2026-10-02-1823,simplify,Elevance Health,Engineering Intern,Summer 2027,"Indianapolis, IN; Richmond, VA; Chicago, IL; Atlanta, GA",Other,https://elevancehealth.wd1.myworkdayjobs.com/ELV-ET/job/GA-ATLANTA-740-W-PEACHTREE-ST-NW/Engineering-Undergraduate-Intern---Summer-2027_JR209081
2026-10-02-1823,simplify,Arc,Software Engineer Intern,Summer 2027,"Torrance, CA",Other,https://job-boards.greenhouse.io/arcboatcompany/jobs/5442881008
2026-10-02-1823,simplify,Harvey,Software Engineer Intern,Summer 2027,NYC,Other,https://jobs.ashbyhq.com/harvey/06d64648-b84b-48ae-94a2-d9c06dfdcb5d/application?embed=true
2026-10-02-1823,simplify,General Motors,Software Engineer Intern - AV/AI Platform,Summer 2027,"Sunnyvale, CA; Warren, MI",Other,https://generalmotors.wd5.myworkdayjobs.com/en-CA/Careers_GM/job/GM-Automation---Sunnyvale---GM-Automation---Sunnyvale/XMLNAME-2027-Summer-Intern---Software-Engineer--AV-AI-Platform_JR-202621696
2026-10-02-1823,simplify,Harvey,Software Engineer Intern - Summer 2027,Summer 2027,SF,Other,https://jobs.ashbyhq.com/harvey/3a34578d-d42e-45bb-ac5c-0c3357e8cbb7/application?embed=true
2026-10-02-1823,simplify,General Motors,Machine Learning Engineer Intern - AV/AI Platform,Summer 2027,"Sunnyvale, CA",Other,https://generalmotors.wd5.myworkdayjobs.com/en-CA/Careers_GM/job/Sunnyvale-California-United-States-of-America/XMLNAME-2027-Summer-Intern---Machine-Learning-Engineer--AV-AI-Platform_JR-202621695
2026-10-02-1823,simplify,American Family Insurance Group,GenAI/ML Intern,Summer 2027,"Madison, WI; Boston, MA",Other,https://amfam.wd1.myworkdayjobs.com/AmFamGroupInternCareers/job/WI-Madison/AMFAM---2027-Summer-GenAI-ML-Intern_R39514
2026-10-02-1823,simplify,Nelnet,IT Software Engineer Intern,Summer 2027,"Lincoln, NE",Other,https://nelnet.wd1.myworkdayjobs.com/MyNelnet/job/Lincoln-NE/Intern---IT-Software-Engineer-NET--Summer-2027-_R23198
2026-10-02-1823,simplify,Vanguard,College to Corporate Investment Systems Intern,Summer 2027,"Malvern, PA",Other,https://vanguard.wd5.myworkdayjobs.com/en-US/vanguard_external/job/Malvern-PA/College-to-Corporate-IT-Internship-Investment-Systems--PA-_182782
2026-10-02-1823,simplify,Tesla,Distributed Systems Software Engineer Intern - Energy Engineering,Winter 2027; Spring 2027,"Palo Alto, CA",Other,https://www.tesla.com/careers/search/job/285508
2026-10-02-1823,simplify,Palomar Holdings,Technical Intern,Summer 2027,"Edina, MN; Chicago, IL; La Jolla, San Diego, CA",Other,https://ats.rippling.com/plmrcareers/jobs/d49be92b-8999-4f38-a39c-81500baadec7
2026-10-02-1823,zshah,Affirm,Software Engineer (Machine Learning) Intern (Summer 2027),Summer 2027,"San Francisco, California, United States",unknown,https://job-boards.greenhouse.io/affirm/jobs/8008645003
2026-10-02-1823,zshah,Arc,Software Engineering Intern,Summer 2027,"Torrance, CA",unknown,https://job-boards.greenhouse.io/arcboatcompany/jobs/5442881008
2026-10-02-1823,zshah,CACI,Cyber Security Intern - Summer 2027,Summer 2027,"Springfield, VA, US",citizens-only,https://caci.wd1.myworkdayjobs.com/external/job/Springfield-VA-US/Cyber-Security-Intern---Summer-2027_333046
2026-10-02-1823,zshah,General Motors,"2027 Summer Intern – Software Verification Engineer, AV/AI Platform",Summer 2027,"Warren, Michigan, United States of America",unknown,https://generalmotors.wd5.myworkdayjobs.com/Careers_GM/job/Warren-Michigan-United-States-of-America/XMLNAME-2027-Summer-Intern---Software-Verification-Engineer--AV-AI-Platform_JR-202621697
2026-10-02-1823,zshah,General Motors,"2027 Summer Intern – Machine Learning Engineer, AV/AI Platform",Summer 2027,"Sunnyvale, California, United States of America",unknown,https://generalmotors.wd5.myworkdayjobs.com/Careers_GM/job/Sunnyvale-California-United-States-of-America/XMLNAME-2027-Summer-Intern---Machine-Learning-Engineer--AV-AI-Platform_JR-202621695
2026-10-02-1823,zshah,Hewlett Packard (HP),AI Applied Engineering Intern,,"Vancouver, Washington, United States of America",no-sponsorship,https://hp.wd5.myworkdayjobs.com/EXTEU-AC-CareerSite/job/Vancouver-Washington-United-States-of-America/AI-Applied-Engineering-Intern_UNI4670-2
2026-10-02-1823,zshah,Major League Baseball,"Intern, Data Science",Summer 2027,"Citi Field – Queens, New York",unknown,https://sterlingmets.wd5.myworkdayjobs.com/Mets/job/Citi-Field--Queens-New-York/Intern--Data-Science_R1508
2026-10-02-1823,zshah,Nelnet,Intern - IT Software Engineer .NET (Summer 2027),Summer 2027,"Lincoln, NE",unknown,https://nelnet.wd1.myworkdayjobs.com/MyNelnet/job/Lincoln-NE/Intern---IT-Software-Engineer-NET--Summer-2027-_R23198
2026-10-02-1823,zshah,xAI,Summer 2027 Software Engineering Internship/Co-op,Summer 2027,"Palo Alto, CA",unknown,https://job-boards.greenhouse.io/xai/jobs/5255111007
2026-10-02-1823,jobright,L3Harris Technologies,Software Engineer Intern Job Details / L3HHCM20,,"Columbia, MD, United States",,https://jobright.ai/jobs/info/6ac01cfc4ac55253f5d67afe?utm_campaign=1079&utm_source=git
2026-10-02-1823,jobright,Todd,UI/UX Engineer Intern (Fall '26),,United States,,https://jobright.ai/jobs/info/6ac014148ff3fb9b3bc7a87f?utm_campaign=1079&utm_source=git
2026-10-02-1823,jobright,MACOM,Test Software Developer Intern,,"Morgan Hill, CA, United States",,https://jobright.ai/jobs/info/6ac00f348ff3fb9b3bc7a6ce?utm_campaign=1079&utm_source=git
2026-10-02-1823,jobright,Milliman,AI Product Engineer Intern Spring 2027 (Full-time) - CMH Health,,"Chicago, IL, United States",,https://jobright.ai/jobs/info/6ac00f17064da25272e07824?utm_campaign=1079&utm_source=git
2026-10-02-1823,applyguy,Arc Boat Company,Software Engineering Intern,,"Torrance, CA",,https://job-boards.greenhouse.io/arcboatcompany/jobs/5442881008
2026-10-02-1924,jobright,Tesla,"Internship, Distributed Systems Software Engineer, Energy Engineering (Winter/Spring 2027)",,"Palo Alto, CA, United States",,https://jobright.ai/jobs/info/6ac0282e064da25272e0820a?utm_campaign=1079&utm_source=git
2026-10-02-1924,jobright,Keysight Technologies,"R&D Software Engineering, Intern",,"Atlanta, GA, United States",,https://jobright.ai/jobs/info/6ac027434ac55253f5d67ef1?utm_campaign=1079&utm_source=git
2026-10-02-1924,jobright,Vexra Engineering,Capabilities and Innovation Intern,,"Ohio, United States",,https://jobright.ai/jobs/info/6ac026ae372c01f6cd72af2a?utm_campaign=1079&utm_source=git
2026-10-02-1924,applyguy,Generalmotors,"2027 Summer Intern – Machine Learning Engineer, AV/AI Platform",Summer 2027,"Sunnyvale, CA",,https://generalmotors.wd5.myworkdayjobs.com/careers_gm/job/Sunnyvale-California-United-States-of-America/XMLNAME-2027-Summer-Intern---Machine-Learning-Engineer--AV-AI-Platform_JR-202621695
2026-10-02-1924,applyguy,Generalmotors,"2027 Summer Intern – Software Verification Engineer, AV/AI Platform",Summer 2027,"Warren, MI",,https://generalmotors.wd5.myworkdayjobs.com/careers_gm/job/Warren-Michigan-United-States-of-America/XMLNAME-2027-Summer-Intern---Software-Verification-Engineer--AV-AI-Platform_JR-202621697
2026-10-02-2023,applyguy,SpaceXAI,Summer 2027 Software Engineering Internship/Co-op,Summer 2027,"Palo Alto, CA",,https://job-boards.greenhouse.io/xai/jobs/5255111007
2026-10-02-2123,simplify,HNTB,AI Business Process Developer Intern,Summer 2027,"Austin, TX",Other,https://hntb.wd5.myworkdayjobs.com/hntb_university_careers/job/Austin-TX/Intern---AI-Business-Process-Developer--Summer-2027-_R-31865
2026-10-02-2123,zshah,HNTB,Intern - AI Business Process Developer (Summer 2027),Summer 2027,"Austin, TX",no-sponsorship,https://hntb.wd5.myworkdayjobs.com/hntb_careers/job/Austin-TX/Intern---AI-Business-Process-Developer--Summer-2027-_R-31865-1
2026-10-02-2224,jobright,Texell Credit Union,Software Development Intern,,"Temple, TX, United States",,https://jobright.ai/jobs/info/6ac050f68ff3fb9b3bc7ba02?utm_campaign=1079&utm_source=git
2026-10-02-2224,jobright,Valorantum,Software Engineering Intern,,"Rochester, NY, United States",,https://jobright.ai/jobs/info/6ac04d374ac55253f5d6879f?utm_campaign=1079&utm_source=git
2026-10-02-2224,jobright,Fujitsu,Intern - Software Development Engineer - 1Finity,,"Richardson, TX, United States",,https://jobright.ai/jobs/info/6ac048310e027c0f3b3a0ab2?utm_campaign=1079&utm_source=git
2026-10-03-0023,jobright,General Motors,"2027 Summer Intern – Software Engineer, AV/AI Platform",,"Sunnyvale, CA, United States",,https://jobright.ai/jobs/info/6ac045cc4ac55253f5d686a6?utm_campaign=1079&utm_source=git
2026-10-03-0124,jobright,Solidigm,2027 Undergraduate Software Development & Firmware Engineering Internships – US,,"Rancho Cordova, CA, United States",,https://jobright.ai/jobs/info/6a9b75699c24314c35f994b5?utm_campaign=1079&utm_source=git
2026-10-03-0723,simplify,Auctor,Software Engineer Intern,Fall 2026,NYC,Other,https://jobs.ashbyhq.com/auctor/9d67c881-3ca7-4616-a059-e94c03e19607/application?embed=true
2026-10-03-0723,simplify,Cadence Design Systems,AI / Agentic AI / GenAI Intern - IT,Fall 2026,California,Other,https://cadence.wd1.myworkdayjobs.com/University_Talent_NCG/job/HOME-CA/AI---Agentic-AI---GenAI-Intern---IT--Fall-2026-_R56657
2026-10-03-0723,zshah,Cadence Design Systems,AI / Agentic AI / GenAI Intern – IT (Fall 2026),Fall 2026,HOME CA,unknown,https://cadence.wd1.myworkdayjobs.com/University_Talent_NCG/job/HOME-CA/AI---Agentic-AI---GenAI-Intern---IT--Fall-2026-_R56657
2026-10-03-0723,jobright,Altec,Information Services Software Development Internship Summer 2027,,"Birmingham, AL, United States",,https://jobright.ai/jobs/info/6ac0d7a5064da25272e09bd3?utm_campaign=1079&utm_source=git
2026-10-03-0723,jobright,WD,Spring 2027 Co-Op - Channel Integration,,"Rochester, MN, United States",,https://jobright.ai/jobs/info/6aa496e5f3aa936e2cdb1d55?utm_campaign=1079&utm_source=git
2026-10-03-0723,jobright,Waystar,Application Engineer Co Op,,"Atlanta, GA, United States",,https://jobright.ai/jobs/info/6aa06e1dea127c37946970e5?utm_campaign=1079&utm_source=git
2026-10-03-0723,jobright,The Toro Company,GIS Solution Engineering Intern - Ditch Witch,,"Perry, OK, United States",,https://jobright.ai/jobs/info/6ac0c7020e027c0f3b3a1b23?utm_campaign=1079&utm_source=git
2026-10-03-0723,jobright,Veeam Software,Kasten Engineering Intern - Summer 2027,,"California, United States",,https://jobright.ai/jobs/info/6aa432ce1d92e2d05d113c3c?utm_campaign=1079&utm_source=git
2026-10-03-0924,jobright,Matrix Design Group LLC,Software Engineering - Embedded Systems Intern,,"Newburgh, IN, United States",,https://jobright.ai/jobs/info/6aa4835b422289703bd66e13?utm_campaign=1079&utm_source=git
2026-10-03-0924,jobright,Ericsson,Networks CNE Engineering Intern,,"Plano, TX, United States",,https://jobright.ai/jobs/info/6aa4ab721d92e2d05d115ae2?utm_campaign=1079&utm_source=git
2026-10-03-0924,jobright,Altec,Information Services Quality Assurance Internship Summer 2027,,"Birmingham, AL, United States",,https://jobright.ai/jobs/info/6aa4749fc1928370a285e02a?utm_campaign=1079&utm_source=git
2026-10-03-1123,jobright,Qualcomm,Modular Engineering Internship – Summer 2027,,"Los Altos, CA, United States",,https://jobright.ai/jobs/info/6ac0262f8ff3fb9b3bc7b04a?utm_campaign=1079&utm_source=git
2026-10-03-1123,jobright,Burns & McDonnell,Software Developer Intern - Transmission & Distribution (St. Louis),,"Saint Louis, MO, United States",,https://jobright.ai/jobs/info/6aa46ab41d92e2d05d114af3?utm_campaign=1079&utm_source=git
2026-10-03-1123,speedyapply,xAI,Spring 2027 Software Engineering Internship/Co-op,,"Palo Alto, CA",,https://job-boards.greenhouse.io/xai/jobs/5252108007
2026-10-03-1123,speedyapply,IDeaS,Software Developer in Test Intern,,"Bloomington, MN",,https://ideas-sas.icims.com/jobs/42665/software-developer-in-test-intern/job
2026-10-03-1123,speedyapply,Innovative Defense Technologies,Software Engineer Intern,,"Mount Laurel, NJ",,https://idtus.pinpointhq.com/en/postings/20817d1b-bd0e-4aa8-a3d5-78e4614b52a3
2026-10-03-1224,jobright,Elevated Web Design,AI Backend Software Engineering Internship,,United States,,https://jobright.ai/jobs/info/6ac11eef8ff3fb9b3bc7d1a1?utm_campaign=1079&utm_source=git
2026-10-03-1224,jobright,Thermagia Engineering,Software Engineer Intern,,"New York, NY, United States",,https://jobright.ai/jobs/info/6ac11560d9621c5b28398b06?utm_campaign=1079&utm_source=git
2026-10-03-1224,jobright,Teledyne Brown Engineering,EADSIM Software Engineering Intern (Summer 2027) with Security Clearance,,"Huntsville, AL, United States",,https://jobright.ai/jobs/info/6ac112e00e027c0f3b3a2368?utm_campaign=1079&utm_source=git
2026-10-03-1423,jobright,Burns & McDonnell,Software Developer Intern - Transmission & Distribution (Kansas City),,"Kansas City, MO, United States",,https://jobright.ai/jobs/info/6ac129bcd9621c5b28398c3c?utm_campaign=1079&utm_source=git
2026-10-03-1423,jobright,Constellation,2027 Summer Information Technology Software Development Intern (Remote),,"Baltimore, MD, United States",,https://jobright.ai/jobs/info/6ab74534ba1c25652c611e11?utm_campaign=1079&utm_source=git
2026-10-03-1524,jobright,L3Harris Technologies,Integration/Test Engineering Intern,,"Melbourne, FL, United States",,https://jobright.ai/jobs/info/6ac1443e8ff3fb9b3bc7d44c?utm_campaign=1079&utm_source=git
2026-10-03-1524,jobright,L3Harris Technologies,"Integration/Test Engineering Intern (Clifton, NJ)",,"Clifton, NJ, United States",,https://jobright.ai/jobs/info/6aa5111f930bff471a29cecd?utm_campaign=1079&utm_source=git
2026-10-03-1625,jobright,RoboNexis,Capabilities and Innovation Intern,,"Cincinnati, OH, United States",,https://jobright.ai/jobs/info/6ac14dba4ac55253f5d6a42b?utm_campaign=1079&utm_source=git
2026-10-03-1724,jobright,CNH,Software Engineering Intern,,"Sioux Falls, SD, United States",,https://jobright.ai/jobs/info/6aa47810c1928370a285e0eb?utm_campaign=1079&utm_source=git
2026-10-03-1823,simplify,Northern Trust,Data & Analytics Office Intern,,"Chicago, IL",Other,https://ntrs.wd1.myworkdayjobs.com/northerntrust/job/Chicago-IL/Data---Analytics-Office-Intern_R160769-1
2026-10-03-2124,simplify,RTX,AI DSP Applied Research Co-op,,"Cedar Rapids, IA",Other,https://globalhr.wd5.myworkdayjobs.com/rec_rtx_ext_gateway/job/US-IA-CEDAR-RAPIDS-108--400-Collins-Rd-NE--BLDG-108/Co-Op---AI-DSP-Applied-Research_01873016
2026-10-03-2223,zshah,RTX,Co-Op - AI DSP Applied Research,,US-IA-CEDAR RAPIDS-108 ~ 400 Collins Rd NE ~ BLDG 108,citizens-only,https://globalhr.wd5.myworkdayjobs.com/rec_rtx_ext_gateway/job/US-IA-CEDAR-RAPIDS-108--400-Collins-Rd-NE--BLDG-108/Co-Op---AI-DSP-Applied-Research_01873016
2026-10-04-0723,simplify,Northrop Grumman,Software Engineer - Cloudworks - Skillbridge,,"Wright-Patterson AFB, OH",Other,https://ngc.wd1.myworkdayjobs.com/Northrop_Grumman_External_Site/job/United-States-Ohio-Wright-Patterson-AFB/Software-Engineer---CLOUDworks--SkillBridge-_R10211395
2026-10-04-0723,simplify,TikTok,Machine Learning MLOps Intern - Global Site Reliability Engineering,Summer 2027,"San Jose, CA",Other,https://lifeattiktok.com/search/7670875283026053381
2026-10-04-0723,simplify,Fannie Mae,Technology Program Intern,Summer 2027,"Plano, TX; Reston, VA",Other,https://fanniemae.wd1.myworkdayjobs.com/FannieMaeCareers/job/Reston-VA/Campus---Technology-Program-Intern_JR2810
2026-10-04-0723,simplify,Gartner,IT Intern,Summer 2027,"Stamford, CT",Other,https://gartner.wd5.myworkdayjobs.com/EXT/job/Stamford-CT/Summer-2027-IT-Intern--May-2028-Graduates-_113095
2026-10-04-0723,simplify,DocuSign,Software Engineer Intern - Self-Service Directory Diagnostics,,"Seattle, WA",Other,https://careers.docusign.com/jobs/30464?icims=1
2026-10-04-0723,simplify,Nebius,ML Solution Architect Intern,,Remote in USA,Other,https://careers.nebius.com/?gh_jid=4883829101
2026-10-04-0723,simplify,University of Maryland - College Park,AI Research Assistant Intern,,"College Park, MD",Other,https://umd.wd1.myworkdayjobs.com/UMCP/job/University-of-Maryland-College-Park/AI-Research-Assistant_JR104812
2026-10-04-0723,jobright,The D. E. Shaw Group,Software Developer Intern (New York) – Summer 2027,,"New York, NY, United States",,https://jobright.ai/jobs/info/6ac1d5338ff3fb9b3bc7e020?utm_campaign=1079&utm_source=git
2026-10-04-0823,simplify,Navy Federal,Associate Intern - Lending Automation Technology & Solutions,Summer 2027,"Pensacola, FL; Vienna, VA",Other,https://fa-etbx-saasfaprod1.fa.ocs.oraclecloud.com/hcmUI/CandidateExperience/en/sites/nfcu/job/32359
2026-10-04-0823,simplify,L3Harris Technologies,Associate Multimedia Web Developer/Programmer Intern - Technical Training,,"Rochester, NY",Other,"https://jobs.l3harris.com/job/Rochester-Associate,-Multimedia-Web-DeveloperProgrammer-(Technical-Training)-NY-14609/1425480300/?ats=successfactors"
2026-10-04-0823,simplify,CoStar Group,Associate Software Engineer Intern,,"San Diego, CA",Other,https://costar.wd1.myworkdayjobs.com/Costar_Campus/job/US-CA-San-Diego/Associate-Software-Engineer---San-Diego--CA_R39674
2026-10-04-0823,simplify,Rolls-Royce,Junior Machine Learning Engineer Intern,,"Indianapolis, IN",Other,https://rollsroyce.wd3.myworkdayjobs.com/Intern_Graduate/job/Indianapolis/Junior-Machine-Learning-Engineering_JR6160142
2026-10-04-0823,jobright,Makeable.build,AI Full-Stack Engineer Intern,,"San Francisco, CA, United States",,https://jobright.ai/jobs/info/6ac228988ff3fb9b3bc7e413?utm_campaign=1079&utm_source=git
2026-10-04-0923,simplify,Saab,Systems Engineer Co-op,Summer 2027,"East Syracuse, NY",Other,https://saabusa.wd1.myworkdayjobs.com/saab_careers/job/East-Syracuse-NY-Collamer/Systems-Engineering-Co-Op--Summer-2027-_R-03231-1
2026-10-04-0923,jobright,IEX,Software Development Engineer in Test Intern,,"New York, NY, United States",,https://jobright.ai/jobs/info/6a97578b455eaf6a08c1c461?utm_campaign=1079&utm_source=git
2026-10-04-1025,simplify,Ameren,Digital Co-op,Winter 2027; Summer 2027,"St. Louis, MO",Other,https://ameren.wd1.myworkdayjobs.com/External/job/St-Louis-MO/Digital-Co-op_033841-1
2026-10-04-1025,simplify,Diversified Energy,Information Technology Intern,Summer 2027,"Birmingham, AL",Other,https://careers.div.energy/jobs/2734?icims=1
2026-10-04-1025,simplify,Keysight Technologies,Data Scientist Intern,,"Santa Rosa, CA",Other,https://jobs.keysight.com/jobs/54570?icims=1
2026-10-04-1123,jobright,Aechelon Technology Inc.,Junior Software Engineer - Internship,,"Overland Park, KS, United States",,https://jobright.ai/jobs/info/6a3da6a58bfad862bc99e17f?utm_campaign=1079&utm_source=git
2026-10-04-1224,speedyapply,Innovative Defense Technologies,Software Systems Engineer Intern,,"San Diego, CA",,https://idtus.pinpointhq.com/en/postings/0be468fd-19df-4455-b4a2-5c4392574805
2026-10-04-1424,jobright,Abridge,"Member of Technical Staff, Intern (Fall 2026)",,"San Francisco, CA, United States",,https://jobright.ai/jobs/info/6ac285ced9621c5b2839b37f?utm_campaign=1079&utm_source=git
2026-10-04-1523,jobright,Health Care Service Corporation,Early Careers - Infrastructure Engineer Intern,,"Chicago, IL, United States",,https://jobright.ai/jobs/info/6ac014a88ff3fb9b3bc7a8ac?utm_campaign=1079&utm_source=git
2026-10-04-1823,jobright,Vortexion Labs,Capabilities and Innovation Intern,,"Ohio, United States",,https://jobright.ai/jobs/info/6ac2bde7064da25272e0d4d9?utm_campaign=1079&utm_source=git
2026-10-04-1823,jobright,ByteDance,GPU/AI Application System Software Engineer Intern (System Technologies and Engineering) - 2027 Summer,,"San Jose, CA, United States",,https://jobright.ai/jobs/info/6ac2ba070e027c0f3b3a55e6?utm_campaign=1079&utm_source=git
2026-10-05-0725,simplify,NVIDIA,Software Engineer Intern,Summer 2027,"Santa Clara, CA",Other,https://nvidia.wd5.myworkdayjobs.com/NVIDIAExternalCareerSite/job/US-CA-Santa-Clara/NVIDIA-2027-Ignite-Internships--Software-Engineering_JR2026958
2026-10-05-0725,jobright,Tesla,"Internship, Software Engineer, AI Hardware Infrastructure (Winter/Spring 2027)",,"Palo Alto, CA, United States",,https://jobright.ai/jobs/info/6ac3705b0e027c0f3b3a641f?utm_campaign=1079&utm_source=git
2026-10-05-0725,jobright,Raven Software,Activision 2027 Summer Internships - Game Engineering,,"Playa Vista, CA, United States",,https://jobright.ai/jobs/info/6ac33e86064da25272e0dfb9?utm_campaign=1079&utm_source=git
2026-10-05-0824,jobright,EY,USA - Tax - Other Tax - Americas Tax Technology Group (ATTG) - Intern - Summer 2027,,"Chicago, IL, United States",,https://jobright.ai/jobs/info/6ac387a04ac55253f5d6e170?utm_campaign=1079&utm_source=git
2026-10-05-1023,simplify,Quantum Signal AI,Software Engineer Intern - Tools and Prototypes,Summer 2027,"Saline, MI",Other,https://quantumsignalai.applytojob.com/apply/MWrhQD8Hn9/Software-Engineering-Intern-Tools-And-Prototypes
2026-10-05-1023,simplify,Motorola,Android Applications Developer Intern,Summer 2027,"Chicago, IL",Other,https://motorolasolutions.wd5.myworkdayjobs.com/Careers/job/Chicago-IL/Android-Applications-Developer-Intern---Summer-2027_R69313
2026-10-05-1023,simplify,Sikich,Intelligence Transformation Intern,,Remote in USA,Other,https://jobs.jobvite.com/sikichcareers/job/oGOPAfwD?nl=1&nl=1&fr=false
2026-10-05-1123,jobright,First Solar,Software Engineer Intern (1st Shift) - Spring 2027,,"Perrysburg, OH, United States",,https://jobright.ai/jobs/info/6ac3ab3ad9621c5b2839d245?utm_campaign=1079&utm_source=git
2026-10-05-1123,jobright,Guardian Life,"2027 Guardian Summer Intern, Digital & Technology - Application Development",,"New York, NY, United States",,https://jobright.ai/jobs/info/6aa7b98882e82a31997c2643?utm_campaign=1079&utm_source=git
2026-10-05-1223,jobright,Khan Academy,Software Engineer Intern (Summer 2027),,United States,,https://jobright.ai/jobs/info/6ac3bb61064da25272e0f0ba?utm_campaign=1079&utm_source=git
2026-10-05-1223,jobright,"Quantum Signal AI, LLC",Software Engineering Intern – Tools and Prototypes,,"Saline, MI, United States",,https://jobright.ai/jobs/info/6ac3b6ed4ac55253f5d6eab9?utm_campaign=1079&utm_source=git
2026-10-05-1324,zshah,TensorWave,Software Engineering Intern,,"Las Vegas, Nevada",unknown,https://jobs.ashbyhq.com/tensorwave/39091eeb-13fc-46a7-b7e5-0d4584ac53ab
2026-10-05-1324,zshah,TensorWave,Security Engineer Intern,,"Las Vegas, Nevada",unknown,https://jobs.ashbyhq.com/tensorwave/8ec8b715-f9ad-48a7-869e-ed9d455119a5
2026-10-05-1324,zshah,General Motors,"2027 Summer Intern, AI/ML Engineer, Mapping",Summer 2027,"Warren, Michigan, United States of America",unknown,https://generalmotors.wd5.myworkdayjobs.com/Careers_GM/job/Warren-Michigan-United-States-of-America/XMLNAME-2027-Summer-Intern--AI-ML-Engineer--Mapping_JR-202621778
2026-10-05-1324,zshah,Micron Technology,Intern - SMAI TD AI Engineering Team,,"Boise, ID - Main Site",unknown,https://micron.wd1.myworkdayjobs.com/External/job/Boise-ID---Main-Site/Intern---SMAI-TD-AI-Engineering-Team_JR112991
2026-10-05-1423,jobright,Chenega Corporation,Software Developer (Intern),,"Virginia, United States",,https://jobright.ai/jobs/info/6ac3d1ee0e027c0f3b3a79a8?utm_campaign=1079&utm_source=git
2026-10-05-1423,jobright,Todd,UI/UX Engineer Intern (Spring '27),,United States,,https://jobright.ai/jobs/info/6ac3c870064da25272e0f45c?utm_campaign=1079&utm_source=git
2026-10-05-1423,jobright,BAE Systems,"Programmer Intern, Summer 2027",,"Washington, DC, United States",,https://jobright.ai/jobs/info/6ac3cb1b0e027c0f3b3a75fb?utm_campaign=1079&utm_source=git
2026-10-05-1423,applyguy,Quantum Signal AI,Software Engineering Intern – Tools and Prototypes,,"Saline, MI",,https://quantumsignalai.applytojob.com/apply/MWrhQD8Hn9
2026-10-05-1524,jobright,Keysight Technologies,R&D Software Engineering Internship,,"Colorado Springs, CO, United States",,https://jobright.ai/jobs/info/6ac3dee48ff3fb9b3bc82b29?utm_campaign=1079&utm_source=git
2026-10-05-1524,jobright,Docusign,Software Engineer Intern,,"Seattle, Washington, United States",,https://jobright.ai/jobs/info/6ac3d7e4372c01f6cd732732?utm_campaign=1079&utm_source=git
2026-10-05-1524,jobright,Blue Cross and Blue Shield of Alabama,Intern - Application Development - Claims,,"Birmingham, AL, United States",,https://jobright.ai/jobs/info/6ac3d48c372c01f6cd7325e6?utm_campaign=1079&utm_source=git
2026-10-05-1524,jobright,Boehringer Ingelheim,"Co-op IT Advanced Applications, AI - 2 roles",,"Athens, GA, United States",,https://jobright.ai/jobs/info/6aa7bf4ca77a53f5a1575f4d?utm_campaign=1079&utm_source=git
2026-10-05-1524,jobright,Auto-Owners Insurance,Software Engineer Intern,,"Bedford, NH, United States",,https://jobright.ai/jobs/info/6ac3dd5c372c01f6cd73294a?utm_campaign=1079&utm_source=git
2026-10-05-1524,jobright,Louisiana Economic Development,Software Engineering Intern,,"Lafayette, LA, United States",,https://jobright.ai/jobs/info/6ac3de28d9621c5b2839e4e2?utm_campaign=1079&utm_source=git
2026-10-05-1624,jobright,Conquer Nation Inc.,Software Engineer Intern,,"Los Angeles metropolitan area, United States",,https://jobright.ai/jobs/info/6ac3e4d90e027c0f3b3a80c4?utm_campaign=1079&utm_source=git
2026-10-05-1624,jobright,Assured Guaranty,Product Software Developer – Back-End - Summer 2027,,"New York, NY, United States",,https://jobright.ai/jobs/info/6ab15733d43eb922ca0be26c?utm_campaign=1079&utm_source=git
2026-10-05-1624,jobright,Adobe,2027 Intern - Applied and Research Scientist/Engineer,,"San Jose, CA, United States",,https://jobright.ai/jobs/info/6ac3f148d9621c5b2839ebb2?utm_campaign=1079&utm_source=git
2026-10-05-1624,chieler,Cloudflare,People Analytics Data Engineering Intern (Winter/Spring 2027),,,,https://boards.greenhouse.io/cloudflare/jobs/8241790?gh_jid=8241790
2026-10-05-1724,jobright,IDEMIA Public Security,Software Engineer Internship - Summer 2027,,"Reston, VA, United States",,https://jobright.ai/jobs/info/6ac401804ac55253f5d70482?utm_campaign=1079&utm_source=git
2026-10-05-1724,jobright,Coca-Cola Beverages Florida,"2027 Summer Intern - IT (Enterprise Data, AI & Automation)",,"Tampa, FL, United States",,https://jobright.ai/jobs/info/6ac3fafed9621c5b2839ee69?utm_campaign=1079&utm_source=git
2026-10-05-1724,jobright,RTX,Software Engineering Intern (Summer 2027) (Hybrid),,"Aguadilla, PR, United States",,https://jobright.ai/jobs/info/6ac3f1a20e027c0f3b3a8567?utm_campaign=1079&utm_source=git
2026-10-05-1824,simplify,Expedia Group,Software Development Engineer Intern,Summer 2027,"Seattle, WA; Austin, TX; San Jose, CA",Other,https://expedia.wd108.myworkdayjobs.com/private/job/Washington---Seattle-Campus/Software-Development-Engineering-Intern---2027---Austin--San-Jose--Seattle_R-110311
2026-10-05-1824,simplify,Capital One,Applied Data Scientist Intern,,"Cambridge, MA",Other,https://capitalone.wd12.myworkdayjobs.com/Capital_One/job/Cambridge-MA/Part-Time-Applied-Data-Scientist_R1000592
2026-10-05-1824,simplify,Vertiv,Technical Innovation Intern,Summer 2027,"Westerville, OH",Other,https://egup.fa.us2.oraclecloud.com/hcmUI/CandidateExperience/en/sites/CX/job/20279287
2026-10-05-1824,simplify,Midland States Bank,AI Solutions Engineer Intern,Summer 2027,"Rockford, IL; St. Louis, MO; Effingham, IL",Other,https://midlandsb.wd1.myworkdayjobs.com/msbcareers/job/Effingham-IL/Intern---AI-Solutions-Engineer_JR1461
2026-10-05-1824,simplify,CVS Health,Software Engineer Intern,,"Hartford, CT; NYC; Woonsocket, RI; Irving, TX; Wellesley, MA",Other,https://cvshealth.wd1.myworkdayjobs.com/Private_Postings_Intern_Conversion_ONLY/job/NY---New-York/Software-Engineer---UG-Intern-Conversion_R1055246
2026-10-05-1824,simplify,Intel,AI Solution Architect Intern,,"Hillsboro, OR",Other,https://intel.wd1.myworkdayjobs.com/en-us/external/job/US-Oregon-Hillsboro/AI-Solution-Architect---Graduate-Intern_JR0287531
2026-10-05-1824,simplify,Expedia Group,Mobile Engineer Intern,Summer 2027,"Seattle, WA; Austin, TX; San Jose, CA",Other,https://expedia.wd108.myworkdayjobs.com/private/job/Austin-Domain-11---HomeAway/Mobile-Engineering-Intern---2027---Austin--San-Jose--Seattle_R-110306
2026-10-05-1824,simplify,Midland States Bank,Associate Solutions Engineer Intern - Data Warehouse,Summer 2027,"St. Louis, MO; Effingham, IL",Other,https://midlandsb.wd1.myworkdayjobs.com/msbcareers/job/Effingham-IL/Intern---Associate-Solutions-Engineer---Data-Warehouse_JR1462
2026-10-05-1824,simplify,Atlassian,Data Engineer Intern,Summer 2027,"Seattle, WA",Other,https://campus-americas.icims.com/jobs/26272/data-engineer-intern%2c-2027-summer-u.s./job
2026-10-05-1824,simplify,Khan Academy,Software Engineer Intern,Summer 2027,Remote in USA; Remote in Canada,Other,https://job-boards.greenhouse.io/khanacademy/jobs/8250259
2026-10-05-1824,simplify,bioMérieux,Data Science Co-op,,"Hazelwood, MO",Other,https://jobs.jobvite.com/biofiredx/job/ooxSAfw7?nl=1&nl=1&fr=false
2026-10-05-1824,simplify,John Deere,Software Engineer Part-Time Student Intern,,"Champaign, IL",Other,https://johndeere.eightfold.ai/careers/job/137483700527
2026-10-05-1824,simplify,Bobyard,Computer Vision Research Engineer Intern,,SF,Other,https://jobs.ashbyhq.com/bobyard/ae7aa71b-5ed2-4066-b173-fc0618f2ed8f/application?embed=true
2026-10-05-1824,simplify,IDEMIA,Software Engineer Intern,Summer 2027,"Reston, VA",Other,https://uscareers-idemia.icims.com/jobs/8650/job?mobile=true&needsRedirect=false
2026-10-05-1824,simplify,General Motors,AI/ML Engineer Intern - Mapping,Summer 2027,"Warren, MI",Other,https://generalmotors.wd5.myworkdayjobs.com/Careers_GM/job/Warren-Michigan-United-States-of-America/XMLNAME-2027-Summer-Intern--AI-ML-Engineer--Mapping_JR-202621778
2026-10-05-1824,simplify,General Dynamics Mission Systems,Software Engineer Intern - CWL,Summer 2027,"Manassas, VA",Other,https://careers-gdms.icims.com/jobs/75346/job?mobile=true&needsRedirect=false
2026-10-05-1824,simplify,LexisNexis Risk Solutions,Data Science Intern,Summer 2027,"Alpharetta, GA",Other,https://relx.wd3.myworkdayjobs.com/en-US/RiskSolutions/job/Alpharetta-GA-Alderman/Data-Science-Intern_R118955
2026-10-05-1824,simplify,Micron Technology,AI Engineer Intern - SMAI TD AI Engineering Team,,"Boise, ID",Other,https://micron.wd1.myworkdayjobs.com/External/job/Boise-ID---Main-Site/Intern---SMAI-TD-AI-Engineering-Team_JR112991
2026-10-05-1824,simplify,Found Energy,Data Engineer Co-op,,"Cambridge, MA",Other,https://job-boards.greenhouse.io/foundenergy/jobs/4719227006
2026-10-05-1824,simplify,Atoms,Machine Learning Engineer Intern,Winter 2027; Summer 2027,SF,Other,https://job-boards.greenhouse.io/cssmerge/jobs/8869106002
2026-10-05-1924,zshah,Graco,Cybersecurity Intern,,"Dayton, Minnesota, USA (French Lake)",no-sponsorship,https://graco.wd501.myworkdayjobs.com/Graco_Careers/job/Dayton-Minnesota-USA-French-Lake/Cybersecurity-Intern_R0023516
2026-10-05-1924,zshah,Intel,AI Solution Architect - Undergraduate Intern,,"US, Oregon, Hillsboro",unknown,https://intel.wd1.myworkdayjobs.com/external/job/US-Oregon-Hillsboro/AI-Solution-Architect---Graduate-Intern_JR0287531
2026-10-05-1924,zshah,Datacor,Summer 2027 AI Engineer Intern,Summer 2027,"Remote, US",unknown,https://job-boards.greenhouse.io/datacor/jobs/5242412007
2026-10-05-1924,jobright,Chenega MIOS SBU,Software Developer (Intern),,"Virginia, United States",,https://jobright.ai/jobs/info/6ac41c724ac55253f5d70f98?utm_campaign=1079&utm_source=git
2026-10-05-1924,jobright,General Motors,"2027 Summer Intern- ADAS Software Engineer, ADPT",,"Warren, MI, United States",,https://jobright.ai/jobs/info/6ac415eb0e027c0f3b3a9358?utm_campaign=1079&utm_source=git
2026-10-05-1924,jobright,Tesla,"Internship, Embedded Software Engineer, Thermal Systems (Winter/Spring 2027)",,"Palo Alto, CA, United States",,https://jobright.ai/jobs/info/6ac418f70e027c0f3b3a9413?utm_campaign=1079&utm_source=git
2026-10-05-1924,jobright,Louisiana Economic Development,Intern Application Developer – Azure and Microsoft - 2027,,"Baton Rouge, LA, United States",,https://jobright.ai/jobs/info/6ac415ca8ff3fb9b3bc83fdd?utm_campaign=1079&utm_source=git
2026-10-05-1924,jobright,TikTok USDS Joint Venture,Software Engineer Intern (Agentic Platform) - 2027 Summer,,"San Jose, CA, United States",,https://jobright.ai/jobs/info/6ac3e5bcd9621c5b2839e732?utm_campaign=1079&utm_source=git
2026-10-05-1924,applyguy,IDEMIA North America,Software Engineer Internship - Summer 2027,Summer 2027,"Reston, VA",,https://uscareers-idemia.icims.com/jobs/8650/software-engineer-internship---summer-2027/job
2026-10-05-2024,jobright,Todd,Frontend Developer Intern (Fall '26),,United States,,https://jobright.ai/jobs/info/6ac42bebd9621c5b283a00c6?utm_campaign=1079&utm_source=git
2026-10-05-2024,jobright,Rivian,Software Engineering Intern - Embedded Software (Spring 2027 Co-op),,"Palo Alto, CA, United States",,https://jobright.ai/jobs/info/6ac423ff372c01f6cd7342d3?utm_campaign=1079&utm_source=git
2026-10-05-2024,jobright,Ryzoe,Trainee (Intern) Full Stack Developer,,United States,,https://jobright.ai/jobs/info/6ac421588ff3fb9b3bc84374?utm_campaign=1079&utm_source=git
2026-10-05-2024,jobright,Root Inc.,Software Engineer Intern: Agent Commerce,,United States,,https://jobright.ai/jobs/info/6ac41f4e064da25272e114b0?utm_campaign=1079&utm_source=git
2026-10-05-2124,simplify,FHLBank Chicago,AI Intern,Summer 2027,"Chicago, IL",Other,https://fhlbc.wd1.myworkdayjobs.com/search/job/Chicago/Summer-Internship---AI-Intern_R2600477
2026-10-05-2124,jobright,Keysight Technologies,Enterprise Software Development (EDA Tools) Intern,,"Santa Rosa, CA, United States",,https://jobright.ai/jobs/info/6ac436c54ac55253f5d71b80?utm_campaign=1079&utm_source=git
2026-10-05-2124,applyguy,Microsoft,"Software Engineer: Internship Opportunities, Azure Databases",,"United States, Washington, Redmond",,https://apply.careers.microsoft.com/careers/job/1970393557002476
2026-10-05-2223,jobright,Todd,Frontend Developer Intern (Winter '26),,United States,,https://jobright.ai/jobs/info/6ac44c158ff3fb9b3bc85395?utm_campaign=1079&utm_source=git
2026-10-05-2324,zshah,Hewlett Packard Enterprise,Cloud Developer Intern,,"San Jose, California, United States of America",unknown,https://hpe.wd5.myworkdayjobs.com/Jobsathpe/job/San-Jose-California-United-States-of-America/Cloud-Developer-Intern_1214950
2026-10-05-2324,zshah,Hewlett Packard Enterprise,Systems Software Engineer Intern,,"Bloomington, Minnesota, United States of America",unknown,https://hpe.wd5.myworkdayjobs.com/Jobsathpe/job/Bloomington-Minnesota-United-States-of-America/Systems-Software-Engineer-Intern_1213401
2026-10-05-2324,zshah,Hewlett Packard Enterprise,Infrastructure Deployment Automation Intern,,"Bloomington, Minnesota, United States of America",unknown,https://hpe.wd5.myworkdayjobs.com/Jobsathpe/job/Bloomington-Minnesota-United-States-of-America/Infrastructure-Deployment-Automation-Intern_1213406
2026-10-06-0024,jobright,DCS Corp,Intern - Software Engineering,,"Dayton, OH, United States",,https://jobright.ai/jobs/info/6ab32ad51508734c1530de68?utm_campaign=1079&utm_source=git
2026-10-06-0123,applyguy,Hpe,Cloud Developer Intern,,"San Jose, CA",,https://hpe.wd5.myworkdayjobs.com/jobsathpe/job/San-Jose-California-United-States-of-America/Cloud-Developer-Intern_1214950
2026-10-06-0123,applyguy,Hpe,Systems Software Engineer Intern,,"Bloomington, MN",,https://hpe.wd5.myworkdayjobs.com/jobsathpe/job/Bloomington-Minnesota-United-States-of-America/Systems-Software-Engineer-Intern_1213401
2026-10-06-0724,simplify,Astera Labs,Applied AI Engineer Intern - Silicon Engineering,,"San Jose, CA",Other,https://job-boards.greenhouse.io/asteraearlycareer2027/jobs/4727602005
2026-10-06-0724,simplify,Astera Labs,Applied AI Intern - Non-Silicon,,"San Jose, CA",Other,https://job-boards.greenhouse.io/asteraearlycareer2027/jobs/4728357005
2026-10-06-0724,simplify,Mayo Clinic,AI/ML Intern - Radiation Oncology,,"Rochester, MN",Other,https://fa-euwp-saasfaprod1.fa.ocs.oraclecloud.com/hcmUI/CandidateExperience/en/sites/CX_1/job/385703
2026-10-06-0724,simplify,IEX,Data Engineer Intern,,NYC,Other,https://job-boards.greenhouse.io/iex-interns/jobs/8210998
2026-10-06-0724,simplify,Liberty Mutual,Data Science Co-op,Winter 2027; Summer 2027,"Boston, MA",Other,https://campus-libertymutual.icims.com/jobs/261811/job?mobile=true&needsRedirect=false
2026-10-06-0724,simplify,Liberty Mutual,Software Development Co-op,Winter 2027; Summer 2027,"Boston, MA",Other,https://campus-libertymutual.icims.com/jobs/261797/job?mobile=true&needsRedirect=false
2026-10-06-0724,simplify,Judi Health,Data Engineer Intern,,"NYC; Denver, CO",Other,https://job-boards.greenhouse.io/judihealth/jobs/5418671008
2026-10-06-0724,simplify,West Monroe,Software Engineer Consulting Intern - AI Concentration,,NYC,Other,https://westmonroe.com/careers/job-details-students?gh_jid=6172721004
2026-10-06-0724,simplify,West Monroe,Labs Asset Foundry Consulting Intern,,"Chicago, IL",Other,https://westmonroe.com/careers/job-details-students?gh_jid=6169873004
2026-10-06-0724,simplify,West Monroe,Software Engineering Consulting Intern - AI Concentration,,SF,Other,https://westmonroe.com/careers/job-details-students?gh_jid=6172998004
2026-10-06-0724,simplify,Cadence Solutions,Software Engineer Intern,Summer 2027,Remote in USA,Other,https://job-boards.greenhouse.io/solutions/jobs/4711210006
2026-10-06-0724,simplify,Hewlett Packard Enterprise,Data Science Intern,,"Andover, MA; Bloomington, MN; San Jose, CA; Spring, TX; Durham, NC; Westford, MA; Chippewa Falls, WI; Fort Collins, CO; Sunnyvale, CA; Roseville, CA",Other,https://hpe.wd5.myworkdayjobs.com/jobsathpe/job/Spring-Texas-United-States-of-America/Data-Science-Intern_1213632
2026-10-06-0724,simplify,Boston Scientific,Equipment Engineering Software Engineer Intern,Summer 2027,"Maple Grove, MN",Other,https://bostonscientific.eightfold.ai/careers/job/563602813584306
2026-10-06-0724,jobright,Todd,Frontend Developer Intern (Spring '27),,United States,,https://jobright.ai/jobs/info/6ac4ac110e027c0f3b3ab70e?utm_campaign=1079&utm_source=git
2026-10-06-0724,jobright,Louisiana Economic Development,Intern Application Developer – Salesforce - 2027,,"Baton Rouge, LA, United States",,https://jobright.ai/jobs/info/6ac485118ff3fb9b3bc85e86?utm_campaign=1079&utm_source=git
2026-10-06-0724,jobright,Astronics Corporation,Software Engineer Intern - Summer 2027,,"Kirkland, WA, United States",,https://jobright.ai/jobs/info/6ac49d6b064da25272e1335e?utm_campaign=1079&utm_source=git
2026-10-06-0724,applyguy,Dryft,Full-Stack Engineering Intern,,"San Francisco, CA",,https://jobs.ashbyhq.com/dryft/d4c7d1cd-a4e3-440e-ad53-4dab3391d883
2026-10-06-0824,jobright,"Lowe's Companies, Inc.",Exploratory Software Engineering - Undergrad Internship - Summer 2027,,"Charlotte, NC, United States",,https://jobright.ai/jobs/info/6aa8ba1410b1cd4f41603b32?utm_campaign=1079&utm_source=git
2026-10-06-0824,jobright,Freddie Mac,Technology Intern- Summer 2027,,"McLean, VA, United States",,https://jobright.ai/jobs/info/6a8c9012cde3717f9e9bde43?utm_campaign=1079&utm_source=git
2026-10-06-0824,jobright,Louisiana Economic Development,Intern Application Developer - Oracle - 2027,,"Baton Rouge, LA, United States",,https://jobright.ai/jobs/info/6ac485114ac55253f5d72cb0?utm_campaign=1079&utm_source=git
2026-10-06-0924,jobright,Vylor,Software Engineer Intern,,"Johnston, IA, United States",,https://jobright.ai/jobs/info/6ac4e071372c01f6cd7368b3?utm_campaign=1079&utm_source=git
2026-10-06-1023,simplify,Susquehanna International Group,Technology Co-op - Northeastern University,Winter 2027,"Bala Cynwyd, PA",Other,https://careers-sig.icims.com/jobs/11377/job?mobile=true&needsRedirect=false
2026-10-06-1023,simplify,Boston Scientific,Equipment Engineering AI Vision Engineer Intern,Summer 2027,"Maple Grove, MN",Other,https://bostonscientific.eightfold.ai/careers/job/563602813584308
2026-10-06-1023,simplify,IDEMIA,Engineering Intern,Summer 2027,"Reston, VA",Other,https://uscareers-idemia.icims.com/jobs/8647/job?mobile=true&needsRedirect=false
2026-10-06-1023,simplify,Tradeweb,Data Management Intern,Summer 2027,NYC,Other,https://ecnf.fa.us2.oraclecloud.com/hcmUI/CandidateExperience/en/sites/CX/job/301946
2026-10-06-1023,simplify,Sentinel Technologies,AI Intern,,"Downers Grove, IL",Other,https://careers-sentinel.icims.com/jobs/5122/job?mobile=true&needsRedirect=false
2026-10-06-1023,simplify,Alston & Bird Law Firm,Developer Intern,,"Atlanta, GA",Other,https://alston.wd1.myworkdayjobs.com/ExternalCareer/job/Atlanta/Developer-Intern_JR100986
2026-10-06-1023,simplify,Biogen,Machine Learning Engineering Co-op,Winter 2027,Remote in USA,Other,https://biibhr.wd3.myworkdayjobs.com/external/job/Remote-USA/Co-op--Machine-Learning-Engineering_REQ24310
2026-10-06-1023,simplify,Space Dynamics Laboratory,"Software Engineer Intern - Software, AI, & Machine Learning",Summer 2027,"North Logan, UT",Other,https://spacedynamicslaboratory.applytojob.com/apply/3M8cZAl86l/Software-Engineer-Intern-Software-AI-Machine-Learning
2026-10-06-1023,simplify,Space Dynamics Laboratory,Software Engineer Intern - AI Enabled Software Development,Summer 2027,"North Logan, UT",Other,https://spacedynamicslaboratory.applytojob.com/apply/82GBzTsnBq/Software-Engineering-Intern-AI-Enabled-Software-Development
2026-10-06-1124,jobright,Vertiv,Software Engineering Intern (Summer 2027),,"Delaware, OH, United States",,https://jobright.ai/jobs/info/6ac506158ff3fb9b3bc8715c?utm_campaign=1079&utm_source=git
2026-10-06-1124,jobright,IDEMIA Public Security,Engineering Internship,,"Reston, VA, United States",,https://jobright.ai/jobs/info/6ac4fe608ff3fb9b3bc86f36?utm_campaign=1079&utm_source=git
2026-10-06-1124,jobright,Coca-Cola Beverages Florida,2027 Summer Intern - IT (Commercial & Customer Facing Technology),,"Tampa, FL, United States",,https://jobright.ai/jobs/info/6ac4fb89372c01f6cd736dcd?utm_campaign=1079&utm_source=git
2026-10-06-1223,applyguy,Alston,Developer Intern,,"Atlanta, GA",,https://alston.wd1.myworkdayjobs.com/externalcareer/job/Atlanta/Developer-Intern_JR100986
2026-10-06-1223,applyguy,Rockwellautomation,"Intern, Firmware and Software Test Development",,"Mequon, WI",,https://rockwellautomation.wd1.myworkdayjobs.com/external_rockwell_automation/job/Mequon-Wisconsin-United-States/Intern--Firmware-and-Software-Test-Development_R26-7568-1
2026-10-06-1323,zshah,Niantic Spatial,Software Engineering Intern (Summer 2027),Summer 2027,"San Francisco, CA",unknown,https://jobs.ashbyhq.com/niantic-spatial/898b2da7-03cd-486e-96e3-3430a148c8fd
2026-10-06-1323,zshah,Avav,Hypersonic RF Software Engineering Intern,,"Germantown, MD",citizens-only,https://avav.wd1.myworkdayjobs.com/avav/job/Germantown-MD/Hypersonic-RF-Software-Engineering-Intern_8993
2026-10-06-1323,zshah,Biogen,"Co-op, Machine Learning Engineering",Fall 2026,"Remote, USA",unknown,https://biibhr.wd3.myworkdayjobs.com/external/job/Remote-USA/Co-op--Machine-Learning-Engineering_REQ24310
2026-10-06-1323,zshah,Courier Health,Software Engineering Intern (Summer 2027),Summer 2027,"New York, New York, United States",unknown,https://job-boards.greenhouse.io/courierhealth/jobs/5258913007
2026-10-06-1323,zshah,MEMX,"Information Security Intern, Summer 2027 (Hybrid)",Summer 2027,United States,unknown,https://job-boards.greenhouse.io/memx/jobs/5445236008
2026-10-06-1323,zshah,Pure Storage,Software Engineer Intern (Summer 2027),Summer 2027,"Santa Clara, California",unknown,https://job-boards.greenhouse.io/purestorage/jobs/8249749
2026-10-06-1323,zshah,Midland States Bank,Intern - IT Infrastructure,Summer 2027,"Effingham, IL",unknown,https://midlandsb.wd1.myworkdayjobs.com/msbcareers/job/Effingham-IL/Intern---IT-Infrastructure_JR1471
2026-10-06-1323,zshah,Mach Industries,"Summer 2027 Engineering Internship, Software/GNC",Summer 2027,"Huntington Beach, California, United States",no-sponsorship,https://job-boards.greenhouse.io/machindustries/jobs/4420626009
2026-10-06-1323,zshah,IEX,Platform Engineer Intern,,New York,unknown,https://job-boards.greenhouse.io/iex-interns/jobs/8171127
2026-10-06-1323,jobright,IBM,"Software Developer Intern-Poughkeepsie, NY",,"Poughkeepsie, NY, United States",,https://jobright.ai/jobs/info/6aa07617ea127c379469748f?utm_campaign=1079&utm_source=git
2026-10-06-1323,jobright,IBM,Back End Developer Intern 2027 - Poughkeepsie,,"Poughkeepsie, NY, United States",,https://jobright.ai/jobs/info/6aa05928dbc0e60e37e0d112?utm_campaign=1079&utm_source=git
2026-10-06-1323,speedyapply,NVIDIA,NVIDIA 2027 Ignite Internships: Software Engineering,,"Santa Clara, CA",,https://nvidia.wd5.myworkdayjobs.com/en-US/nvidiaexternalcareersite/job/US-CA-Santa-Clara/NVIDIA-2027-Ignite-Internships--Software-Engineering_JR2026958
2026-10-06-1323,speedyapply,MasterControl,DevOps Engineering Intern,,USA,,https://www.mastercontrol.com/careers/job-listings/role/?role=4738483005&gh_jid=4738483005
2026-10-06-1323,applyguy,AeroVironment,Hypersonic RF Software Engineering Intern,,"Germantown, MD",,https://avav.wd1.myworkdayjobs.com/avav/job/Germantown-MD/Hypersonic-RF-Software-Engineering-Intern_8993
2026-10-06-1323,applyguy,"Ergotron, INC",Software Engineer Intern,,"Eagan, MN",,https://recruiting.paylocity.com/Recruiting/Jobs/Details/4564633
2026-10-06-1423,jobright,"Niantic Spatial, Inc.",Software Engineering Intern (Summer 2027),,"San Francisco, CA, United States",,https://jobright.ai/jobs/info/6ac52d3a4ac55253f5d74fd2?utm_campaign=1079&utm_source=git
2026-10-06-1423,jobright,Cerebrone.ai,Java Intern,,"Charlotte, NC, United States",,https://jobright.ai/jobs/info/6ac524448ff3fb9b3bc87d22?utm_campaign=1079&utm_source=git
2026-10-06-1423,jobright,IBM,Software Developer Intern-Austin -TX,,"Austin, TX, United States",,https://jobright.ai/jobs/info/6aa075ddea127c3794697478?utm_campaign=1079&utm_source=git
2026-10-06-1423,jobright,Ergotron,Software Engineer Intern,,"Eagan, MN, United States",,https://jobright.ai/jobs/info/6ac52c38d9621c5b283a3a3e?utm_campaign=1079&utm_source=git
2026-10-06-1423,applyguy,Amazon,Software Development Engineer Intern - Mobile(iOS/Android) - Summer 2027 (USA),Summer 2027,"US, WA, Seattle",,https://www.amazon.jobs/en/jobs/10571004/software-development-engineer-intern-mobile-ios-android-summer-2027-usa
2026-10-06-1423,applyguy,Everpure,Software Engineer Intern (Summer 2027),Summer 2027,"Santa Clara, CA",,https://job-boards.greenhouse.io/purestorage/jobs/8249749
2026-10-06-1423,applyguy,Space Dynamics Laboratory,Software Engineering Intern - AI Enabled Software Development,,"North Logan, UT",,https://spacedynamicslaboratory.applytojob.com/apply/82GBzTsnBq
2026-10-06-1523,jobright,Valorantum,Engineer Intern,,"Los Angeles, CA, United States",,https://jobright.ai/jobs/info/6ac5335f8ff3fb9b3bc883cb?utm_campaign=1079&utm_source=git
2026-10-06-1523,jobright,Relativity Space,Software Engineer Intern,,"Long Beach, CA, United States",,https://jobright.ai/jobs/info/6ac5334f372c01f6cd738359?utm_campaign=1079&utm_source=git
2026-10-06-1523,jobright,Gulfstream Aerospace,Spring 2027 - Software Development & Machine Learning - Collegiate Intern,,"Savannah, GA, United States",,https://jobright.ai/jobs/info/6ac52abc372c01f6cd737fc2?utm_campaign=1079&utm_source=git
2026-10-06-1523,jobright,Clark Associates,Front-End Developer Intern (Remote),,"Alaska, United States",,https://jobright.ai/jobs/info/6ac530448ff3fb9b3bc882b8?utm_campaign=1079&utm_source=git
2026-10-06-1623,jobright,Rivet Industries,"Intern, Software Engineering (Summer 2027)",,"San Jose, CA, United States",,https://jobright.ai/jobs/info/6ac5428a4ac55253f5d757d7?utm_campaign=1079&utm_source=git
2026-10-06-1723,zshah,Dmainc,Cybersecurity Intern - Summer 2027,Summer 2027,"Fort Wayne, IN",unknown,https://dmainc.wd5.myworkdayjobs.com/dma/job/Fort-Wayne-IN/Cybersecurity-Intern---Summer-2027_REQ742
2026-10-06-1723,zshah,Nokia,AI Engineering Co-op,,United States,unknown,https://fa-evmr-saasfaprod1.fa.ocs.oraclecloud.com/hcmUI/CandidateExperience/en/sites/CX_1/job/40566
2026-10-06-1723,zshah,ABB,"AI Engineering, ERP Intern- Summer 2027",Summer 2027,"USA, NC, Cary",no-sponsorship,https://abb.wd3.myworkdayjobs.com/external_career_page/job/USA-NC-Cary/AI-Engineering--ERP-Intern--Summer-2027_JR00048711
2026-10-06-1723,zshah,ABB,"AI Engineering, Business Systems Intern- Summer 2027",Summer 2027,"USA, NC, Cary",no-sponsorship,https://abb.wd3.myworkdayjobs.com/external_career_page/job/USA-NC-Cary/AI-Engineering--Business-Systems-Intern--Summer-2027_JR00048714
2026-10-06-1723,zshah,Entrust,Software Engineer Co-op,,"United States - Shakopee, MN (GHQ)",unknown,https://entrust.wd1.myworkdayjobs.com/entrustcareers/job/United-States---Shakopee-MN-GHQ/Software-Engineer-Co-op_R004416
2026-10-06-1723,zshah,Jabil,AI Transformation Intern,Summer 2027,"Austin, TX",unknown,https://jabil.wd5.myworkdayjobs.com/Jabil_Careers/job/Austin-TX/AI-Transformation-Intern_J2466044
2026-10-06-1723,zshah,Waymo,"2027 Summer Intern, BS, Software Engineer, Model Eval",Summer 2027,"Mountain View, CA, USA",unknown,https://careers.withwaymo.com/jobs?gh_jid=8257660
2026-10-06-1723,zshah,Waymo,"2027 Summer Intern, BS, Waymo ML Ops & Automation",Summer 2027,"Mountain View, CA, USA",unknown,https://careers.withwaymo.com/jobs?gh_jid=8257237
2026-10-06-1723,zshah,Allen Control Systems,"Android Developer Intern, 2027",Summer 2027,"Austin, TX",unknown,https://jobs.ashbyhq.com/allen-control-systems/1cd2b432-9a01-4ae0-8eb2-6ebd9c278b94
2026-10-06-1824,simplify,Waymo,ML Ops & Automation Intern,Summer 2027,"Mountain View, CA",Other,https://careers.withwaymo.com/jobs?gh_jid=8257237
2026-10-06-1824,simplify,Niantic Spatial,Software Engineer Intern,Summer 2027,SF,Other,https://jobs.ashbyhq.com/niantic-spatial/898b2da7-03cd-486e-96e3-3430a148c8fd/application?embed=true
2026-10-06-1824,simplify,Space Dynamics Laboratory,Computer Vision Engineer Intern,Summer 2027,"North Logan, UT",Other,https://spacedynamicslaboratory.applytojob.com/apply/x1yVybua0f/Computer-Vision-Engineer-Intern
2026-10-06-1824,simplify,Dryft,Member of Technical Staff Intern,,"SF; Munich, Germany",Other,https://jobs.ashbyhq.com/dryft/d4c7d1cd-a4e3-440e-ad53-4dab3391d883/application?embed=true
2026-10-06-1824,simplify,F5,Software Development Engineer Intern,Summer 2027,"Seattle, WA",Other,https://ffive.wd5.myworkdayjobs.com/en-US/f5jobs/job/Seattle/Software-Development-Engineer-Intern--Seattle--WA-_RP1039073
2026-10-06-1824,simplify,Arcfield,Software Engineer-On Call Intern,,"Middletown, RI",Other,https://careers.arcfield.com/jobs/8759?icims=1
2026-10-06-1824,simplify,Pure Storage,Software Engineer Intern,Summer 2027,"Santa Clara, CA",Other,https://job-boards.greenhouse.io/purestorage/jobs/8249749
2026-10-06-1824,simplify,Meta,Software Engineer Intern,,"Seattle, WA; Menlo Park, CA; NYC; Bellevue, WA",Other,https://www.metacareers.com/jobs/1952991802037374
2026-10-06-1824,simplify,ABB,AI Engineering ERP Intern,Summer 2027,"Cary, NC",Other,https://abb.wd3.myworkdayjobs.com/external_career_page/job/USA-NC-Cary/AI-Engineering--ERP-Intern--Summer-2027_JR00048711
2026-10-06-1824,simplify,KnowBe4,Software Engineer Intern,Winter 2027,"Tampa, FL",Other,https://job-boards.greenhouse.io/knowbe4/jobs/8870749002
2026-10-06-1824,simplify,ABB,AI Engineering Intern - Business Systems,Summer 2027,"Cary, NC",Other,https://abb.wd3.myworkdayjobs.com/external_career_page/job/USA-NC-Cary/AI-Engineering--Business-Systems-Intern--Summer-2027_JR00048714
2026-10-06-1824,simplify,Chenega,Software Developer Intern,,Virginia,Other,https://careers.chenega.com/jobs/42444?icims=1
2026-10-06-1824,jobright,Keysight Technologies,Software Development Engineer Intern - 6G Digital Twin and Visualization Platform,,"Santa Rosa, CA, United States",,https://jobright.ai/jobs/info/6ac55ee70e027c0f3b3aeab7?utm_campaign=1079&utm_source=git
2026-10-06-1824,jobright,Todd,Fullstack Developer Intern (Spring '27),,United States,,https://jobright.ai/jobs/info/6ac55d9d4ac55253f5d764a0?utm_campaign=1079&utm_source=git
2026-10-06-1824,jobright,WebstaurantStore,Front-End Developer Intern (Remote),,"Lititz, PA, United States",,https://jobright.ai/jobs/info/6ac55b69064da25272e167a8?utm_campaign=1079&utm_source=git
2026-10-06-1824,jobright,KnowBe4,Software Engineer Intern (Remote),,"Clearwater, FL, United States",,https://jobright.ai/jobs/info/6ac556080e027c0f3b3ae6b5?utm_campaign=1079&utm_source=git
2026-10-06-1824,jobright,Overland AI,Internship - Software Engineering,,"Seattle, WA, United States",,https://jobright.ai/jobs/info/6ac54a344ac55253f5d75c3d?utm_campaign=1079&utm_source=git
2026-10-06-1923,simplify,Courier Health,Software Engineer Intern,Summer 2027,NYC,Other,https://job-boards.greenhouse.io/courierhealth/jobs/5258913007
2026-10-06-1923,jobright,Revel,"Internship: Software Engineer, Test",,"Los Angeles, CA, United States",,https://jobright.ai/jobs/info/6ac56dc4d9621c5b283a5491?utm_campaign=1079&utm_source=git
2026-10-06-1923,jobright,"Fort Washington Investment Advisors, Inc.",Software Quality Assurance Data Integration Testing Intern (Full Year 2027),,"Cincinnati, OH, United States",,https://jobright.ai/jobs/info/6ac569c3372c01f6cd7399dc?utm_campaign=1079&utm_source=git
2026-10-06-1923,jobright,Cook Medical,"Intern, Applied AI & Full Stack Development",,"Bloomington, IN, United States",,https://jobright.ai/jobs/info/6ac562d2064da25272e16b96?utm_campaign=1079&utm_source=git
2026-10-06-1923,jobright,Elevated Web Design,Founding Software Engineering Internship,,United States,,https://jobright.ai/jobs/info/6ac5616c8ff3fb9b3bc897be?utm_campaign=1079&utm_source=git
2026-10-06-1923,jobright,KLA,Digital Twin Eng Apps Intern,,"Ann Arbor, MI, United States",,https://jobright.ai/jobs/info/6ac53dbf064da25272e159ee?utm_campaign=1079&utm_source=git
2026-10-06-1923,applyguy,apexcapitalcorp,Software Engineer Intern,,"Fort Worth, TX",,https://apexcapitalcorp.wd5.myworkdayjobs.com/confidential/job/US-TX-Fort-Worth/Software-Engineer-Intern_R864
2026-10-06-2023,jobright,Cloudflare,People Team: Software Engineer Intern (Winter/Spring 2027),,"Austin, TX, United States",,https://jobright.ai/jobs/info/6ac580708ff3fb9b3bc8a1d7?utm_campaign=1079&utm_source=git
2026-10-06-2023,jobright,F5,"Software Development Engineer Intern (Seattle, WA)",,"Seattle, WA, United States",,https://jobright.ai/jobs/info/6ac57b4fd9621c5b283a5a84?utm_campaign=1079&utm_source=git
2026-10-06-2023,jobright,Sigma,Software Engineering Intern (Summer 2027),,"New York, NY, United States",,https://jobright.ai/jobs/info/6ac57a990e027c0f3b3af4b1?utm_campaign=1079&utm_source=git
2026-10-06-2023,applyguy,Amazon,"Software Development Engineer (Embedded Systems) Intern, Amazon Leo - Summer 2027 (USA)",Summer 2027,"US, WA, Redmond",,https://www.amazon.jobs/en/jobs/10571374/software-development-engineer-embedded-systems-intern-amazon-leo-summer-2027-usa
2026-10-06-2023,applyguy,kendallgroup,Software Engineering Intern,,"Portage, MI",,https://kendallgroup.wd503.myworkdayjobs.com/kendall_careers/job/Portage-MI/Software-Engineering-Intern_R-101166
2026-10-06-2123,simplify,F5,Software Developer Intern,Summer 2027,"San Jose, CA",Other,https://ffive.wd5.myworkdayjobs.com/en-US/f5jobs/job/San-Jose/Software-Development-Engineer-Intern--San-Jose--CA-_RP1039076
2026-10-06-2123,simplify,Clēnera,Data Engineer Intern,Winter 2027,"Boise, ID",Other,https://job-boards.greenhouse.io/clenera/jobs/5259423007
2026-10-06-2123,simplify,Akuna Capital,Entry-Level C++ Software Engineer Intern,,"Chicago, IL",Other,https://www.akunacapital.com/careers/job/8013085/?gh_jid=8013085
2026-10-06-2123,simplify,Figure,Middleware Software Intern,Winter 2027,"San Jose, CA",Other,https://job-boards.greenhouse.io/figureai/jobs/4605724006
2026-10-06-2123,simplify,Sigma Computing,Software Engineer Intern - Summer 2027,Summer 2027,SF; NYC,Other,https://job-boards.greenhouse.io/sigmacomputing/jobs/7850795003
2026-10-06-2123,simplify,Sigma Computing,Software Engineer Intern,Summer 2027,NYC,Other,https://job-boards.greenhouse.io/sigmacomputing/jobs/8001295003
2026-10-06-2123,zshah,Highmark Health,Summer 2027 Artificial Intelligence (Operations) Undergraduate Intern,Summer 2027,"Pittsburgh PA, 15222, FAP, 5th Avenue Place",no-sponsorship,https://highmarkhealth.wd1.myworkdayjobs.com/highmark/job/Pittsburgh-PA-15222-FAP-5th-Avenue-Place/Summer-2027-Artificial-Intelligence--Operations--Undergraduate-Intern_J287476
2026-10-06-2123,zshah,Sigma Computing,Software Engineering Intern (Summer 2027),Summer 2027,"New York, NY",no-sponsorship,https://job-boards.greenhouse.io/sigmacomputing/jobs/8001295003
2026-10-06-2324,jobright,The Kendall Group,Software Engineering Intern,,"Grand Rapids, MI, United States",,https://jobright.ai/jobs/info/6ac58099d9621c5b283a5b8c?utm_campaign=1079&utm_source=git
2026-10-06-2324,jobright,Elevated Web Design,App Software Engineering Internship,,United States,,https://jobright.ai/jobs/info/6ac598a74ac55253f5d77614?utm_campaign=1079&utm_source=git
2026-10-06-2324,jobright,Berkshire Hathaway Specialty Insurance,"Intern, Technology",,"San Ramon, CA, United States",,https://jobright.ai/jobs/info/6ac598fa064da25272e17a0b?utm_campaign=1079&utm_source=git
2026-10-07-0023,jobright,String,Engineering Intern,,"New York, NY, United States",,https://jobright.ai/jobs/info/6ac5a7e5064da25272e17be1?utm_campaign=1079&utm_source=git
2026-10-07-0124,jobright,Carboncopies Foundation,C++ Software Engineering FALL 2026 Unpaid Internship,,"San Francisco, CA, United States",,https://jobright.ai/jobs/info/6ac5c1e1372c01f6cd73b193?utm_campaign=1079&utm_source=git
2026-10-07-0724,simplify,Johns Hopkins Applied Physics Laboratory,Cyber Software Engineer Intern - Capabilities Development,Summer 2027,"Laurel, MD",Other,https://careers.jhuapl.edu/jobs/59779?icims=1
2026-10-07-0724,simplify,Johns Hopkins Applied Physics Laboratory,Acoustic Algorithm Development Engineer Intern,Summer 2027,"Laurel, MD",Other,https://careers.jhuapl.edu/jobs/59784?icims=1
2026-10-07-0724,simplify,Tenstorrent,AI Software Intern,,"Austin, TX; Santa Clara, CA",Other,https://job-boards.greenhouse.io/tenstorrentuniversity/jobs/5258901007
2026-10-07-0724,simplify,Omnicom Group,Technology Solutions Intern,,"Addison, TX",Other,https://interpublic.wd5.myworkdayjobs.com/omc/job/Addison-Texas-United-States-of-America/Credera-Technology-Solutions-Intern-Consultant_R13282
2026-10-07-0724,zshah,Tenstorrent,"AI SW Intern, Cloud, Infrastructure & Data Centre Deployment",,"Austin, Texas, United States; Santa Clara, California, United States",unknown,https://job-boards.greenhouse.io/tenstorrentuniversity/jobs/5256686007
2026-10-07-0724,jobright,Mary Kay Global,2027 Summer Internships – Information Technology,,"Addison, TX, United States",,https://jobright.ai/jobs/info/6ab31c561508734c1530dbbb?utm_campaign=1079&utm_source=git
2026-10-07-0724,jobright,RRS Group & Co,2027 Software Engineer Intern Placement Year,,United States,,https://jobright.ai/jobs/info/6ac60f850e027c0f3b3b106b?utm_campaign=1079&utm_source=git
2026-10-07-0724,jobright,Meta,Software Engineering Intern,,"Bellevue, WA, United States",,https://jobright.ai/jobs/info/6ac5387e0e027c0f3b3ad915?utm_campaign=1079&utm_source=git
2026-10-07-0724,jobright,F5,"Software Development Engineer Intern (San Jose, CA)",,"San Jose, CA, United States",,https://jobright.ai/jobs/info/6ac59d50064da25272e17aee?utm_campaign=1079&utm_source=git
2026-10-07-0724,applyguy,Tenstorrent University Jobs,AI Software Intern,,"Austin, TX",,https://job-boards.greenhouse.io/tenstorrentuniversity/jobs/5258901007
2026-10-07-1023,simplify,Booz Allen,Junior AI Software Developer Intern,,"San Diego, CA",Other,https://bah.wd1.myworkdayjobs.com/Confidential/job/San-Diego-CA/AI-Software-Developer--Junior_R0251196
2026-10-07-1023,simplify,S&C Electric Company,Software Engineer Intern,Summer 2027,"Chicago, IL",Other,https://ejia.fa.us6.oraclecloud.com/hcmUI/CandidateExperience/en/sites/CX_1001/job/107374
2026-10-07-1123,simplify,Northrop Grumman,Software Developer Intern,Summer 2027,"Chantilly, VA",Other,https://ngc.wd1.myworkdayjobs.com/Northrop_Grumman_External_Site/job/United-States-Virginia-Chantilly/XMLNAME-2027-Software-Developer-Intern--Chantilly-VA_R10254863-1
2026-10-07-1123,zshah,Mastercard,"Security Infrastructure Engineering & Architecture Intern, Summer 2027 – Arlington, VA, US",Summer 2027,"Arlington, Virginia",unknown,https://mastercard.wd1.myworkdayjobs.com/Campus/job/Arlington-Virginia/Security-Infrastructure-Engineering---Architecture-Intern--Summer-2027---Arlington--VA--US_R-284924
2026-10-07-1123,zshah,Northrop Grumman,2027 Software Developer Intern- Chantilly VA,Summer 2027,United States-Virginia-Chantilly,citizens-only,https://ngc.wd1.myworkdayjobs.com/Northrop_Grumman_External_Site/job/United-States-Virginia-Chantilly/XMLNAME-2027-Software-Developer-Intern--Chantilly-VA_R10254863-1
2026-10-07-1123,jobright,Gulfstream Aerospace,Spring 2027 - IEF - Software Engineer Collegiate Associate Intern,,"Savannah, GA, United States",,https://jobright.ai/jobs/info/6a8bc96525fc4e7ae3db6472?utm_campaign=1079&utm_source=git
2026-10-07-1223,jobright,Elevated Web Design,Backend Software Engineering Internship,,United States,,https://jobright.ai/jobs/info/6ac65887d9621c5b283a854f?utm_campaign=1079&utm_source=git
2026-10-07-1223,jobright,Kenvue,Tech & Data Co-op Spring 2027 (Elevate),,"Summit, NJ, United States",,https://jobright.ai/jobs/info/6aa9c58eeff87f571fc9b6c2?utm_campaign=1079&utm_source=git
2026-10-07-1223,jobright,Springer Capital,Backend Developer Internship (Remote),,United States,,https://jobright.ai/jobs/info/6a0d7ba422d0d34036c9e481?utm_campaign=1079&utm_source=git
2026-10-07-1324,jobright,Mensa Philosophical Circle,Software Engineering Intern,,United States,,https://jobright.ai/jobs/info/6ac66c668ff3fb9b3bc8cfe1?utm_campaign=1079&utm_source=git
2026-10-07-1324,jobright,IBM,Intern Software Engineer / Agent Engineer - EDA - Poughkeepsie,,"Poughkeepsie, NY, United States",,https://jobright.ai/jobs/info/6aa05bd35b2d5633ef3be1cb?utm_campaign=1079&utm_source=git
2026-10-07-1324,applyguy,IDEMIA North America,Software Engineering Internship,,"Reston, VA",,https://uscareers-idemia.icims.com/jobs/8657/software-engineering-internship/job
2026-10-07-1424,speedyapply,MFS,Spring 2027 Systems Engineering - Cloud Technologies Co-Op - January - June,,"Boston, MA",,https://mfs.wd1.myworkdayjobs.com/en-US/mfs-careers/job/Boston/Spring-2027-Systems-Engineering---Cloud-Technologies-Co-Op--January---June-_MFS-231989
2026-10-07-1424,speedyapply,Raytheon,Software Engineer Co-op - January 2027,,"Marlborough, MA",,https://globalhr.wd5.myworkdayjobs.com/en-US/rec_rtx_ext_gateway/job/US-MA-MARLBOROUGH-MA2--1001-Boston-Post-Rd--BLDG-2/Software-Engineer-Co-op--January-2027-_01878330
2026-10-07-1424,speedyapply,Western & Southern Financial Group,Software Quality Assurance Data Integration Testing Intern - Full Year 2027,,"Cincinnati, OH",,https://careers-westernsouthern.icims.com/jobs/25006/software-quality-assurance-data-integration-testing-intern-%28full-year-2027%29/job
2026-10-07-1424,applyguy,Icf,"2027 Summer Intern, Data Engineer (Reston, VA or Remote)",Summer 2027,"Reston, VA",,https://icf.wd5.myworkdayjobs.com/icfexternal_career_site/job/Reston-VA/XMLNAME-2027-Summer-Intern--Data-Engineer--Reston--VA-or-Remote-_R2603380
2026-10-07-1523,jobright,Louisiana Economic Development,GDIT Summer Internship Program – Summer 2027 Software Development Internship,,"Bossier City, LA, United States",,https://jobright.ai/jobs/info/6ac67f738ff3fb9b3bc8d70b?utm_campaign=1079&utm_source=git
2026-10-07-1523,jobright,Leonardo DRS,"Embedded Software Engineer Intern Job Details / Leonardo DRS, Inc.",,"Bridgeton, MO, United States",,https://jobright.ai/jobs/info/6ac67d5b064da25272e1aa98?utm_campaign=1079&utm_source=git
2026-10-07-1623,zshah,Hewlett Packard Enterprise,AI Performance Engineering Intern,,"Spring, Texas, United States of America",unknown,https://hpe.wd5.myworkdayjobs.com/Jobsathpe/job/Spring-Texas-United-States-of-America/AI-Performance-Engineering-Intern_1213417
2026-10-07-1623,zshah,State Affairs,Software Engineer Intern (Summer 2027),Summer 2027,"Washington, DC",unknown,https://job-boards.greenhouse.io/stateaffairs/jobs/4437430009
2026-10-07-1623,jobright,Health Care Service Corporation,Early Careers - Infrastructure Service Delivery Intern,,"Chicago, IL, United States",,https://jobright.ai/jobs/info/6ac53d9e0e027c0f3b3adae9?utm_campaign=1079&utm_source=git
2026-10-07-1623,jobright,Honeywell Technologies,Software Engineer & Computer Science - Summer 2027 Intern (US Person Required),,United States,,https://jobright.ai/jobs/info/6a8e149ecc0cf27068527092?utm_campaign=1079&utm_source=git
2026-10-07-1623,jobright,IBM,SW Developer Intern / AI Center of Excellence 2027,,"Austin, TX, United States",,https://jobright.ai/jobs/info/6a9e3bd127c94c3d5a1cba49?utm_campaign=1079&utm_source=git
2026-10-07-1724,jobright,Echo Global Logistics,Software Engineering Intern- Chicago,,"Chicago, IL, United States",,https://jobright.ai/jobs/info/6ac69168d9621c5b283a984e?utm_campaign=1079&utm_source=git
2026-10-07-1824,simplify,Anthropic,Anthropic Fellows Program - AI Safety,,"London, UK; SF; Ontario, Canada; Berkeley, CA; United States",Other,https://job-boards.greenhouse.io/anthropic/jobs/5183044008
2026-10-07-1824,simplify,Panasonic Holdings,Data Engineering Intern,Summer 2027,"Bridgeton, MO",Other,https://careers.na.panasonic.com/jobs/50772?icims=1
2026-10-07-1824,simplify,Point C,Healthcare Informatics Intern,Summer 2026; Fall 2026,Remote in USA,Other,https://job-boards.greenhouse.io/pointc/jobs/5282758008
2026-10-07-1824,simplify,Illinois Tool Works,Software Engineer Intern - Application Software,Summer 2027,"Eden Prairie, MN",Other,https://careers.itw.com/global/en/job/JR10491
2026-10-07-1824,simplify,Bose,Data Engineer Co-op,Winter 2027,"Bloomfield Hills, MI; Framingham, MA; Atlanta, GA",Other,https://boseallaboutme.wd503.myworkdayjobs.com/Bose_Careers/job/US-MA---Framingham/Data-Engineer-Co-Op_R29270
2026-10-07-1824,simplify,Strada,Software Engineer Intern,,SF,Other,https://jobs.ashbyhq.com/stradahq/d277be89-9d67-48cd-9e67-3b17bbab709e/application?embed=true
2026-10-07-1824,simplify,Leidos,Data Pipeline / Splunk Engineer Intern,,Remote in USA,Other,https://leidos.wd5.myworkdayjobs.com/External/job/6314-RemoteTeleworker-US/Technical-Intern_R-00193992
2026-10-07-1824,simplify,Happyrobot,Product Operations Engineer Intern,,SF,Other,https://jobs.ashbyhq.com/happyrobot.ai/875c5335-97a5-4408-a9ae-9fdefdd3b768/application?embed=true
2026-10-07-1824,simplify,ICF International,Data Engineer Intern,Summer 2027,"Remote in USA; Reston, VA",Other,https://icf.wd5.myworkdayjobs.com/icfexternal_career_site/job/Reston-VA/XMLNAME-2027-Summer-Intern--Data-Engineer--Reston--VA-or-Remote-_R2603380
2026-10-07-1824,simplify,Dow Jones,Software Engineer Intern,Summer 2027,NYC,Other,https://dowjones.wd1.myworkdayjobs.com/en-US/Dow_Jones_Career/job/NYC---1211-Ave-of-the-Americas/Summer-2027-Internship-Program---Software-Engineering-Intern_Job_Req_55891
2026-10-07-1824,simplify,State Affairs,Software Engineer Intern,Summer 2027,"Washington, DC",Other,https://job-boards.greenhouse.io/stateaffairs/jobs/4437430009
2026-10-07-1824,simplify,Motorola,GenAI & Machine Learning Intern,Summer 2027,"Chicago, IL",Other,https://motorolasolutions.wd5.myworkdayjobs.com/Careers/job/Chicago-IL/GenAI---Machine-Learning---2027-Summer-Internship--Chicago-Hybrid-_R68929
2026-10-07-1824,simplify,Centene,AI Enablement Intern,Summer 2027,Texas; Florida; Missouri,Other,https://centene.wd5.myworkdayjobs.com/Centene_External/job/Remote-MO/AI-Enablement-Intern--Undergraduate---Summer-2027-_1662038
2026-10-07-1824,jobright,RTX,Digital Technology Intern (Summer 2027),,"Tucson, AZ, United States",,https://jobright.ai/jobs/info/6ac6afba372c01f6cd73e96c?utm_campaign=1079&utm_source=git
2026-10-07-1824,jobright,Georgia Tech Research Institute,Test Systems Software Intern - Spring 2027 - ELSYS,,"Smyrna, GA, United States",,https://jobright.ai/jobs/info/6ac6b1618ff3fb9b3bc8e979?utm_campaign=1079&utm_source=git
2026-10-07-1824,jobright,JARDUM,Embedded GUI Development Intern,,"Austin, TX, United States",,https://jobright.ai/jobs/info/6ac6a8ad8ff3fb9b3bc8e698?utm_campaign=1079&utm_source=git
2026-10-07-1824,jobright,IDEMIA Public Security,Software Engineering Internship,,"Reston, VA, United States",,https://jobright.ai/jobs/info/6ac6a7c60e027c0f3b3b3a59?utm_campaign=1079&utm_source=git
2026-10-07-1824,jobright,"Sortera Technologies, Inc.",Forward Deployed Software Engineer Intern,,"Austin, TX, United States",,https://jobright.ai/jobs/info/6ac6aa00d9621c5b283aa177?utm_campaign=1079&utm_source=git
2026-10-07-2024,zshah,Motorola,GenAI & Machine Learning - 2027 Summer Internship (Chicago Hybrid),Summer 2027,"Chicago, IL",no-sponsorship,https://motorolasolutions.wd5.myworkdayjobs.com/Careers/job/Chicago-IL/GenAI---Machine-Learning---2027-Summer-Internship--Chicago-Hybrid-_R68929
2026-10-07-2024,jobright,Bose Corporation,Embedded Software Engineer Co-op  - Audio Tech,,"Framingham, MA, United States",,https://jobright.ai/jobs/info/6ac67519d9621c5b283a8dd2?utm_campaign=1079&utm_source=git
2026-10-07-2024,applyguy,Mckesson,Software Engineering Intern - Summer 2027,Summer 2027,"Irving, TX",,https://mckesson.wd3.myworkdayjobs.com/external_careers/job/USA-TX-Irving/Software-Engineering-Intern---Summer-2027_JR0155382
2026-10-07-2123,simplify,KLA,Applications Development Engineer Intern,,"Milpitas, CA",Other,https://kla.wd1.myworkdayjobs.com/search/job/Milpitas-CA/Applications-Development-Engineering-Intern---BBP_2641507-1
2026-10-07-2123,simplify,Amazon,Data Engineer Intern,Winter 2027; Summer 2027; Fall 2027,"Seattle, WA",Other,https://amazon.jobs/en/jobs/10553907/data-engineer-internship-2027-us
2026-10-07-2123,jobright,ITW,Summer 2027 Software Engineer Intern (Application Software),,"Eden Prairie, MN, United States",,https://jobright.ai/jobs/info/6ac69ac00e027c0f3b3b365f?utm_campaign=1079&utm_source=git
2026-10-07-2223,jobright,Epic Games,SDET Intern,,"Cary, NC, United States",,https://jobright.ai/jobs/info/6ac6e56a372c01f6cd73f805?utm_campaign=1079&utm_source=git
2026-10-07-2324,jobright,Tesla,"Internship, Software Engineer, Build & Simulation Platform (Winter/Spring 2027)",,"Palo Alto, CA, United States",,https://jobright.ai/jobs/info/6ac6f4ab4ac55253f5d7cad2?utm_campaign=1079&utm_source=git
2026-10-07-2324,jobright,The Aerospace Corporation,2027 Embedded Systems / Software Engineering Undergrad Intern,,"Chantilly, VA, United States",,https://jobright.ai/jobs/info/6ac6d002064da25272e1c96b?utm_campaign=1079&utm_source=git
2026-10-08-0124,applyguy,Axos,Software Development Intern,,"HQ - San Diego, CA",,https://axos.wd5.myworkdayjobs.com/axos/job/HQ---San-Diego-CA/Software-Development-Intern_JR5647
2026-10-08-0725,simplify,Motorola,Software Development Intern,Summer 2027,"St. Petersburg, FL",Other,https://motorolasolutions.wd5.myworkdayjobs.com/Careers/job/St-Petersburg-Business-Center/Software-Development-Intern---Summer-2027-Internship_R68576
2026-10-08-0725,simplify,Dell Technologies,Undergraduate Data Science Intern,,"Round Rock, TX; Hopkinton, MA",Other,https://iawmqy.fa.ocs.oraclecloud.com/hcmUI/CandidateExperience/en/sites/careers/job/299978
2026-10-08-0725,simplify,TikTok,Machine Learning Engineer Intern - Monetization Technology - Ads Core Global,Summer 2027,"San Jose, CA",Other,https://lifeattiktok.com/search/7687630614472149301
2026-10-08-0725,zshah,DoorDash,"Software Engineer, Intern - Labs (Summer 2027)",Summer 2027,"San Francisco, CA; Sunnyvale, CA",unknown,https://job-boards.greenhouse.io/doordashusa/jobs/8263774
2026-10-08-0725,zshah,Motorola,Software Engineer - Summer 2027 Internship,Summer 2027,"Westminster, CO",unknown,https://motorolasolutions.wd5.myworkdayjobs.com/Careers/job/Westminster-CO/Software-Engineer---Summer-2027-Internship_R68997
2026-10-08-0725,jobright,Ascend Learning,"Intern - Software Engineering Job Details / Ascend Learning, LLC",,"Leawood, KS, United States",,https://jobright.ai/jobs/info/6ac759fdf93c2e91aeb1fe72?utm_campaign=1079&utm_source=git
2026-10-08-0725,jobright,Los Alamos National Laboratory,Undergraduate Information Technology Internship,,"Los Alamos, NM, United States",,https://jobright.ai/jobs/info/6ac74d9e8ff3fb9b3bc90892?utm_campaign=1079&utm_source=git
2026-10-08-0725,jobright,Motorola Solutions,Software Development Intern - Summer 2027 Internship,,"St. Petersburg, FL, United States",,https://jobright.ai/jobs/info/6ac745cad9621c5b283ac271?utm_campaign=1079&utm_source=git
2026-10-08-0824,applyguy,DoorDash USA,"Software Engineer, Intern - Labs (Summer 2027)",Summer 2027,"San Francisco, CA",,https://job-boards.greenhouse.io/doordashusa/jobs/8263774
2026-10-08-0923,applyguy,Rugged Robotics,Robotic Software Intern/Co-op (Spring or Summer 2027),Summer 2027,"Houston, TX",,https://job-boards.greenhouse.io/ruggedrobotics/jobs/4730908005
2026-10-08-1024,simplify,Koch Industries,Data Science Intern,Summer 2027,"Atlanta, GA",Other,https://koch.avature.net/en_US/careers/JobDetail/195341
2026-10-08-1024,simplify,Rugged Robotics,Robotics Software Intern Co-op,Spring 2027; Summer 2027,"Houston, TX",Other,https://job-boards.greenhouse.io/ruggedrobotics/jobs/4730908005
2026-10-08-1024,simplify,Gordon Food Service,Software Engineer Intern - Transportation Routing,,"Wyoming, MI",Other,https://gfs.wd5.myworkdayjobs.com/usjobs-gen-gfs/job/Wyoming-Michigan/Software-Engineer-Intern--Transportation-Routing--_R-58374
2026-10-08-1024,simplify,Cox,Data Scientist Co-op,,"Atlanta, GA",Other,https://cox.wd1.myworkdayjobs.com/Cox_External_Career_Site_1/job/Atlanta-GA/Data-Scientist-Co-op_R202683033
2026-10-08-1024,zshah,American Electric Power,"Data Scientist Intern - Columbus, OH",,"Columbus, OH",unknown,https://aep.wd1.myworkdayjobs.com/AEPCareerSite/job/Columbus-OH/Data-Scientist-Intern---Columbus--OH_R19884
2026-10-08-1024,zshah,Badger Meter,Software Engineering Intern,,US  - CA - Escondido Facility,unknown,https://badgermeter.wd5.myworkdayjobs.com/US_CareerSite/job/US----CA---Escondido-Facility/Software-Engineering-Intern_4645
2026-10-08-1024,zshah,Leidos,"Systems, Integration and Software Engineer Intern",,"Atlantic City, NJ",citizens-only,https://leidos.wd5.myworkdayjobs.com/External/job/Atlantic-City-NJ/Systems--Integration-and-Software-Engineer-Intern_R-00194152
2026-10-08-1024,jobright,IBM,Quantum Control Distributed Runtime Internship 2027,,"Yorktown Heights, New York, United States",,https://jobright.ai/jobs/info/6ab160d0d43eb922ca0be757?utm_campaign=1079&utm_source=git
2026-10-08-1124,jobright,DMR Technologies,Software Engineering Intern,,"Lafayette, LA, United States",,https://jobright.ai/jobs/info/6a501d0ffc327f422fef7e16?utm_campaign=1079&utm_source=git
2026-10-08-1323,applyguy,Badgermeter,Software Engineering Intern,,"Escondido Facility, CA",,https://badgermeter.wd5.myworkdayjobs.com/us_careersite/job/US----CA---Escondido-Facility/Software-Engineering-Intern_4645
2026-10-08-1423,jobright,General Dynamics,Software/Systems Engineering Intern (Summer 2027),,"Manassas, VA, United States",,https://jobright.ai/jobs/info/6ac7c672fcdafb60c6a45a1a?utm_campaign=1079&utm_source=git
2026-10-08-1423,jobright,Farm Credit Services of America,Application Developer - Intern,,"Omaha, Nebraska, United States",,https://jobright.ai/jobs/info/6a9fcd7968f82b403673dcd8?utm_campaign=1079&utm_source=git
2026-10-08-1423,applyguy,Gfs,Software Engineer Intern (Transportation Routing ),,"Wyoming, MI",,https://gfs.wd5.myworkdayjobs.com/usjobs-gen-gfs/job/Wyoming-Michigan/Software-Engineer-Intern--Transportation-Routing--_R-58374
2026-10-08-1423,applyguy,IMC,Machine Learning Engineer Intern - Summer 2027,Summer 2027,"New York City, NY",,https://job-boards.eu.greenhouse.io/imc/jobs/4962456101
2026-10-08-1423,applyguy,Replit,Software Engineering Intern – Winter 2027 (U.S. Based),Winter 2027,"Foster City, CA",,https://jobs.ashbyhq.com/replit/7c3c9d29-cec2-4367-8564-eadaed165aea
2026-10-08-1524,jobright,Rialty.AI,Software Engineering Intern,,United States,,https://jobright.ai/jobs/info/6ac7d9fa51a1b3e4219eefb0?utm_campaign=1079&utm_source=git
2026-10-08-1524,jobright,Northrop Grumman,2027 Software Engineer Intern – McClellan CA,,"McClellan, CA, United States",,https://jobright.ai/jobs/info/6ac7d92aa444ac5d36f86350?utm_campaign=1079&utm_source=git
2026-10-08-1524,jobright,General Dynamics Mission Systems,Software/Systems Engineering Intern (Summer 2027),,"Manassas, VA, United States",,https://jobright.ai/jobs/info/6ac7d4a2fe8f33a85d4fd7a0?utm_campaign=1079&utm_source=git
2026-10-08-1524,jobright,Barrett Solutions,Software Engineer Intern,,"Ann Arbor, MI, United States",,https://jobright.ai/jobs/info/6ac7ce67fe8f33a85d4fd418?utm_campaign=1079&utm_source=git
2026-10-08-1524,applyguy,Modmed,Software Engineering Intern,,"Boca Raton, FL",,https://modmed.wd501.myworkdayjobs.com/modmed12/job/Boca-Raton-FL/Software-Engineering-Intern_R5148
2026-10-08-1524,applyguy,Peraton,"Summer 2027 Software Development Intern- Topeka, KS",Summer 2027,"Topeka, KS",,https://careers-peraton.icims.com/jobs/172061/summer-2027-software-development-intern--topeka%2c-ks/job
2026-10-08-1924,simplify,Tesla,Software Integration Engineer Intern - Service Tooling,Winter 2027; Spring 2027,"Fremont, CA",Other,https://www.tesla.com/careers/search/job/286127
2026-10-08-1924,simplify,American Electric Power,Data Scientist Intern,,"Columbus, OH",Other,https://aep.wd1.myworkdayjobs.com/AEPCareerSite/job/Columbus-OH/Data-Scientist-Intern---Columbus--OH_R19884
2026-10-08-1924,simplify,Arizona State University,Student Web Developer and Content Specialist Intern,,"Tempe, AZ",Other,https://asuep.wd5.myworkdayjobs.com/ASUEP/job/Tempe-AZ/Student-Web-Developer---Content-Specialist_R1544
2026-10-08-1924,simplify,GuidePoint Security,AI & Data Science Intern - GPSU,,Remote in USA,Other,https://boards.greenhouse.io/guidepointsecurity/jobs/6218650004
2026-10-08-1924,simplify,Jones Lang LaSalle,AI Intern,Summer 2027,LA,Other,https://jll.wd1.myworkdayjobs.com/jllcareers/job/Los-Angeles-CA/AI-Intern-Summer-2027-Internship---Los-Angeles--CA_REQ539393
2026-10-08-1924,simplify,Walgreens,Data Science Intern,Summer 2027,"Deerfield, IL",Other,https://sjobs.brassring.com/TGnewUI/Search/home/HomeWithPreLoad?partnerid=26336&siteid=5014&PageType=JobDetails&jobid=1933902
2026-10-08-1924,simplify,Replit,Software Engineer Intern,Winter 2027,"Foster City, CA",Other,https://jobs.ashbyhq.com/replit/7c3c9d29-cec2-4367-8564-eadaed165aea/application?embed=true
2026-10-08-1924,simplify,Mach9,Perception Intern,Fall 2026,SF,Other,https://jobs.ashbyhq.com/mach9/6189f940-38ab-4235-80fb-1dda13966435/application?embed=true
2026-10-08-1924,simplify,Nissan Global,Manufacturing Digital Data Intern,Summer 2027,"Decherd, TN",Other,https://alliance.wd3.myworkdayjobs.com/en-US/nissanjobs/job/Decherd-Tennessee---United-States-of-America/Manufacturing-Digital-Data-Intern---Summer-2027---Decherd--TN_R00214881
2026-10-08-1924,simplify,Nissan Global,AI Agent Architect Intern,Summer 2027,"Farmington Hills, MI",Other,https://alliance.wd3.myworkdayjobs.com/en-US/nissanjobs/job/Farmington-Hills-Michigan---United-States-of-America/AI-Agent-Architect---Summer-2027---Farmington-Hills--MI_R00214218
2026-10-08-1924,simplify,Peraton,Software Development Intern,Summer 2027,"Topeka, KS",Other,https://careers-peraton.icims.com/jobs/172061/job?mobile=true&needsRedirect=false
2026-10-08-1924,simplify,RTX,AI Engineering Intern,Summer 2027,NYC,Other,https://globalhr.wd5.myworkdayjobs.com/rec_rtx_ext_gateway/job/US-NY-REMOTE/AI-Engineering-Intern--Summer-2027-_01880596
2026-10-08-1924,simplify,7-Eleven,AI Engineer Intern,Summer 2027,"Irving, TX",Other,https://my7elevenhr.wd12.myworkdayjobs.com/Careers/job/SSC-Irving-TX/AI-Engineer-Intern_R26_5974-1
2026-10-08-1924,simplify,General Dynamics Mission Systems,Software/Systems Engineering Intern,Summer 2027,"Middletown, RI",Other,https://careers-gdms.icims.com/jobs/75463/job?mobile=true&needsRedirect=false
2026-10-08-1924,simplify,General Motors,Autonomous Driving Software Engineer Intern,Summer 2027,"Sunnyvale, CA",Other,https://generalmotors.wd5.myworkdayjobs.com/Careers_GM/job/Sunnyvale-California-United-States-of-America/XMLNAME-2027-Summer-Intern---Autonomous-Driving-Software-Engineer--Bachelor-s---Master-s-_JR-202622064
2026-10-08-1924,simplify,Viget,Software Developer Intern,Summer 2027,"Boulder, CO",Other,https://jobs.lever.co/viget/b18cc87d-fca2-485a-a0f2-ad6197db63f2/apply
2026-10-08-1924,simplify,DocuSign,Software Engineer Intern - Observability - Platform,,"Seattle, WA",Other,https://careers.docusign.com/jobs/30510?icims=1
2026-10-08-1924,simplify,IMC Trading,Machine Learning Engineer Intern,Summer 2027,NYC,Other,https://job-boards.eu.greenhouse.io/imc/jobs/4962456101
2026-10-08-1924,zshah,Viget,Software Developer Intern (2027),Summer 2027,"Boulder, CO",no-sponsorship,https://jobs.lever.co/viget/b18cc87d-fca2-485a-a0f2-ad6197db63f2
2026-10-08-1924,zshah,IMC Trading,Machine Learning Engineer Intern - Summer 2027,Summer 2027,"New York, United States",unknown,https://job-boards.eu.greenhouse.io/imc/jobs/4962456101
2026-10-08-1924,zshah,Johnson & Johnson,"AI Excellence, Decision Enablement Intern",,"Spring House, Pennsylvania, United States of America",no-sponsorship,https://jj.wd5.myworkdayjobs.com/JJ/job/Spring-House-Pennsylvania-United-States-of-America/AI-Excellence--Decision-Enablement-Intern_R-102881
2026-10-08-1924,zshah,Jones Lang LaSalle (JLL),"AI Intern Summer 2027 Internship - Los Angeles, CA",Summer 2027,"Los Angeles, CA",no-sponsorship,https://jll.wd1.myworkdayjobs.com/jllcareers/job/Los-Angeles-CA/AI-Intern-Summer-2027-Internship---Los-Angeles--CA_REQ539393
2026-10-08-1924,zshah,Modernizing Medicine,Software Engineering Intern,Summer 2027,"Boca Raton, FL",unknown,https://modmed.wd501.myworkdayjobs.com/ModMed12/job/Boca-Raton-FL/Software-Engineering-Intern_R5148
2026-10-08-1924,zshah,Moog,"Intern, Computer Science",Summer 2027,"Torrance, CA",unknown,https://moog.wd5.myworkdayjobs.com/moog_external_career_site/job/Torrance-CA/Intern--Computer-Science_R-26-19819
2026-10-08-1924,zshah,Perpay,Super Day - Data Science Internship,,"Philadelphia, Pennsylvania, United States",unknown,https://job-boards.greenhouse.io/perpay/jobs/5260960007
2026-10-08-1924,zshah,Apple Bank,2027 Summer Intern- Information Security,Summer 2027,"New York, NY",no-sponsorship,https://applebank.wd5.myworkdayjobs.com/applebankcareers/job/New-York-NY/XMLNAME-2027-Summer-Intern--Information-Security_2026-1416
2026-10-08-1924,zshah,MEMX,"Information Security Intern, Summer 2027 (Hybrid, NYC)",Summer 2027,United States,unknown,https://job-boards.greenhouse.io/memx/jobs/5445236008
2026-10-08-1924,jobright,Impulse Space,Flight/Embedded Software Engineering Intern (Summer 2027),,"Redondo Beach, CA, United States",,https://jobright.ai/jobs/info/6aa3c5d64238ea18d430e19b?utm_campaign=1079&utm_source=git
2026-10-08-1924,jobright,Health Care Service Corporation,Early Careers - Sr Infrastructure Intern,,"Chicago, IL, United States",,https://jobright.ai/jobs/info/6ac6d7e68ff3fb9b3bc8f656?utm_campaign=1079&utm_source=git
2026-10-08-1924,jobright,Lockheed Martin,Software Engineer Intern - Summer 2027,,"Highlands Ranch, CO, United States",,https://jobright.ai/jobs/info/6ac7e18f51a1b3e4219ef2ae?utm_campaign=1079&utm_source=git
2026-10-08-1924,jobright,Great West Casualty Company,Intern / Systems Development (IT),,"South Sioux City, NE, United States",,https://jobright.ai/jobs/info/6ac80edea444ac5d36f876ee?utm_campaign=1079&utm_source=git
2026-10-08-1924,applyguy,Bah,"University, Applied AI Software Development Intern",,"McLean, VA",,https://bah.wd1.myworkdayjobs.com/bah_jobs/job/McLean-VA/University--Applied-AI-Software-Development-Intern_R0251314
2026-10-08-2024,applyguy,Replit,Software Engineering Intern – Winter 2027 ,Winter 2027,"Foster City, CA",,https://jobs.ashbyhq.com/replit/7c3c9d29-cec2-4367-8564-eadaed165aea
2026-10-08-2223,jobright,MOOD Content,Software Engineering Intern,,"North Chicago, IL, United States",,https://jobright.ai/jobs/info/6ac8437d44d6e65604a06bcb?utm_campaign=1079&utm_source=git
2026-10-08-2223,jobright,Alstom,Internship - ATC Software Job Details / Alstom,,"Pittsburgh, PA, United States",,https://jobright.ai/jobs/info/6ac83eb351a1b3e4219f0f08?utm_campaign=1079&utm_source=git
2026-10-08-2223,jobright,Lockheed Martin,Software Engineer-Intern,,"Littleton, CO, United States",,https://jobright.ai/jobs/info/6ac8344944d6e65604a06936?utm_campaign=1079&utm_source=git
2026-10-09-0125,jobright,Tesla,"Internship, Software Integration Engineer, Service Tooling (Winter/Spring 2027)",,"Fremont, CA, United States",,https://jobright.ai/jobs/info/6ac8564a51cd5485f88babbe?utm_campaign=1079&utm_source=git
2026-10-09-0724,simplify,Aptiv,Compiler Intern - Compiler Team,,"Walnut Creek, CA",Other,https://aptiv.wd5.myworkdayjobs.com/aptiv_careers/job/USA-Walnut-Creek-CA---WR/Intern---Compiler-Team_J000704385
2026-10-09-0724,simplify,Aptiv,Embedded Software Engineer Intern,,"Walnut Creek, CA",Other,https://aptiv.wd5.myworkdayjobs.com/aptiv_careers/job/USA-Walnut-Creek-CA---WR/Embedded-Software---Engineering-Intern_J000704386
2026-10-09-0724,simplify,Aptiv,Software Engineer Intern,,"Walnut Creek, CA",Other,https://aptiv.wd5.myworkdayjobs.com/aptiv_careers/job/USA-Walnut-Creek-CA---WR/Engineering-Intern_J000704388
2026-10-09-0724,simplify,Macy's,Data Systems Intern - Multiple Teams,Summer 2027,NYC,Other,https://ebwh.fa.us2.oraclecloud.com/hcmUI/CandidateExperience/en/sites/CX_1001/job/93388
2026-10-09-0724,zshah,Aptiv,Linux Software Development Intern,,USA Home Office - WR,unknown,https://aptiv.wd5.myworkdayjobs.com/aptiv_careers/job/USA-Home-Office---WR/Linux-Software-Development-Intern_J000704398
2026-10-09-0724,zshah,HP IQ,"Software Engineering Intern, Security Intern (Summer 2027)",Summer 2027,"San Francisco, CA",unknown,https://job-boards.greenhouse.io/hpiq/jobs/6116398004
2026-10-09-0724,jobright,Berkeley Industrial Engineering & Operations Research,"Software Engineer Intern - Software, AI, & Machine Learning at Space Dynamics Laboratory",,"Indiana, United States",,https://jobright.ai/jobs/info/6ac88e60fcdafb60c6a48cd2?utm_campaign=1079&utm_source=git
2026-10-09-0925,jobright,Booz Allen Hamilton,"University - 2027 Summer Games Software Developer Intern - San Diego, CA",,"San Diego, CA, United States",,https://jobright.ai/jobs/info/6ac8c2a1d4a5a0370740f385?utm_campaign=1079&utm_source=git
2026-10-09-0925,jobright,MOOD,Software Engineering Intern,,"North Chicago, IL, United States",,https://jobright.ai/jobs/info/6ac8437d44d6e65604a06bcb?utm_campaign=1079&utm_source=git
2026-10-09-0925,applyguy,Tenstorrent University Jobs,"AI Software Intern - Cloud, Infrastructure & Data Centre Deployment (USA)",,"Austin, TX",,https://job-boards.greenhouse.io/tenstorrentuniversity/jobs/5256686007
2026-10-09-0925,applyguy,Tenstorrent University Jobs,AI Software Intern (USA),,"Austin, TX",,https://job-boards.greenhouse.io/tenstorrentuniversity/jobs/5258901007
